INFO 2025-09-21 15:29:36,631 autoreload C:\Users\arold\OneDrive\Desktop\Projets\projetsDjango\studentManager\studentManager\studentManagerApp\views.py changed, reloading.
INFO 2025-09-21 15:29:37,267 autoreload Watching for file changes with StatReloader
INFO 2025-09-21 15:29:46,109 basehttp "GET /home-page/etudiant/1 HTTP/1.1" 200 596
INFO 2025-09-21 15:29:50,006 basehttp "GET / HTTP/1.1" 200 955
INFO 2025-09-21 15:29:57,331 views Connexion rï¿½ussie de l'utilisateur Djeufack Kafack (etudiant).
INFO 2025-09-21 15:29:57,333 basehttp "POST / HTTP/1.1" 302 0
INFO 2025-09-21 15:29:57,352 basehttp "GET /home-page/etudiant/1 HTTP/1.1" 200 596
INFO 2025-09-23 13:05:41,338 autoreload Watching for file changes with StatReloader
INFO 2025-09-23 13:05:48,846 basehttp "GET / HTTP/1.1" 200 955
WARNING 2025-09-23 13:05:49,041 log Not Found: /favicon.ico
WARNING 2025-09-23 13:05:49,042 basehttp "GET /favicon.ico HTTP/1.1" 404 3387
INFO 2025-09-23 13:05:59,624 views Connexion rï¿½ussie de l'utilisateur Djeufack Kafack (administrateur).
INFO 2025-09-23 13:05:59,633 basehttp "POST / HTTP/1.1" 302 0
INFO 2025-09-23 13:05:59,667 basehttp "GET /home-page/administrateur/1 HTTP/1.1" 200 689
INFO 2025-09-23 13:06:34,965 basehttp "GET /edit-page/administrateur/1 HTTP/1.1" 200 58217
INFO 2025-09-23 13:06:35,027 basehttp "GET /static/studentManagerApp/JS/edit-page.js HTTP/1.1" 304 0
INFO 2025-09-23 13:07:03,898 basehttp "GET / HTTP/1.1" 200 955
INFO 2025-09-23 13:07:38,980 views Connexion rï¿½ussie de l'utilisateur Tambou (enseignant).
INFO 2025-09-23 13:07:38,981 basehttp "POST / HTTP/1.1" 302 0
INFO 2025-09-23 13:07:39,000 basehttp "GET /home-page/enseignant/7 HTTP/1.1" 200 664
INFO 2025-09-23 13:08:09,361 basehttp "GET /admin/login/?next=/admin/ HTTP/1.1" 200 4173
INFO 2025-09-23 13:08:10,020 basehttp "GET /static/admin/js/theme.js HTTP/1.1" 200 1653
INFO 2025-09-23 13:08:10,050 basehttp "GET /static/admin/css/dark_mode.css HTTP/1.1" 200 2808
INFO 2025-09-23 13:08:10,074 basehttp "GET /static/admin/css/login.css HTTP/1.1" 200 951
INFO 2025-09-23 13:08:10,082 basehttp "GET /static/admin/css/base.css HTTP/1.1" 200 22120
INFO 2025-09-23 13:08:10,090 basehttp "GET /static/admin/css/nav_sidebar.css HTTP/1.1" 200 2810
INFO 2025-09-23 13:08:10,094 basehttp "GET /static/admin/css/responsive.css HTTP/1.1" 200 16565
INFO 2025-09-23 13:08:10,098 basehttp "GET /static/admin/js/nav_sidebar.js HTTP/1.1" 200 3063
INFO 2025-09-23 13:08:18,700 basehttp "POST /admin/login/?next=/admin/ HTTP/1.1" 302 0
INFO 2025-09-23 13:08:18,755 basehttp "GET /admin/ HTTP/1.1" 200 14412
INFO 2025-09-23 13:08:18,825 basehttp "GET /static/admin/css/dashboard.css HTTP/1.1" 200 441
INFO 2025-09-23 13:08:18,860 basehttp "GET /static/admin/img/icon-addlink.svg HTTP/1.1" 200 331
INFO 2025-09-23 13:08:18,864 basehttp "GET /static/admin/img/icon-changelink.svg HTTP/1.1" 200 380
INFO 2025-09-23 13:08:18,864 basehttp "GET /static/admin/img/icon-deletelink.svg HTTP/1.1" 200 392
INFO 2025-09-23 13:09:03,904 basehttp "GET /admin/studentManagerApp/enseignant/ HTTP/1.1" 200 14134
INFO 2025-09-23 13:09:03,993 basehttp "GET /static/admin/css/changelists.css HTTP/1.1" 200 6878
INFO 2025-09-23 13:09:04,003 basehttp "GET /static/admin/js/jquery.init.js HTTP/1.1" 200 347
INFO 2025-09-23 13:09:04,004 basehttp "GET /static/admin/js/core.js HTTP/1.1" 200 6208
INFO 2025-09-23 13:09:04,006 basehttp "GET /static/admin/js/admin/RelatedObjectLookups.js HTTP/1.1" 200 9777
INFO 2025-09-23 13:09:04,007 basehttp "GET /static/admin/js/actions.js HTTP/1.1" 200 8076
INFO 2025-09-23 13:09:04,017 basehttp "GET /static/admin/js/urlify.js HTTP/1.1" 200 7887
INFO 2025-09-23 13:09:04,018 basehttp "GET /admin/jsi18n/ HTTP/1.1" 200 3342
INFO 2025-09-23 13:09:04,019 basehttp "GET /static/admin/js/prepopulate.js HTTP/1.1" 200 1531
INFO 2025-09-23 13:09:04,027 basehttp "GET /static/admin/js/vendor/jquery/jquery.js HTTP/1.1" 200 285314
INFO 2025-09-23 13:09:04,033 basehttp "GET /static/admin/js/vendor/xregexp/xregexp.js HTTP/1.1" 200 325171
INFO 2025-09-23 13:09:04,069 basehttp "GET /static/admin/js/filters.js HTTP/1.1" 200 978
INFO 2025-09-23 13:09:04,088 basehttp "GET /static/admin/img/tooltag-add.svg HTTP/1.1" 200 331
INFO 2025-09-23 13:09:08,022 basehttp "GET /admin/studentManagerApp/enseignant/9/change/ HTTP/1.1" 200 13777
INFO 2025-09-23 13:09:08,089 basehttp "GET /static/admin/css/forms.css HTTP/1.1" 200 8525
INFO 2025-09-23 13:09:08,094 basehttp "GET /static/admin/js/prepopulate_init.js HTTP/1.1" 200 586
INFO 2025-09-23 13:09:08,098 basehttp "GET /admin/jsi18n/ HTTP/1.1" 200 3342
INFO 2025-09-23 13:09:08,113 basehttp "GET /static/admin/js/change_form.js HTTP/1.1" 200 606
INFO 2025-09-23 13:09:08,114 basehttp "GET /static/admin/css/widgets.css HTTP/1.1" 200 11991
INFO 2025-09-23 13:09:11,424 basehttp "GET /admin/studentManagerApp/enseignant/ HTTP/1.1" 200 14134
INFO 2025-09-23 13:09:14,980 basehttp "GET /admin/studentManagerApp/matiere/ HTTP/1.1" 200 17875
INFO 2025-09-23 13:09:15,051 basehttp "GET /admin/jsi18n/ HTTP/1.1" 200 3342
INFO 2025-09-23 13:09:15,075 basehttp "GET /static/admin/img/icon-viewlink.svg HTTP/1.1" 200 581
INFO 2025-09-23 13:09:15,075 basehttp "GET /static/admin/img/sorting-icons.svg HTTP/1.1" 200 1097
INFO 2025-09-23 13:09:29,760 basehttp "GET /admin/studentManagerApp/etudiant/ HTTP/1.1" 200 16609
INFO 2025-09-23 13:09:29,833 basehttp "GET /admin/jsi18n/ HTTP/1.1" 200 3342
INFO 2025-09-23 13:09:31,020 basehttp "GET /admin/studentManagerApp/enseignant/ HTTP/1.1" 200 14134
INFO 2025-09-23 13:09:31,077 basehttp "GET /admin/jsi18n/ HTTP/1.1" 200 3342
INFO 2025-09-23 13:09:43,816 basehttp "GET /admin/studentManagerApp/enseignant/add/ HTTP/1.1" 200 13506
INFO 2025-09-23 13:09:43,896 basehttp "GET /admin/jsi18n/ HTTP/1.1" 200 3342
INFO 2025-09-23 13:09:59,166 basehttp "POST /admin/studentManagerApp/enseignant/add/ HTTP/1.1" 302 0
INFO 2025-09-23 13:09:59,201 basehttp "GET /admin/studentManagerApp/enseignant/ HTTP/1.1" 200 14639
INFO 2025-09-23 13:09:59,255 basehttp "GET /admin/jsi18n/ HTTP/1.1" 200 3342
INFO 2025-09-23 13:09:59,280 basehttp "GET /static/admin/img/icon-yes.svg HTTP/1.1" 200 436
INFO 2025-09-23 13:10:08,923 basehttp "GET /edit-page/enseignant/7 HTTP/1.1" 200 18397
INFO 2025-09-23 13:10:10,389 basehttp "GET /home-page/enseignant/7 HTTP/1.1" 200 664
INFO 2025-09-23 13:10:11,332 basehttp "GET / HTTP/1.1" 200 955
INFO 2025-09-23 13:10:27,535 views Connexion rï¿½ussie de l'utilisateur Wandji (enseignant).
INFO 2025-09-23 13:10:27,536 basehttp "POST / HTTP/1.1" 302 0
INFO 2025-09-23 13:10:27,554 basehttp "GET /home-page/enseignant/11 HTTP/1.1" 200 667
INFO 2025-09-23 13:10:30,339 basehttp "GET /edit-page/enseignant/11 HTTP/1.1" 200 1297
INFO 2025-09-23 13:20:45,013 autoreload Watching for file changes with StatReloader
INFO 2025-09-23 13:20:50,279 basehttp "GET /edit-page/enseignant/11 HTTP/1.1" 200 907
INFO 2025-09-23 13:20:59,970 basehttp "GET /home-page/enseignant/11 HTTP/1.1" 200 667
INFO 2025-09-23 13:21:00,975 basehttp "GET /edit-page/enseignant/11 HTTP/1.1" 200 907
INFO 2025-09-23 13:21:04,284 basehttp "GET / HTTP/1.1" 200 955
INFO 2025-09-23 13:21:18,749 views Connexion rï¿½ussie de l'utilisateur Tambou (enseignant).
INFO 2025-09-23 13:21:18,750 basehttp "POST / HTTP/1.1" 302 0
INFO 2025-09-23 13:21:18,774 basehttp "GET /home-page/enseignant/7 HTTP/1.1" 200 664
INFO 2025-09-23 13:21:20,257 basehttp "GET /edit-page/enseignant/7 HTTP/1.1" 200 18445
INFO 2025-09-23 13:21:39,447 basehttp "GET /admin/studentManagerApp/note/ HTTP/1.1" 200 57969
INFO 2025-09-23 13:21:39,535 basehttp "GET /admin/jsi18n/ HTTP/1.1" 200 3342
INFO 2025-09-23 13:21:53,208 basehttp "GET /admin/studentManagerApp/note/?evaluation_id__evaluation_id__exact=12 HTTP/1.1" 200 21426
INFO 2025-09-23 13:21:53,285 basehttp "GET /admin/jsi18n/ HTTP/1.1" 200 3342
INFO 2025-09-23 13:22:05,235 basehttp "POST /enregistrer-notes/ HTTP/1.1" 200 55
INFO 2025-09-23 13:22:10,593 basehttp "GET /admin/studentManagerApp/note/142/change/?_changelist_filters=evaluation_id__evaluation_id__exact%3D12 HTTP/1.1" 200 17546
INFO 2025-09-23 13:22:10,666 basehttp "GET /admin/jsi18n/ HTTP/1.1" 200 3342
INFO 2025-09-23 13:22:14,213 basehttp "GET /admin/ HTTP/1.1" 200 14432
INFO 2025-09-23 13:25:47,609 autoreload Watching for file changes with StatReloader
INFO 2025-09-23 13:25:53,857 basehttp "GET /edit-page/enseignant/7 HTTP/1.1" 200 18407
INFO 2025-09-23 13:26:06,320 basehttp "GET / HTTP/1.1" 200 955
INFO 2025-09-23 13:26:13,877 views Connexion rï¿½ussie de l'utilisateur Djeufack Kafack (etudiant).
INFO 2025-09-23 13:26:13,878 basehttp "POST / HTTP/1.1" 302 0
INFO 2025-09-23 13:26:13,917 basehttp "GET /home-page/etudiant/1 HTTP/1.1" 200 596
INFO 2025-09-23 13:26:15,409 basehttp "GET /tableau-notes/etudiant/1 HTTP/1.1" 200 5249
INFO 2025-09-23 13:26:17,454 basehttp "GET /home-page/etudiant/1 HTTP/1.1" 200 596
INFO 2025-09-23 13:26:28,152 basehttp "GET / HTTP/1.1" 200 955
INFO 2025-09-23 13:26:36,397 views Connexion rï¿½ussie de l'utilisateur Djeufack Kafack (administrateur).
INFO 2025-09-23 13:26:36,398 basehttp "POST / HTTP/1.1" 302 0
INFO 2025-09-23 13:26:36,421 basehttp "GET /home-page/administrateur/1 HTTP/1.1" 200 689
INFO 2025-09-23 13:26:41,001 basehttp "GET /edit-page/administrateur/1 HTTP/1.1" 200 58227
INFO 2025-09-28 16:34:19,978 autoreload Watching for file changes with StatReloader
INFO 2025-09-28 16:34:25,932 basehttp "GET / HTTP/1.1" 200 955
WARNING 2025-09-28 16:34:26,205 log Not Found: /favicon.ico
WARNING 2025-09-28 16:34:26,207 basehttp "GET /favicon.ico HTTP/1.1" 404 3387
INFO 2025-09-28 16:34:41,737 views Connexion rï¿½ussie de l'utilisateur Tambou (enseignant).
INFO 2025-09-28 16:34:41,746 basehttp "POST / HTTP/1.1" 302 0
INFO 2025-09-28 16:34:41,777 basehttp "GET /home-page/enseignant/7 HTTP/1.1" 200 664
INFO 2025-09-28 16:35:08,467 basehttp "GET /edit-page/enseignant/7 HTTP/1.1" 200 18416
INFO 2025-09-28 16:35:08,525 basehttp "GET /static/studentManagerApp/JS/edit-page.js HTTP/1.1" 304 0
INFO 2025-09-28 16:43:08,092 autoreload Watching for file changes with StatReloader
INFO 2025-09-28 16:43:11,667 basehttp "GET / HTTP/1.1" 200 955
INFO 2025-09-28 16:43:33,539 views Connexion rï¿½ussie de l'utilisateur Tambou (enseignant).
INFO 2025-09-28 16:43:33,549 basehttp "POST / HTTP/1.1" 302 0
INFO 2025-09-28 16:43:33,590 basehttp "GET /home-page/enseignant/7 HTTP/1.1" 200 664
INFO 2025-09-28 16:43:38,392 basehttp "GET /edit-page/enseignant/7 HTTP/1.1" 200 18420
INFO 2025-09-28 16:43:48,663 basehttp "GET / HTTP/1.1" 200 955
INFO 2025-09-28 16:44:03,715 views Connexion rï¿½ussie de l'utilisateur Djeufack Kafack (administrateur).
INFO 2025-09-28 16:44:03,716 basehttp "POST / HTTP/1.1" 302 0
INFO 2025-09-28 16:44:03,736 basehttp "GET /home-page/administrateur/1 HTTP/1.1" 200 689
INFO 2025-09-28 16:44:05,325 basehttp "GET /edit-page/administrateur/1 HTTP/1.1" 200 58239
INFO 2025-09-28 16:44:16,746 basehttp "GET / HTTP/1.1" 200 955
INFO 2025-10-05 08:05:58,907 autoreload Watching for file changes with StatReloader
INFO 2025-10-05 17:25:04,303 autoreload Watching for file changes with StatReloader
INFO 2025-10-05 17:25:09,047 basehttp "GET / HTTP/1.1" 200 955
WARNING 2025-10-05 17:25:09,236 log Not Found: /favicon.ico
WARNING 2025-10-05 17:25:09,237 basehttp "GET /favicon.ico HTTP/1.1" 404 3553
INFO 2025-10-05 17:25:25,553 views Connexion rï¿½ussie de l'utilisateur Djeufack Kafack (administrateur).
INFO 2025-10-05 17:25:25,554 basehttp "POST / HTTP/1.1" 302 0
INFO 2025-10-05 17:25:25,590 basehttp "GET /home-page/administrateur/1 HTTP/1.1" 200 696
INFO 2025-10-05 17:25:40,081 basehttp "GET /admin/login/?next=/admin/ HTTP/1.1" 200 4173
INFO 2025-10-05 17:25:40,643 basehttp "GET /static/admin/css/base.css HTTP/1.1" 200 22120
INFO 2025-10-05 17:25:40,656 basehttp "GET /static/admin/css/dark_mode.css HTTP/1.1" 200 2808
INFO 2025-10-05 17:25:40,667 basehttp "GET /static/admin/js/theme.js HTTP/1.1" 200 1653
INFO 2025-10-05 17:25:40,677 basehttp "GET /static/admin/css/responsive.css HTTP/1.1" 200 16565
INFO 2025-10-05 17:25:40,679 basehttp "GET /static/admin/css/login.css HTTP/1.1" 200 951
INFO 2025-10-05 17:25:40,685 basehttp "GET /static/admin/css/nav_sidebar.css HTTP/1.1" 200 2810
INFO 2025-10-05 17:25:40,689 basehttp "GET /static/admin/js/nav_sidebar.js HTTP/1.1" 200 3063
INFO 2025-10-05 17:25:44,242 basehttp "POST /admin/login/?next=/admin/ HTTP/1.1" 200 4340
INFO 2025-10-05 17:25:55,163 basehttp "POST /admin/login/?next=/admin/ HTTP/1.1" 302 0
INFO 2025-10-05 17:25:55,225 basehttp "GET /admin/ HTTP/1.1" 200 15184
INFO 2025-10-05 17:25:55,291 basehttp "GET /static/admin/css/dashboard.css HTTP/1.1" 200 441
INFO 2025-10-05 17:25:55,298 basehttp "GET /static/admin/img/icon-addlink.svg HTTP/1.1" 200 331
INFO 2025-10-05 17:25:55,300 basehttp "GET /static/admin/img/icon-changelink.svg HTTP/1.1" 200 380
INFO 2025-10-05 17:25:55,301 basehttp "GET /static/admin/img/icon-deletelink.svg HTTP/1.1" 200 392
INFO 2025-10-05 17:25:57,966 basehttp "GET /admin/studentManagerApp/sessionutilisateur/ HTTP/1.1" 200 12809
INFO 2025-10-05 17:25:58,048 basehttp "GET /static/admin/css/changelists.css HTTP/1.1" 200 6878
INFO 2025-10-05 17:25:58,074 basehttp "GET /static/admin/js/jquery.init.js HTTP/1.1" 200 347
INFO 2025-10-05 17:25:58,085 basehttp "GET /static/admin/js/core.js HTTP/1.1" 200 6208
INFO 2025-10-05 17:25:58,090 basehttp "GET /static/admin/js/actions.js HTTP/1.1" 200 8076
INFO 2025-10-05 17:25:58,091 basehttp "GET /static/admin/js/admin/RelatedObjectLookups.js HTTP/1.1" 200 9777
INFO 2025-10-05 17:25:58,097 basehttp "GET /static/admin/js/urlify.js HTTP/1.1" 200 7887
INFO 2025-10-05 17:25:58,103 basehttp "GET /static/admin/js/prepopulate.js HTTP/1.1" 200 1531
INFO 2025-10-05 17:25:58,110 basehttp "GET /admin/jsi18n/ HTTP/1.1" 200 3342
INFO 2025-10-05 17:25:58,113 basehttp "GET /static/admin/js/vendor/jquery/jquery.js HTTP/1.1" 200 285314
INFO 2025-10-05 17:25:58,120 basehttp "GET /static/admin/js/vendor/xregexp/xregexp.js HTTP/1.1" 200 325171
INFO 2025-10-05 17:25:58,141 basehttp "GET /static/admin/js/filters.js HTTP/1.1" 200 978
INFO 2025-10-05 17:25:58,186 basehttp "GET /static/admin/img/tooltag-add.svg HTTP/1.1" 200 331
INFO 2025-10-05 17:26:02,145 basehttp "GET /admin/studentManagerApp/sessionutilisateur/1/change/ HTTP/1.1" 200 16493
INFO 2025-10-05 17:26:02,215 basehttp "GET /static/admin/css/forms.css HTTP/1.1" 200 8525
INFO 2025-10-05 17:26:02,225 basehttp "GET /static/admin/js/prepopulate_init.js HTTP/1.1" 200 586
INFO 2025-10-05 17:26:02,226 basehttp "GET /static/admin/js/calendar.js HTTP/1.1" 200 9141
INFO 2025-10-05 17:26:02,227 basehttp "GET /static/admin/js/admin/DateTimeShortcuts.js HTTP/1.1" 200 19319
INFO 2025-10-05 17:26:02,234 basehttp "GET /static/admin/css/widgets.css HTTP/1.1" 200 11991
INFO 2025-10-05 17:26:02,236 basehttp "GET /admin/jsi18n/ HTTP/1.1" 200 3342
INFO 2025-10-05 17:26:02,248 basehttp "GET /static/admin/js/change_form.js HTTP/1.1" 200 606
INFO 2025-10-05 17:26:02,327 basehttp "GET /static/admin/img/icon-calendar.svg HTTP/1.1" 200 1086
INFO 2025-10-05 17:26:02,336 basehttp "GET /static/admin/img/icon-clock.svg HTTP/1.1" 200 677
INFO 2025-10-05 17:26:56,863 basehttp "GET / HTTP/1.1" 200 955
INFO 2025-10-05 17:27:20,130 basehttp "GET /admin/studentManagerApp/sessionutilisateur/1/change/ HTTP/1.1" 200 16493
INFO 2025-10-05 17:27:20,223 basehttp "GET /admin/jsi18n/ HTTP/1.1" 200 3342
INFO 2025-10-05 17:27:28,687 basehttp "GET /log-out HTTP/1.1" 302 0
INFO 2025-10-05 17:27:28,702 basehttp "GET / HTTP/1.1" 200 955
INFO 2025-10-05 17:27:32,512 basehttp "GET /admin/studentManagerApp/sessionutilisateur/1/change/ HTTP/1.1" 302 0
INFO 2025-10-05 17:27:32,544 basehttp "GET /admin/ HTTP/1.1" 200 15366
INFO 2025-10-05 17:27:32,622 basehttp "GET /static/admin/img/icon-alert.svg HTTP/1.1" 200 504
INFO 2025-10-05 17:27:35,719 basehttp "GET /admin/studentManagerApp/sessionutilisateur/ HTTP/1.1" 200 11439
INFO 2025-10-05 17:27:35,798 basehttp "GET /admin/jsi18n/ HTTP/1.1" 200 3342
INFO 2025-10-05 17:27:56,949 basehttp "POST / HTTP/1.1" 302 0
INFO 2025-10-05 17:27:56,966 basehttp "GET / HTTP/1.1" 200 1072
INFO 2025-10-05 17:28:06,592 views Connexion rï¿½ussie de l'utilisateur Djeufack Kafack (etudiant).
INFO 2025-10-05 17:28:06,593 basehttp "POST / HTTP/1.1" 302 0
INFO 2025-10-05 17:28:06,623 basehttp "GET /home-page/etudiant/1 HTTP/1.1" 200 603
INFO 2025-10-05 17:28:11,074 basehttp "GET /admin/studentManagerApp/sessionutilisateur/ HTTP/1.1" 200 12809
INFO 2025-10-05 17:28:11,141 basehttp "GET /admin/jsi18n/ HTTP/1.1" 200 3342
INFO 2025-10-05 17:28:15,706 basehttp "GET /admin/studentManagerApp/sessionutilisateur/2/change/ HTTP/1.1" 200 16493
INFO 2025-10-05 17:28:15,777 basehttp "GET /admin/jsi18n/ HTTP/1.1" 200 3342
INFO 2025-10-05 17:29:19,486 basehttp "GET /log-out HTTP/1.1" 302 0
INFO 2025-10-05 17:29:19,501 basehttp "GET / HTTP/1.1" 200 955
INFO 2025-10-05 17:29:23,267 basehttp "GET /admin/studentManagerApp/sessionutilisateur/2/change/ HTTP/1.1" 302 0
INFO 2025-10-05 17:29:23,296 basehttp "GET /admin/ HTTP/1.1" 200 15366
INFO 2025-10-05 21:01:48,774 autoreload Watching for file changes with StatReloader
INFO 2025-10-05 21:01:54,202 basehttp "GET / HTTP/1.1" 200 955
INFO 2025-10-05 21:02:22,312 autoreload C:\Users\arold\OneDrive\Desktop\Projets\projetsDjango\studentManager\studentManager\studentManagerApp\middleware.py changed, reloading.
INFO 2025-10-05 21:02:22,962 autoreload Watching for file changes with StatReloader
INFO 2025-10-05 21:02:24,452 autoreload C:\Users\arold\OneDrive\Desktop\Projets\projetsDjango\studentManager\studentManager\studentManagerApp\middleware.py changed, reloading.
INFO 2025-10-05 21:02:25,036 autoreload Watching for file changes with StatReloader
INFO 2025-10-05 21:02:28,594 autoreload C:\Users\arold\OneDrive\Desktop\Projets\projetsDjango\studentManager\studentManager\studentManagerApp\middleware.py changed, reloading.
INFO 2025-10-05 21:02:29,144 autoreload Watching for file changes with StatReloader
INFO 2025-10-05 21:02:33,733 autoreload C:\Users\arold\OneDrive\Desktop\Projets\projetsDjango\studentManager\studentManager\studentManagerApp\middleware.py changed, reloading.
INFO 2025-10-05 21:02:34,359 autoreload Watching for file changes with StatReloader
INFO 2025-10-05 21:02:39,210 basehttp "GET / HTTP/1.1" 200 955
INFO 2025-10-05 21:03:17,679 views Connexion rï¿½ussie de l'utilisateur Djeufack Kafack (administrateur).
INFO 2025-10-05 21:03:17,680 basehttp "POST / HTTP/1.1" 302 0
INFO 2025-10-05 21:03:17,712 basehttp "GET /home-page/administrateur/1 HTTP/1.1" 200 696
INFO 2025-10-05 21:03:23,362 basehttp "GET /admin/studentManagerApp/sessionutilisateur/ HTTP/1.1" 200 12809
INFO 2025-10-05 21:03:23,466 basehttp "GET /admin/jsi18n/ HTTP/1.1" 200 3342
INFO 2025-10-05 21:03:25,715 basehttp "GET /admin/studentManagerApp/sessionutilisateur/3/change/ HTTP/1.1" 200 16493
INFO 2025-10-05 21:03:25,795 basehttp "GET /admin/jsi18n/ HTTP/1.1" 200 3342
INFO 2025-10-05 21:04:37,857 basehttp "GET / HTTP/1.1" 200 955
INFO 2025-10-05 21:06:35,809 autoreload C:\Users\arold\OneDrive\Desktop\Projets\projetsDjango\studentManager\studentManager\studentManagerApp\middleware.py changed, reloading.
INFO 2025-10-05 21:06:36,520 autoreload Watching for file changes with StatReloader
INFO 2025-10-05 21:06:37,942 autoreload C:\Users\arold\OneDrive\Desktop\Projets\projetsDjango\studentManager\studentManager\studentManagerApp\middleware.py changed, reloading.
INFO 2025-10-05 21:06:38,626 autoreload Watching for file changes with StatReloader
INFO 2025-10-05 21:06:40,070 autoreload C:\Users\arold\OneDrive\Desktop\Projets\projetsDjango\studentManager\studentManager\studentManagerApp\middleware.py changed, reloading.
INFO 2025-10-05 21:06:40,766 autoreload Watching for file changes with StatReloader
INFO 2025-10-05 21:06:42,440 autoreload C:\Users\arold\OneDrive\Desktop\Projets\projetsDjango\studentManager\studentManager\studentManagerApp\middleware.py changed, reloading.
INFO 2025-10-05 21:06:43,070 autoreload Watching for file changes with StatReloader
INFO 2025-10-05 21:06:44,468 autoreload C:\Users\arold\OneDrive\Desktop\Projets\projetsDjango\studentManager\studentManager\studentManagerApp\middleware.py changed, reloading.
INFO 2025-10-05 21:06:45,032 autoreload Watching for file changes with StatReloader
INFO 2025-10-05 21:06:51,968 basehttp "GET / HTTP/1.1" 200 955
INFO 2025-10-05 21:07:54,281 autoreload C:\Users\arold\OneDrive\Desktop\Projets\projetsDjango\studentManager\studentManager\studentManagerApp\middleware.py changed, reloading.
INFO 2025-10-05 21:07:54,954 autoreload Watching for file changes with StatReloader
INFO 2025-10-05 21:07:56,447 autoreload C:\Users\arold\OneDrive\Desktop\Projets\projetsDjango\studentManager\studentManager\studentManagerApp\middleware.py changed, reloading.
INFO 2025-10-05 21:07:57,037 autoreload Watching for file changes with StatReloader
INFO 2025-10-05 21:08:01,328 autoreload C:\Users\arold\OneDrive\Desktop\Projets\projetsDjango\studentManager\studentManager\studentManagerApp\middleware.py changed, reloading.
INFO 2025-10-05 21:08:01,978 autoreload Watching for file changes with StatReloader
INFO 2025-10-05 21:08:06,588 basehttp "GET / HTTP/1.1" 200 955
INFO 2025-10-05 21:08:33,693 autoreload C:\Users\arold\OneDrive\Desktop\Projets\projetsDjango\studentManager\studentManager\studentManagerApp\middleware.py changed, reloading.
INFO 2025-10-05 21:08:34,368 autoreload Watching for file changes with StatReloader
INFO 2025-10-05 21:08:41,025 autoreload C:\Users\arold\OneDrive\Desktop\Projets\projetsDjango\studentManager\studentManager\studentManagerApp\middleware.py changed, reloading.
INFO 2025-10-05 21:08:41,704 autoreload Watching for file changes with StatReloader
INFO 2025-10-05 21:08:44,287 autoreload C:\Users\arold\OneDrive\Desktop\Projets\projetsDjango\studentManager\studentManager\studentManagerApp\middleware.py changed, reloading.
INFO 2025-10-05 21:08:44,881 autoreload Watching for file changes with StatReloader
INFO 2025-10-05 21:08:48,797 basehttp "GET / HTTP/1.1" 200 955
INFO 2025-10-05 21:09:14,040 autoreload C:\Users\arold\OneDrive\Desktop\Projets\projetsDjango\studentManager\studentManager\studentManagerApp\middleware.py changed, reloading.
INFO 2025-10-05 21:09:14,749 autoreload Watching for file changes with StatReloader
INFO 2025-10-05 21:09:17,264 autoreload C:\Users\arold\OneDrive\Desktop\Projets\projetsDjango\studentManager\studentManager\studentManagerApp\middleware.py changed, reloading.
INFO 2025-10-05 21:09:18,025 autoreload Watching for file changes with StatReloader
INFO 2025-10-05 21:09:22,699 basehttp "GET / HTTP/1.1" 200 955
INFO 2025-10-05 21:10:12,905 autoreload C:\Users\arold\OneDrive\Desktop\Projets\projetsDjango\studentManager\studentManager\studentManagerApp\middleware.py changed, reloading.
INFO 2025-10-05 21:10:13,612 autoreload Watching for file changes with StatReloader
INFO 2025-10-05 21:10:16,132 autoreload C:\Users\arold\OneDrive\Desktop\Projets\projetsDjango\studentManager\studentManager\studentManagerApp\middleware.py changed, reloading.
INFO 2025-10-05 21:10:16,825 autoreload Watching for file changes with StatReloader
INFO 2025-10-05 21:10:20,424 basehttp "GET / HTTP/1.1" 200 955
INFO 2025-10-05 21:10:44,376 autoreload C:\Users\arold\OneDrive\Desktop\Projets\projetsDjango\studentManager\studentManager\studentManagerApp\middleware.py changed, reloading.
INFO 2025-10-05 21:10:45,066 autoreload Watching for file changes with StatReloader
ERROR 2025-10-05 21:10:48,175 log Internal Server Error: /
Traceback (most recent call last):
  File "C:\Users\arold\OneDrive\Desktop\Projets\projetsDjango\studentManager\.venv\Lib\site-packages\django\core\handlers\exception.py", line 55, in inner
    response = get_response(request)
  File "C:\Users\arold\OneDrive\Desktop\Projets\projetsDjango\studentManager\studentManager\studentManagerApp\middleware.py", line 17, in __call__
    print(request.nom)
          ^^^^^^^^^^^
AttributeError: 'WSGIRequest' object has no attribute 'nom'
ERROR 2025-10-05 21:10:48,178 basehttp "GET / HTTP/1.1" 500 65166
INFO 2025-10-05 21:11:05,224 autoreload C:\Users\arold\OneDrive\Desktop\Projets\projetsDjango\studentManager\studentManager\studentManagerApp\middleware.py changed, reloading.
INFO 2025-10-05 21:11:05,913 autoreload Watching for file changes with StatReloader
INFO 2025-10-05 21:11:11,639 autoreload C:\Users\arold\OneDrive\Desktop\Projets\projetsDjango\studentManager\studentManager\studentManagerApp\middleware.py changed, reloading.
INFO 2025-10-05 21:11:12,173 autoreload Watching for file changes with StatReloader
INFO 2025-10-05 21:11:37,209 basehttp "GET / HTTP/1.1" 200 955
INFO 2025-10-05 21:12:19,208 basehttp "GET /admin/studentManagerApp/sessionutilisateur/ HTTP/1.1" 200 12809
INFO 2025-10-05 21:12:19,303 basehttp "GET /admin/jsi18n/ HTTP/1.1" 200 3342
INFO 2025-10-05 21:12:21,769 basehttp "GET /admin/studentManagerApp/sessionutilisateur/3/change/ HTTP/1.1" 200 16493
INFO 2025-10-05 21:12:21,855 basehttp "GET /admin/jsi18n/ HTTP/1.1" 200 3342
INFO 2025-10-05 21:14:40,557 autoreload C:\Users\arold\OneDrive\Desktop\Projets\projetsDjango\studentManager\studentManager\studentManagerApp\views.py changed, reloading.
INFO 2025-10-05 21:14:41,230 autoreload Watching for file changes with StatReloader
INFO 2025-10-05 21:14:42,755 autoreload C:\Users\arold\OneDrive\Desktop\Projets\projetsDjango\studentManager\studentManager\studentManagerApp\views.py changed, reloading.
INFO 2025-10-05 21:14:43,782 autoreload Watching for file changes with StatReloader
INFO 2025-10-05 21:14:47,381 autoreload C:\Users\arold\OneDrive\Desktop\Projets\projetsDjango\studentManager\studentManager\studentManagerApp\views.py changed, reloading.
INFO 2025-10-05 21:14:48,200 autoreload Watching for file changes with StatReloader
INFO 2025-10-05 21:14:49,615 autoreload C:\Users\arold\OneDrive\Desktop\Projets\projetsDjango\studentManager\studentManager\studentManagerApp\views.py changed, reloading.
INFO 2025-10-05 21:14:50,170 autoreload Watching for file changes with StatReloader
INFO 2025-10-05 21:14:54,653 basehttp "GET / HTTP/1.1" 200 955
INFO 2025-10-05 21:16:43,916 autoreload C:\Users\arold\OneDrive\Desktop\Projets\projetsDjango\studentManager\studentManager\studentManagerApp\views.py changed, reloading.
INFO 2025-10-05 21:16:44,565 autoreload Watching for file changes with StatReloader
INFO 2025-10-06 05:16:08,732 autoreload Watching for file changes with StatReloader
INFO 2025-10-06 05:16:21,586 basehttp "GET /admin/studentManagerApp/sessionutilisateur/ HTTP/1.1" 200 12809
INFO 2025-10-06 05:16:21,698 basehttp "GET /admin/jsi18n/ HTTP/1.1" 200 3342
INFO 2025-10-06 05:16:23,998 basehttp "GET /admin/studentManagerApp/sessionutilisateur/3/change/ HTTP/1.1" 200 16493
INFO 2025-10-06 05:16:24,075 basehttp "GET /admin/jsi18n/ HTTP/1.1" 200 3342
INFO 2025-10-06 05:16:29,021 basehttp "GET /admin/studentManagerApp/sessionutilisateur/3/delete/ HTTP/1.1" 200 11470
INFO 2025-10-06 05:16:29,252 basehttp "GET /static/admin/js/cancel.js HTTP/1.1" 200 884
INFO 2025-10-06 05:16:30,828 basehttp "POST /admin/studentManagerApp/sessionutilisateur/3/delete/ HTTP/1.1" 302 0
INFO 2025-10-06 05:16:30,865 basehttp "GET /admin/studentManagerApp/sessionutilisateur/ HTTP/1.1" 200 11630
INFO 2025-10-06 05:16:30,931 basehttp "GET /admin/jsi18n/ HTTP/1.1" 200 3342
INFO 2025-10-06 05:16:30,952 basehttp "GET /static/admin/img/icon-yes.svg HTTP/1.1" 200 436
INFO 2025-10-06 05:17:00,000 basehttp "GET / HTTP/1.1" 200 955
INFO 2025-10-06 05:17:29,509 views Connexion rï¿½ussie de l'utilisateur Djeufack Kafack (administrateur).
INFO 2025-10-06 05:17:29,512 basehttp "POST / HTTP/1.1" 302 0
INFO 2025-10-06 05:17:29,541 basehttp "GET /home-page/administrateur/1 HTTP/1.1" 200 696
INFO 2025-10-06 05:17:35,690 basehttp "GET /admin/studentManagerApp/sessionutilisateur/ HTTP/1.1" 200 12809
INFO 2025-10-06 05:17:35,756 basehttp "GET /admin/jsi18n/ HTTP/1.1" 200 3342
ERROR 2025-10-06 05:18:02,149 log Internal Server Error: /
Traceback (most recent call last):
  File "C:\Users\arold\OneDrive\Desktop\Projets\projetsDjango\studentManager\.venv\Lib\site-packages\django\core\handlers\exception.py", line 55, in inner
    response = get_response(request)
  File "C:\Users\arold\OneDrive\Desktop\Projets\projetsDjango\studentManager\.venv\Lib\site-packages\django\core\handlers\base.py", line 197, in _get_response
    response = wrapped_callback(request, *callback_args, **callback_kwargs)
  File "C:\Users\arold\OneDrive\Desktop\Projets\projetsDjango\studentManager\studentManager\studentManagerApp\views.py", line 66, in login_view
    return redirect('home-page', id=request.utilisateur[request.role+'_id'], role=request.role)
                                    ~~~~~~~~~~~~~~~~~~~^^^^^^^^^^^^^^^^^^^^
TypeError: 'Administrateur' object is not subscriptable
ERROR 2025-10-06 05:18:02,152 basehttp "GET / HTTP/1.1" 500 70014
INFO 2025-10-06 05:24:01,581 autoreload C:\Users\arold\OneDrive\Desktop\Projets\projetsDjango\studentManager\studentManager\studentManagerApp\middleware.py changed, reloading.
INFO 2025-10-06 05:24:02,394 autoreload Watching for file changes with StatReloader
INFO 2025-10-06 05:24:05,958 autoreload C:\Users\arold\OneDrive\Desktop\Projets\projetsDjango\studentManager\studentManager\studentManagerApp\middleware.py changed, reloading.
INFO 2025-10-06 05:24:06,589 autoreload Watching for file changes with StatReloader
INFO 2025-10-06 05:24:21,273 basehttp "GET /admin/studentManagerApp/sessionutilisateur/ HTTP/1.1" 200 12809
INFO 2025-10-06 05:24:21,364 basehttp "GET /admin/jsi18n/ HTTP/1.1" 200 3342
INFO 2025-10-06 05:25:03,561 basehttp "POST /admin/studentManagerApp/sessionutilisateur/ HTTP/1.1" 200 11549
INFO 2025-10-06 05:25:05,068 basehttp "POST /admin/studentManagerApp/sessionutilisateur/ HTTP/1.1" 302 0
INFO 2025-10-06 05:25:05,105 basehttp "GET /admin/studentManagerApp/sessionutilisateur/ HTTP/1.1" 200 11588
INFO 2025-10-06 05:25:05,184 basehttp "GET /admin/jsi18n/ HTTP/1.1" 200 3342
INFO 2025-10-06 05:27:23,163 autoreload C:\Users\arold\OneDrive\Desktop\Projets\projetsDjango\studentManager\studentManager\studentManagerApp\views.py changed, reloading.
INFO 2025-10-06 05:27:23,784 autoreload Watching for file changes with StatReloader
INFO 2025-10-06 05:28:12,363 autoreload C:\Users\arold\OneDrive\Desktop\Projets\projetsDjango\studentManager\studentManager\studentManagerApp\middleware.py changed, reloading.
INFO 2025-10-06 05:28:13,019 autoreload Watching for file changes with StatReloader
INFO 2025-10-06 05:28:15,620 autoreload C:\Users\arold\OneDrive\Desktop\Projets\projetsDjango\studentManager\studentManager\studentManagerApp\middleware.py changed, reloading.
INFO 2025-10-06 05:28:16,332 autoreload Watching for file changes with StatReloader
INFO 2025-10-06 05:28:27,050 autoreload C:\Users\arold\OneDrive\Desktop\Projets\projetsDjango\studentManager\studentManager\studentManagerApp\middleware.py changed, reloading.
INFO 2025-10-06 05:28:27,721 autoreload Watching for file changes with StatReloader
INFO 2025-10-06 05:28:29,294 autoreload C:\Users\arold\OneDrive\Desktop\Projets\projetsDjango\studentManager\studentManager\studentManagerApp\middleware.py changed, reloading.
INFO 2025-10-06 05:28:29,868 autoreload Watching for file changes with StatReloader
INFO 2025-10-06 05:28:35,171 autoreload C:\Users\arold\OneDrive\Desktop\Projets\projetsDjango\studentManager\studentManager\studentManagerApp\middleware.py changed, reloading.
INFO 2025-10-06 05:28:35,738 autoreload Watching for file changes with StatReloader
INFO 2025-10-06 05:28:37,327 autoreload C:\Users\arold\OneDrive\Desktop\Projets\projetsDjango\studentManager\studentManager\studentManagerApp\middleware.py changed, reloading.
INFO 2025-10-06 05:28:38,037 autoreload Watching for file changes with StatReloader
INFO 2025-10-06 05:28:40,737 autoreload C:\Users\arold\OneDrive\Desktop\Projets\projetsDjango\studentManager\studentManager\studentManagerApp\middleware.py changed, reloading.
INFO 2025-10-06 05:28:41,327 autoreload Watching for file changes with StatReloader
INFO 2025-10-06 05:29:02,211 autoreload C:\Users\arold\OneDrive\Desktop\Projets\projetsDjango\studentManager\studentManager\studentManagerApp\middleware.py changed, reloading.
INFO 2025-10-06 05:29:02,949 autoreload Watching for file changes with StatReloader
INFO 2025-10-06 05:29:04,496 autoreload C:\Users\arold\OneDrive\Desktop\Projets\projetsDjango\studentManager\studentManager\studentManagerApp\middleware.py changed, reloading.
INFO 2025-10-06 05:29:05,310 autoreload Watching for file changes with StatReloader
INFO 2025-10-06 05:29:07,607 autoreload C:\Users\arold\OneDrive\Desktop\Projets\projetsDjango\studentManager\studentManager\studentManagerApp\middleware.py changed, reloading.
INFO 2025-10-06 05:29:08,218 autoreload Watching for file changes with StatReloader
INFO 2025-10-06 05:29:11,765 autoreload C:\Users\arold\OneDrive\Desktop\Projets\projetsDjango\studentManager\studentManager\studentManagerApp\middleware.py changed, reloading.
INFO 2025-10-06 05:29:12,337 autoreload Watching for file changes with StatReloader
INFO 2025-10-06 05:29:14,792 autoreload C:\Users\arold\OneDrive\Desktop\Projets\projetsDjango\studentManager\studentManager\studentManagerApp\middleware.py changed, reloading.
INFO 2025-10-06 05:29:15,626 autoreload Watching for file changes with StatReloader
INFO 2025-10-06 05:29:23,208 autoreload C:\Users\arold\OneDrive\Desktop\Projets\projetsDjango\studentManager\studentManager\studentManagerApp\middleware.py changed, reloading.
INFO 2025-10-06 05:29:23,831 autoreload Watching for file changes with StatReloader
INFO 2025-10-06 05:29:54,039 autoreload C:\Users\arold\OneDrive\Desktop\Projets\projetsDjango\studentManager\studentManager\studentManagerApp\views.py changed, reloading.
INFO 2025-10-06 05:29:54,617 autoreload Watching for file changes with StatReloader
INFO 2025-10-06 05:29:57,280 autoreload C:\Users\arold\OneDrive\Desktop\Projets\projetsDjango\studentManager\studentManager\studentManagerApp\views.py changed, reloading.
INFO 2025-10-06 05:29:57,916 autoreload Watching for file changes with StatReloader
INFO 2025-10-06 05:30:07,443 basehttp "GET /admin/studentManagerApp/sessionutilisateur/ HTTP/1.1" 200 11439
INFO 2025-10-06 05:30:07,532 basehttp "GET /admin/jsi18n/ HTTP/1.1" 200 3342
INFO 2025-10-06 05:30:23,934 basehttp "GET / HTTP/1.1" 200 955
INFO 2025-10-06 05:30:44,777 views Connexion rï¿½ussie de l'utilisateur Djeufack Kafack (administrateur).
INFO 2025-10-06 05:30:44,778 basehttp "POST / HTTP/1.1" 302 0
INFO 2025-10-06 05:30:44,816 basehttp "GET /home-page/administrateur/1 HTTP/1.1" 200 696
INFO 2025-10-06 05:30:53,382 basehttp "GET / HTTP/1.1" 302 0
INFO 2025-10-06 05:30:53,429 basehttp "GET /home-page/administrateur/1 HTTP/1.1" 200 696
INFO 2025-10-06 05:31:03,642 basehttp "GET /log-out HTTP/1.1" 302 0
INFO 2025-10-06 05:31:03,661 basehttp "GET / HTTP/1.1" 200 955
INFO 2025-10-06 05:31:10,720 basehttp "GET / HTTP/1.1" 200 955
INFO 2025-10-06 05:31:32,561 views Connexion rï¿½ussie de l'utilisateur Djeufack Kafack (etudiant).
INFO 2025-10-06 05:31:32,563 basehttp "POST / HTTP/1.1" 302 0
INFO 2025-10-06 05:31:32,597 basehttp "GET /home-page/etudiant/1 HTTP/1.1" 200 603
INFO 2025-10-06 05:35:31,501 basehttp "GET / HTTP/1.1" 302 0
INFO 2025-10-06 05:35:31,534 basehttp "GET /home-page/etudiant/1 HTTP/1.1" 200 603
INFO 2025-10-06 05:35:35,524 basehttp "GET /log-out HTTP/1.1" 302 0
INFO 2025-10-06 05:35:35,539 basehttp "GET / HTTP/1.1" 200 955
INFO 2025-10-06 05:35:38,531 basehttp "GET /home-page/etudiant/1 HTTP/1.1" 200 603
INFO 2025-10-06 05:35:40,138 basehttp "GET /home-page/etudiant/1 HTTP/1.1" 200 603
INFO 2025-10-06 05:35:47,166 basehttp "GET /home-page/etudiant/1 HTTP/1.1" 200 603
INFO 2025-10-06 05:35:54,404 basehttp "GET /admin/studentManagerApp/sessionutilisateur/ HTTP/1.1" 200 11439
INFO 2025-10-06 05:35:54,496 basehttp "GET /admin/jsi18n/ HTTP/1.1" 200 3342
INFO 2025-10-06 05:36:04,190 basehttp "GET /log-out HTTP/1.1" 302 0
INFO 2025-10-06 05:36:04,208 basehttp "GET / HTTP/1.1" 200 955
INFO 2025-10-06 05:36:14,970 basehttp "GET / HTTP/1.1" 200 955
INFO 2025-10-06 05:36:19,679 basehttp "GET /log-out HTTP/1.1" 302 0
INFO 2025-10-06 05:36:19,700 basehttp "GET / HTTP/1.1" 200 955
INFO 2025-10-06 05:37:29,681 views Connexion rï¿½ussie de l'utilisateur Tambou (enseignant).
INFO 2025-10-06 05:37:29,682 basehttp "POST / HTTP/1.1" 302 0
INFO 2025-10-06 05:37:29,714 basehttp "GET /home-page/enseignant/7 HTTP/1.1" 200 671
INFO 2025-10-06 05:37:36,002 basehttp "GET /admin/studentManagerApp/sessionutilisateur/ HTTP/1.1" 200 12809
INFO 2025-10-06 05:37:36,088 basehttp "GET /admin/jsi18n/ HTTP/1.1" 200 3342
INFO 2025-10-06 05:37:37,434 basehttp "GET /admin/studentManagerApp/sessionutilisateur/7/change/ HTTP/1.1" 200 16493
INFO 2025-10-06 05:37:37,515 basehttp "GET /admin/jsi18n/ HTTP/1.1" 200 3342
INFO 2025-10-06 05:37:54,525 basehttp "GET / HTTP/1.1" 302 0
INFO 2025-10-06 05:38:12,688 basehttp "GET /log-out HTTP/1.1" 302 0
INFO 2025-10-06 05:38:12,710 basehttp "GET / HTTP/1.1" 200 955
INFO 2025-10-06 05:38:16,991 basehttp "GET /home-page/enseignant/7 HTTP/1.1" 200 671
INFO 2025-10-06 05:38:20,268 basehttp "GET /log-out HTTP/1.1" 302 0
INFO 2025-10-06 05:38:20,291 basehttp "GET / HTTP/1.1" 200 955
INFO 2025-10-07 22:46:25,844 autoreload Watching for file changes with StatReloader
INFO 2025-10-07 22:46:30,821 basehttp "GET / HTTP/1.1" 200 955
WARNING 2025-10-07 22:46:31,151 log Not Found: /favicon.ico
WARNING 2025-10-07 22:46:31,153 basehttp "GET /favicon.ico HTTP/1.1" 404 3553
INFO 2025-10-07 22:47:04,519 basehttp "GET /admin/login/?next=/admin/ HTTP/1.1" 200 4173
INFO 2025-10-07 22:47:05,052 basehttp "GET /static/admin/css/base.css HTTP/1.1" 200 22120
INFO 2025-10-07 22:47:05,065 basehttp "GET /static/admin/css/nav_sidebar.css HTTP/1.1" 200 2810
INFO 2025-10-07 22:47:05,072 basehttp "GET /static/admin/css/dark_mode.css HTTP/1.1" 200 2808
INFO 2025-10-07 22:47:05,077 basehttp "GET /static/admin/js/theme.js HTTP/1.1" 200 1653
INFO 2025-10-07 22:47:05,079 basehttp "GET /static/admin/css/responsive.css HTTP/1.1" 200 16565
INFO 2025-10-07 22:47:05,082 basehttp "GET /static/admin/css/login.css HTTP/1.1" 200 951
INFO 2025-10-07 22:47:05,091 basehttp "GET /static/admin/js/nav_sidebar.js HTTP/1.1" 200 3063
INFO 2025-10-07 22:47:10,957 basehttp "POST /admin/login/?next=/admin/ HTTP/1.1" 302 0
INFO 2025-10-07 22:47:11,009 basehttp "GET /admin/ HTTP/1.1" 200 15252
INFO 2025-10-07 22:47:11,075 basehttp "GET /static/admin/css/dashboard.css HTTP/1.1" 200 441
INFO 2025-10-07 22:47:11,108 basehttp "GET /static/admin/img/icon-addlink.svg HTTP/1.1" 200 331
INFO 2025-10-07 22:47:11,110 basehttp "GET /static/admin/img/icon-changelink.svg HTTP/1.1" 200 380
INFO 2025-10-07 22:47:11,113 basehttp "GET /static/admin/img/icon-deletelink.svg HTTP/1.1" 200 392
INFO 2025-10-07 22:47:13,190 basehttp "GET /admin/studentManagerApp/sessionutilisateur/ HTTP/1.1" 200 11439
INFO 2025-10-07 22:47:13,262 basehttp "GET /static/admin/css/changelists.css HTTP/1.1" 200 6878
INFO 2025-10-07 22:47:13,285 basehttp "GET /static/admin/js/jquery.init.js HTTP/1.1" 200 347
INFO 2025-10-07 22:47:13,285 basehttp "GET /static/admin/js/core.js HTTP/1.1" 200 6208
INFO 2025-10-07 22:47:13,290 basehttp "GET /static/admin/js/actions.js HTTP/1.1" 200 8076
INFO 2025-10-07 22:47:13,291 basehttp "GET /static/admin/js/admin/RelatedObjectLookups.js HTTP/1.1" 200 9777
INFO 2025-10-07 22:47:13,298 basehttp "GET /static/admin/js/urlify.js HTTP/1.1" 200 7887
INFO 2025-10-07 22:47:13,299 basehttp "GET /static/admin/js/prepopulate.js HTTP/1.1" 200 1531
INFO 2025-10-07 22:47:13,302 basehttp "GET /admin/jsi18n/ HTTP/1.1" 200 3342
INFO 2025-10-07 22:47:13,315 basehttp "GET /static/admin/js/vendor/jquery/jquery.js HTTP/1.1" 200 285314
INFO 2025-10-07 22:47:13,317 basehttp "GET /static/admin/js/vendor/xregexp/xregexp.js HTTP/1.1" 200 325171
INFO 2025-10-07 22:47:13,330 basehttp "GET /static/admin/js/filters.js HTTP/1.1" 200 978
INFO 2025-10-07 22:47:13,359 basehttp "GET /static/admin/img/tooltag-add.svg HTTP/1.1" 200 331
INFO 2025-10-07 22:47:35,640 basehttp "GET / HTTP/1.1" 200 955
INFO 2025-10-07 22:48:05,328 views Connexion rï¿½ussie de l'utilisateur Djeufack Kafack (administrateur).
INFO 2025-10-07 22:48:05,330 basehttp "POST / HTTP/1.1" 302 0
INFO 2025-10-07 22:48:05,368 basehttp "GET /home-page/administrateur/1 HTTP/1.1" 200 696
INFO 2025-10-07 22:48:11,865 basehttp "GET /admin/studentManagerApp/sessionutilisateur/ HTTP/1.1" 200 12809
INFO 2025-10-07 22:48:11,922 basehttp "GET /admin/jsi18n/ HTTP/1.1" 200 3342
INFO 2025-10-07 22:48:18,088 basehttp "GET / HTTP/1.1" 302 0
INFO 2025-10-07 22:48:18,125 basehttp "GET /home-page/administrateur/1 HTTP/1.1" 200 696
INFO 2025-10-07 22:48:34,376 basehttp "GET /log-out HTTP/1.1" 302 0
INFO 2025-10-07 22:48:34,394 basehttp "GET / HTTP/1.1" 200 955
INFO 2025-10-07 22:48:38,169 basehttp "GET /home-page/administrateur/1 HTTP/1.1" 200 696
INFO 2025-10-07 22:48:39,786 basehttp "GET /home-page/administrateur/1 HTTP/1.1" 200 696
INFO 2025-10-07 22:51:25,384 basehttp "GET /admin/studentManagerApp/sessionutilisateur/ HTTP/1.1" 200 11439
INFO 2025-10-07 22:51:25,460 basehttp "GET /admin/jsi18n/ HTTP/1.1" 200 3342
INFO 2025-10-07 23:03:52,025 autoreload Watching for file changes with StatReloader
INFO 2025-10-07 23:03:58,543 basehttp "GET / HTTP/1.1" 200 955
INFO 2025-10-07 23:04:21,030 views Connexion rï¿½ussie de l'utilisateur Tambou (enseignant).
INFO 2025-10-07 23:04:21,031 basehttp "POST / HTTP/1.1" 302 0
INFO 2025-10-07 23:04:21,062 basehttp "GET /home-page/enseignant/7 HTTP/1.1" 200 671
INFO 2025-10-07 23:04:42,777 basehttp "GET /admin/login/?next=/admin/ HTTP/1.1" 302 0
INFO 2025-10-07 23:04:42,871 basehttp "GET /admin/ HTTP/1.1" 200 15252
INFO 2025-10-07 23:04:46,030 basehttp "GET /admin/studentManagerApp/sessionutilisateur/ HTTP/1.1" 200 12809
INFO 2025-10-07 23:04:46,121 basehttp "GET /admin/jsi18n/ HTTP/1.1" 200 3342
INFO 2025-10-07 23:04:48,173 basehttp "GET /admin/studentManagerApp/sessionutilisateur/9/change/ HTTP/1.1" 200 16493
INFO 2025-10-07 23:04:48,250 basehttp "GET /admin/jsi18n/ HTTP/1.1" 200 3342
INFO 2025-10-07 23:04:48,612 basehttp "GET /static/admin/js/prepopulate_init.js HTTP/1.1" 200 586
INFO 2025-10-07 23:04:48,614 basehttp "GET /static/admin/js/calendar.js HTTP/1.1" 200 9141
INFO 2025-10-07 23:04:48,615 basehttp "GET /static/admin/js/admin/DateTimeShortcuts.js HTTP/1.1" 200 19319
INFO 2025-10-07 23:04:48,615 basehttp "GET /static/admin/css/forms.css HTTP/1.1" 200 8525
INFO 2025-10-07 23:04:48,626 basehttp "GET /static/admin/js/change_form.js HTTP/1.1" 200 606
INFO 2025-10-07 23:04:48,631 basehttp "GET /static/admin/css/widgets.css HTTP/1.1" 200 11991
INFO 2025-10-07 23:04:48,695 basehttp "GET /static/admin/img/icon-calendar.svg HTTP/1.1" 200 1086
INFO 2025-10-07 23:04:48,700 basehttp "GET /static/admin/img/icon-clock.svg HTTP/1.1" 200 677
INFO 2025-10-07 23:04:55,855 basehttp "GET /log-out HTTP/1.1" 302 0
INFO 2025-10-07 23:04:55,867 basehttp "GET / HTTP/1.1" 200 955
INFO 2025-10-09 04:44:50,266 autoreload Watching for file changes with StatReloader
INFO 2025-10-09 04:44:59,662 basehttp "GET / HTTP/1.1" 200 955
WARNING 2025-10-09 04:45:04,073 log Not Found: /favicon.ico
WARNING 2025-10-09 04:45:04,116 basehttp "GET /favicon.ico HTTP/1.1" 404 3553
INFO 2025-10-09 04:45:19,802 views Connexion rï¿½ussie de l'utilisateur Djeufack Kafack (administrateur).
INFO 2025-10-09 04:45:19,804 basehttp "POST / HTTP/1.1" 302 0
INFO 2025-10-09 04:45:19,853 basehttp "GET /home-page/administrateur/1 HTTP/1.1" 200 696
INFO 2025-10-09 04:46:29,666 basehttp "GET /admin/login/?next=/admin/ HTTP/1.1" 302 0
INFO 2025-10-09 04:46:29,801 basehttp "GET /admin/ HTTP/1.1" 200 15252
INFO 2025-10-09 04:46:32,732 basehttp "GET /admin/studentManagerApp/sessionutilisateur/ HTTP/1.1" 200 12813
INFO 2025-10-09 04:46:32,979 basehttp "GET /admin/jsi18n/ HTTP/1.1" 200 3342
INFO 2025-10-09 04:46:42,193 basehttp "GET / HTTP/1.1" 302 0
INFO 2025-10-09 04:46:42,248 basehttp "GET /home-page/administrateur/1 HTTP/1.1" 200 696
INFO 2025-10-09 04:46:54,385 basehttp "GET /log-out HTTP/1.1" 302 0
INFO 2025-10-09 04:46:54,401 basehttp "GET / HTTP/1.1" 200 955
INFO 2025-10-09 04:53:25,252 autoreload Watching for file changes with StatReloader
INFO 2025-10-09 04:53:38,645 basehttp "GET / HTTP/1.1" 200 955
INFO 2025-10-09 04:53:54,725 views Connexion rï¿½ussie de l'utilisateur Djeufack Kafack (administrateur).
INFO 2025-10-09 04:53:54,726 basehttp "POST / HTTP/1.1" 302 0
INFO 2025-10-09 04:53:54,765 basehttp "GET /home-page/administrateur/1 HTTP/1.1" 200 696
INFO 2025-10-09 04:54:13,112 basehttp "GET / HTTP/1.1" 302 0
INFO 2025-10-09 04:54:13,193 basehttp "GET /home-page/administrateur/1 HTTP/1.1" 200 696
INFO 2025-10-10 07:31:52,682 autoreload Watching for file changes with StatReloader
INFO 2025-10-10 07:33:02,562 autoreload C:\Users\arold\OneDrive\Desktop\Projets\projetsDjango\studentManager\studentManager\studentManagerApp\middleware.py changed, reloading.
INFO 2025-10-10 07:33:03,420 autoreload Watching for file changes with StatReloader
INFO 2025-10-10 07:34:07,920 basehttp "GET / HTTP/1.1" 302 0
INFO 2025-10-10 07:34:07,978 basehttp "GET /home-page/administrateur/1 HTTP/1.1" 200 696
WARNING 2025-10-10 07:34:08,176 log Not Found: /favicon.ico
WARNING 2025-10-10 07:34:08,178 basehttp "GET /favicon.ico HTTP/1.1" 404 3553
INFO 2025-10-10 07:34:14,381 basehttp "GET /log-out HTTP/1.1" 302 0
INFO 2025-10-10 07:34:14,434 basehttp "GET / HTTP/1.1" 200 955
INFO 2025-10-10 07:34:44,210 views Connexion rï¿½ussie de l'utilisateur Djeufack Kafack (administrateur).
INFO 2025-10-10 07:34:44,213 basehttp "POST / HTTP/1.1" 302 0
INFO 2025-10-10 07:34:44,244 basehttp "GET /home-page/administrateur/1 HTTP/1.1" 200 696
INFO 2025-10-10 07:45:20,804 autoreload Watching for file changes with StatReloader
INFO 2025-10-10 07:45:26,519 basehttp "GET / HTTP/1.1" 302 0
INFO 2025-10-10 07:45:26,561 basehttp "GET /home-page/administrateur/1 HTTP/1.1" 200 696
INFO 2025-10-10 07:45:31,990 basehttp "GET /log-out HTTP/1.1" 302 0
INFO 2025-10-10 07:45:32,025 basehttp "GET / HTTP/1.1" 200 955
INFO 2025-10-10 07:48:13,318 autoreload C:\Users\arold\OneDrive\Desktop\Projets\projetsDjango\studentManager\studentManager\studentManagerApp\views.py changed, reloading.
INFO 2025-10-10 07:48:14,300 autoreload Watching for file changes with StatReloader
INFO 2025-10-10 07:48:15,875 autoreload C:\Users\arold\OneDrive\Desktop\Projets\projetsDjango\studentManager\studentManager\studentManagerApp\views.py changed, reloading.
INFO 2025-10-10 07:48:17,013 autoreload Watching for file changes with StatReloader
INFO 2025-10-10 07:48:18,571 autoreload C:\Users\arold\OneDrive\Desktop\Projets\projetsDjango\studentManager\studentManager\studentManagerApp\views.py changed, reloading.
INFO 2025-10-10 07:48:19,317 autoreload Watching for file changes with StatReloader
INFO 2025-10-10 07:48:21,870 autoreload C:\Users\arold\OneDrive\Desktop\Projets\projetsDjango\studentManager\studentManager\studentManagerApp\views.py changed, reloading.
INFO 2025-10-10 07:48:22,644 autoreload Watching for file changes with StatReloader
INFO 2025-10-10 07:48:24,213 autoreload C:\Users\arold\OneDrive\Desktop\Projets\projetsDjango\studentManager\studentManager\studentManagerApp\views.py changed, reloading.
INFO 2025-10-10 07:48:24,859 autoreload Watching for file changes with StatReloader
INFO 2025-10-10 07:48:27,501 autoreload C:\Users\arold\OneDrive\Desktop\Projets\projetsDjango\studentManager\studentManager\studentManagerApp\views.py changed, reloading.
INFO 2025-10-10 07:48:28,556 autoreload Watching for file changes with StatReloader
INFO 2025-10-10 07:48:30,130 autoreload C:\Users\arold\OneDrive\Desktop\Projets\projetsDjango\studentManager\studentManager\studentManagerApp\views.py changed, reloading.
INFO 2025-10-10 07:48:31,238 autoreload Watching for file changes with StatReloader
INFO 2025-10-10 07:48:44,930 autoreload C:\Users\arold\OneDrive\Desktop\Projets\projetsDjango\studentManager\studentManager\studentManagerApp\views.py changed, reloading.
INFO 2025-10-10 07:48:45,591 autoreload Watching for file changes with StatReloader
INFO 2025-10-10 07:48:48,843 autoreload C:\Users\arold\OneDrive\Desktop\Projets\projetsDjango\studentManager\studentManager\studentManagerApp\views.py changed, reloading.
INFO 2025-10-10 07:48:49,532 autoreload Watching for file changes with StatReloader
INFO 2025-10-10 07:48:51,748 autoreload C:\Users\arold\OneDrive\Desktop\Projets\projetsDjango\studentManager\studentManager\studentManagerApp\views.py changed, reloading.
INFO 2025-10-10 07:48:52,366 autoreload Watching for file changes with StatReloader
INFO 2025-10-10 07:48:53,962 autoreload C:\Users\arold\OneDrive\Desktop\Projets\projetsDjango\studentManager\studentManager\studentManagerApp\views.py changed, reloading.
INFO 2025-10-10 07:48:54,655 autoreload Watching for file changes with StatReloader
INFO 2025-10-10 07:49:03,821 basehttp "GET / HTTP/1.1" 200 955
ERROR 2025-10-10 07:49:24,473 log Internal Server Error: /
Traceback (most recent call last):
  File "C:\Users\arold\OneDrive\Desktop\Projets\projetsDjango\studentManager\.venv\Lib\site-packages\django\core\handlers\exception.py", line 55, in inner
    response = get_response(request)
  File "C:\Users\arold\OneDrive\Desktop\Projets\projetsDjango\studentManager\.venv\Lib\site-packages\django\core\handlers\base.py", line 197, in _get_response
    response = wrapped_callback(request, *callback_args, **callback_kwargs)
  File "C:\Users\arold\OneDrive\Desktop\Projets\projetsDjango\studentManager\studentManager\studentManagerApp\views.py", line 48, in login_view
    print("\n"+ date_expiration)
          ~~~~^~~~~~~~~~~~~~~~~
TypeError: can only concatenate str (not "datetime.datetime") to str
ERROR 2025-10-10 07:49:24,478 basehttp "POST / HTTP/1.1" 500 72503
INFO 2025-10-10 07:49:39,945 autoreload C:\Users\arold\OneDrive\Desktop\Projets\projetsDjango\studentManager\studentManager\studentManagerApp\views.py changed, reloading.
INFO 2025-10-10 07:49:40,636 autoreload Watching for file changes with StatReloader
INFO 2025-10-10 07:49:47,127 views Connexion rï¿½ussie de l'utilisateur Djeufack Kafack (administrateur).
INFO 2025-10-10 07:49:47,128 basehttp "POST / HTTP/1.1" 302 0
INFO 2025-10-10 07:49:47,201 basehttp "GET /home-page/administrateur/1 HTTP/1.1" 200 696
INFO 2025-10-10 07:50:04,707 basehttp "GET /log-out HTTP/1.1" 302 0
INFO 2025-10-10 07:50:04,737 basehttp "GET / HTTP/1.1" 200 955
INFO 2025-10-10 07:50:19,811 views Connexion rï¿½ussie de l'utilisateur Djeufack Kafack (administrateur).
INFO 2025-10-10 07:50:19,813 basehttp "POST / HTTP/1.1" 302 0
INFO 2025-10-10 07:50:19,834 basehttp "GET /home-page/administrateur/1 HTTP/1.1" 200 696
INFO 2025-10-15 17:35:21,421 autoreload Watching for file changes with StatReloader
INFO 2025-10-15 17:35:26,751 basehttp "GET / HTTP/1.1" 302 0
INFO 2025-10-15 17:35:26,813 basehttp "GET /home-page/administrateur/1 HTTP/1.1" 200 696
WARNING 2025-10-15 17:35:26,983 log Not Found: /favicon.ico
WARNING 2025-10-15 17:35:26,984 basehttp "GET /favicon.ico HTTP/1.1" 404 3553
INFO 2025-10-15 17:35:57,757 basehttp "GET /log-out HTTP/1.1" 302 0
INFO 2025-10-15 17:35:57,799 basehttp "GET / HTTP/1.1" 200 955
INFO 2025-10-15 17:36:06,615 basehttp "GET /admin/login/?next=/admin/ HTTP/1.1" 302 0
INFO 2025-10-15 17:36:06,702 basehttp "GET /admin/ HTTP/1.1" 200 15252
INFO 2025-10-15 17:36:07,248 basehttp "GET /static/admin/css/base.css HTTP/1.1" 200 22120
INFO 2025-10-15 17:36:07,262 basehttp "GET /static/admin/css/dark_mode.css HTTP/1.1" 200 2808
INFO 2025-10-15 17:36:07,277 basehttp "GET /static/admin/css/responsive.css HTTP/1.1" 200 16565
INFO 2025-10-15 17:36:07,280 basehttp "GET /static/admin/css/dashboard.css HTTP/1.1" 200 441
INFO 2025-10-15 17:36:07,281 basehttp "GET /static/admin/js/theme.js HTTP/1.1" 200 1653
INFO 2025-10-15 17:36:07,282 basehttp "GET /static/admin/css/nav_sidebar.css HTTP/1.1" 200 2810
INFO 2025-10-15 17:36:07,301 basehttp "GET /static/admin/js/nav_sidebar.js HTTP/1.1" 200 3063
INFO 2025-10-15 17:36:07,316 basehttp "GET /static/admin/img/icon-addlink.svg HTTP/1.1" 200 331
INFO 2025-10-15 17:36:07,317 basehttp "GET /static/admin/img/icon-changelink.svg HTTP/1.1" 200 380
INFO 2025-10-15 17:36:07,318 basehttp "GET /static/admin/img/icon-deletelink.svg HTTP/1.1" 200 392
INFO 2025-10-15 17:36:11,259 basehttp "GET /admin/studentManagerApp/sessionutilisateur/ HTTP/1.1" 200 11439
INFO 2025-10-15 17:36:11,322 basehttp "GET /static/admin/css/changelists.css HTTP/1.1" 200 6878
INFO 2025-10-15 17:36:11,338 basehttp "GET /static/admin/js/actions.js HTTP/1.1" 200 8076
INFO 2025-10-15 17:36:11,340 basehttp "GET /static/admin/js/admin/RelatedObjectLookups.js HTTP/1.1" 200 9777
INFO 2025-10-15 17:36:11,340 basehttp "GET /static/admin/js/jquery.init.js HTTP/1.1" 200 347
INFO 2025-10-15 17:36:11,340 basehttp "GET /static/admin/js/core.js HTTP/1.1" 200 6208
INFO 2025-10-15 17:36:11,350 basehttp "GET /static/admin/js/urlify.js HTTP/1.1" 200 7887
INFO 2025-10-15 17:36:11,354 basehttp "GET /static/admin/js/prepopulate.js HTTP/1.1" 200 1531
INFO 2025-10-15 17:36:11,363 basehttp "GET /static/admin/js/vendor/jquery/jquery.js HTTP/1.1" 200 285314
INFO 2025-10-15 17:36:11,366 basehttp "GET /admin/jsi18n/ HTTP/1.1" 200 3342
INFO 2025-10-15 17:36:11,375 basehttp "GET /static/admin/js/vendor/xregexp/xregexp.js HTTP/1.1" 200 325171
INFO 2025-10-15 17:36:11,380 basehttp "GET /static/admin/js/filters.js HTTP/1.1" 200 978
INFO 2025-10-15 17:36:11,418 basehttp "GET /static/admin/img/tooltag-add.svg HTTP/1.1" 200 331
INFO 2025-10-15 17:38:32,413 autoreload Watching for file changes with StatReloader
INFO 2025-10-15 17:38:43,136 basehttp "GET / HTTP/1.1" 200 955
INFO 2025-10-15 17:39:38,747 views Connexion rï¿½ussie de l'utilisateur Djeufack Kafack (administrateur).
INFO 2025-10-15 17:39:38,749 basehttp "POST / HTTP/1.1" 302 0
INFO 2025-10-15 17:39:38,821 basehttp "GET /home-page/administrateur/1 HTTP/1.1" 200 696
INFO 2025-10-15 17:43:54,082 autoreload Watching for file changes with StatReloader
INFO 2025-10-15 17:43:57,409 basehttp "GET / HTTP/1.1" 302 0
INFO 2025-10-15 17:43:57,438 basehttp "GET /home-page/administrateur/1 HTTP/1.1" 200 696
INFO 2025-10-15 17:44:09,947 basehttp "GET /admin/studentManagerApp/sessionutilisateur/ HTTP/1.1" 200 12813
INFO 2025-10-15 17:44:10,046 basehttp "GET /admin/jsi18n/ HTTP/1.1" 200 3342
INFO 2025-10-15 17:44:14,838 basehttp "GET /log-out HTTP/1.1" 302 0
INFO 2025-10-15 17:44:14,866 basehttp "GET / HTTP/1.1" 200 955
INFO 2025-10-15 17:44:25,749 views Connexion rï¿½ussie de l'utilisateur Djeufack Kafack (administrateur).
INFO 2025-10-15 17:44:25,750 basehttp "POST / HTTP/1.1" 302 0
INFO 2025-10-15 17:44:25,778 basehttp "GET /home-page/administrateur/1 HTTP/1.1" 200 696
INFO 2025-10-15 17:45:41,259 basehttp "GET /log-out HTTP/1.1" 302 0
INFO 2025-10-15 17:45:41,275 basehttp "GET / HTTP/1.1" 200 955
INFO 2025-10-15 17:45:51,216 basehttp "GET /admin/studentManagerApp/sessionutilisateur/ HTTP/1.1" 200 11439
INFO 2025-10-15 17:45:51,296 basehttp "GET /admin/jsi18n/ HTTP/1.1" 200 3342
INFO 2025-10-15 17:49:16,728 autoreload Watching for file changes with StatReloader
INFO 2025-10-15 17:49:34,639 basehttp "GET / HTTP/1.1" 200 955
INFO 2025-10-15 17:49:48,685 views Connexion rï¿½ussie de l'utilisateur Djeufack Kafack (administrateur).
INFO 2025-10-15 17:49:48,687 basehttp "POST / HTTP/1.1" 302 0
INFO 2025-10-15 17:49:48,745 basehttp "GET /home-page/administrateur/1 HTTP/1.1" 200 696
INFO 2025-10-15 17:50:47,744 autoreload C:\Users\arold\OneDrive\Desktop\Projets\projetsDjango\studentManager\studentManager\studentManagerApp\views.py changed, reloading.
INFO 2025-10-15 17:50:48,455 autoreload Watching for file changes with StatReloader
INFO 2025-10-15 17:51:49,349 autoreload C:\Users\arold\OneDrive\Desktop\Projets\projetsDjango\studentManager\studentManager\studentManagerApp\views.py changed, reloading.
INFO 2025-10-15 17:51:52,767 autoreload Watching for file changes with StatReloader
INFO 2025-10-15 17:51:54,673 autoreload C:\Users\arold\OneDrive\Desktop\Projets\projetsDjango\studentManager\studentManager\studentManagerApp\views.py changed, reloading.
INFO 2025-10-15 17:51:55,876 autoreload Watching for file changes with StatReloader
INFO 2025-10-15 17:53:38,539 autoreload C:\Users\arold\OneDrive\Desktop\Projets\projetsDjango\studentManager\studentManager\studentManagerApp\views.py changed, reloading.
INFO 2025-10-15 17:53:39,278 autoreload Watching for file changes with StatReloader
INFO 2025-10-15 17:53:40,717 autoreload C:\Users\arold\OneDrive\Desktop\Projets\projetsDjango\studentManager\studentManager\studentManagerApp\views.py changed, reloading.
INFO 2025-10-15 17:53:41,271 autoreload Watching for file changes with StatReloader
INFO 2025-10-15 17:54:39,606 autoreload C:\Users\arold\OneDrive\Desktop\Projets\projetsDjango\studentManager\studentManager\studentManagerApp\views.py changed, reloading.
INFO 2025-10-15 17:54:40,209 autoreload Watching for file changes with StatReloader
INFO 2025-10-15 18:03:47,852 autoreload Watching for file changes with StatReloader
INFO 2025-10-15 18:03:52,840 basehttp "GET / HTTP/1.1" 302 0
INFO 2025-10-15 18:03:52,891 basehttp "GET /home-page/administrateur/1 HTTP/1.1" 200 696
INFO 2025-10-15 18:04:00,940 basehttp "GET /log-out HTTP/1.1" 302 0
INFO 2025-10-15 18:04:00,973 basehttp "GET / HTTP/1.1" 200 955
INFO 2025-10-15 18:04:23,491 autoreload Watching for file changes with StatReloader
INFO 2025-10-15 18:04:29,071 basehttp "GET / HTTP/1.1" 200 955
INFO 2025-10-15 18:04:42,479 views Connexion rï¿½ussie de l'utilisateur Djeufack Kafack (administrateur).
INFO 2025-10-15 18:04:42,480 basehttp "POST / HTTP/1.1" 302 0
INFO 2025-10-15 18:04:42,511 basehttp "GET /home-page/administrateur/1 HTTP/1.1" 200 696
INFO 2025-10-15 18:10:00,369 autoreload C:\Users\arold\OneDrive\Desktop\Projets\projetsDjango\studentManager\studentManager\studentManagerApp\middleware.py changed, reloading.
INFO 2025-10-15 18:10:01,048 autoreload Watching for file changes with StatReloader
INFO 2025-10-15 18:10:04,519 autoreload C:\Users\arold\OneDrive\Desktop\Projets\projetsDjango\studentManager\studentManager\studentManagerApp\middleware.py changed, reloading.
INFO 2025-10-15 18:10:05,218 autoreload Watching for file changes with StatReloader
INFO 2025-10-15 18:10:06,433 autoreload C:\Users\arold\OneDrive\Desktop\Projets\projetsDjango\studentManager\studentManager\studentManagerApp\middleware.py changed, reloading.
INFO 2025-10-15 18:10:07,129 autoreload Watching for file changes with StatReloader
INFO 2025-10-15 18:10:08,430 autoreload C:\Users\arold\OneDrive\Desktop\Projets\projetsDjango\studentManager\studentManager\studentManagerApp\middleware.py changed, reloading.
INFO 2025-10-15 18:10:08,989 autoreload Watching for file changes with StatReloader
INFO 2025-10-15 18:10:13,287 autoreload C:\Users\arold\OneDrive\Desktop\Projets\projetsDjango\studentManager\studentManager\studentManagerApp\middleware.py changed, reloading.
INFO 2025-10-15 18:10:14,057 autoreload Watching for file changes with StatReloader
INFO 2025-10-15 18:10:15,279 autoreload C:\Users\arold\OneDrive\Desktop\Projets\projetsDjango\studentManager\studentManager\studentManagerApp\middleware.py changed, reloading.
INFO 2025-10-15 18:10:15,959 autoreload Watching for file changes with StatReloader
INFO 2025-10-15 18:11:01,172 autoreload C:\Users\arold\OneDrive\Desktop\Projets\projetsDjango\studentManager\studentManager\studentManagerApp\middleware.py changed, reloading.
INFO 2025-10-15 18:11:01,842 autoreload Watching for file changes with StatReloader
INFO 2025-10-15 18:11:15,626 autoreload C:\Users\arold\OneDrive\Desktop\Projets\projetsDjango\studentManager\studentManager\studentManagerApp\middleware.py changed, reloading.
INFO 2025-10-15 18:11:16,262 autoreload Watching for file changes with StatReloader
INFO 2025-10-15 18:12:03,633 autoreload Watching for file changes with StatReloader
INFO 2025-10-15 18:12:07,935 basehttp "GET / HTTP/1.1" 302 0
INFO 2025-10-15 18:12:07,983 basehttp "GET /home-page/administrateur/1 HTTP/1.1" 200 696
INFO 2025-10-15 18:13:36,505 basehttp "GET /admin/studentManagerApp/sessionutilisateur/ HTTP/1.1" 200 12809
INFO 2025-10-15 18:13:36,619 basehttp "GET /admin/jsi18n/ HTTP/1.1" 200 3342
INFO 2025-10-15 18:13:38,920 basehttp "GET /admin/studentManagerApp/sessionutilisateur/2/change/ HTTP/1.1" 200 16493
INFO 2025-10-15 18:13:39,034 basehttp "GET /admin/jsi18n/ HTTP/1.1" 200 3342
INFO 2025-10-15 18:13:39,322 basehttp "GET /static/admin/js/calendar.js HTTP/1.1" 200 9141
INFO 2025-10-15 18:13:39,330 basehttp "GET /static/admin/css/forms.css HTTP/1.1" 200 8525
INFO 2025-10-15 18:13:39,332 basehttp "GET /static/admin/js/admin/DateTimeShortcuts.js HTTP/1.1" 200 19319
INFO 2025-10-15 18:13:39,334 basehttp "GET /static/admin/js/prepopulate_init.js HTTP/1.1" 200 586
INFO 2025-10-15 18:13:39,348 basehttp "GET /static/admin/css/widgets.css HTTP/1.1" 200 11991
INFO 2025-10-15 18:13:39,349 basehttp "GET /static/admin/js/change_form.js HTTP/1.1" 200 606
INFO 2025-10-15 18:13:39,422 basehttp "GET /static/admin/img/icon-calendar.svg HTTP/1.1" 200 1086
INFO 2025-10-15 18:13:39,422 basehttp "GET /static/admin/img/icon-clock.svg HTTP/1.1" 200 677
INFO 2025-10-15 18:13:51,005 basehttp "GET /admin/studentManagerApp/sessionutilisateur/2/change/ HTTP/1.1" 200 16493
INFO 2025-10-15 18:13:51,076 basehttp "GET /admin/jsi18n/ HTTP/1.1" 200 3342
INFO 2025-10-15 18:14:48,979 autoreload C:\Users\arold\OneDrive\Desktop\Projets\projetsDjango\studentManager\studentManager\studentManagerApp\middleware.py changed, reloading.
INFO 2025-10-15 18:14:49,744 autoreload Watching for file changes with StatReloader
INFO 2025-10-15 18:14:55,042 basehttp "GET / HTTP/1.1" 302 0
INFO 2025-10-15 18:14:55,095 basehttp "GET /home-page/administrateur/1 HTTP/1.1" 200 696
INFO 2025-10-15 18:14:58,379 basehttp "GET /log-out HTTP/1.1" 302 0
INFO 2025-10-15 18:14:58,403 basehttp "GET / HTTP/1.1" 200 955
INFO 2025-10-15 18:15:01,429 basehttp "GET /home-page/administrateur/1 HTTP/1.1" 200 696
INFO 2025-10-15 18:15:03,524 basehttp "GET /edit-page/administrateur/1 HTTP/1.1" 200 58246
INFO 2025-10-15 18:15:03,672 basehttp "GET /static/studentManagerApp/JS/edit-page.js HTTP/1.1" 200 4483
INFO 2025-10-15 18:15:05,145 basehttp "GET /tableau-notes/administrateur/1 HTTP/1.1" 200 56256
INFO 2025-10-15 18:15:09,836 basehttp "GET /edit-page/administrateur/1 HTTP/1.1" 200 58246
INFO 2025-10-15 18:15:11,060 basehttp "GET /home-page/administrateur/1 HTTP/1.1" 200 696
INFO 2025-10-15 18:21:44,012 autoreload Watching for file changes with StatReloader
INFO 2025-10-15 18:23:19,056 autoreload Watching for file changes with StatReloader
INFO 2025-10-15 18:23:58,798 autoreload Watching for file changes with StatReloader
INFO 2025-10-15 18:24:03,806 basehttp "GET / HTTP/1.1" 200 955
INFO 2025-10-15 18:24:20,608 views Connexion rï¿½ussie de l'utilisateur Djeufack Kafack (administrateur).
INFO 2025-10-15 18:24:20,610 basehttp "POST / HTTP/1.1" 302 0
INFO 2025-10-15 18:24:20,639 basehttp "GET /home-page/administrateur/1 HTTP/1.1" 200 696
INFO 2025-10-15 18:24:26,579 basehttp "GET /admin/studentManagerApp/sessionutilisateur/2/change/ HTTP/1.1" 302 0
INFO 2025-10-15 18:24:26,635 basehttp "GET /admin/ HTTP/1.1" 200 15434
INFO 2025-10-15 18:24:26,838 basehttp "GET /static/admin/img/icon-alert.svg HTTP/1.1" 200 504
INFO 2025-10-15 18:24:28,988 basehttp "GET /admin/studentManagerApp/sessionutilisateur/ HTTP/1.1" 200 15155
INFO 2025-10-15 18:24:29,088 basehttp "GET /admin/jsi18n/ HTTP/1.1" 200 3342
INFO 2025-10-15 18:24:29,115 basehttp "GET /static/admin/img/sorting-icons.svg HTTP/1.1" 200 1097
INFO 2025-10-15 18:24:29,121 basehttp "GET /static/admin/img/icon-viewlink.svg HTTP/1.1" 200 581
INFO 2025-10-15 18:25:18,126 autoreload C:\Users\arold\OneDrive\Desktop\Projets\projetsDjango\studentManager\studentManager\studentManagerApp\admin.py changed, reloading.
INFO 2025-10-15 18:25:18,803 autoreload Watching for file changes with StatReloader
INFO 2025-10-15 18:25:27,617 basehttp "GET / HTTP/1.1" 302 0
INFO 2025-10-15 18:25:27,655 basehttp "GET /home-page/administrateur/1 HTTP/1.1" 200 696
INFO 2025-10-15 18:25:32,730 basehttp "GET /admin/studentManagerApp/sessionutilisateur/ HTTP/1.1" 200 14893
INFO 2025-10-15 18:25:32,826 basehttp "GET /admin/jsi18n/ HTTP/1.1" 200 3342
INFO 2025-10-15 18:25:57,785 basehttp "GET /log-out HTTP/1.1" 302 0
INFO 2025-10-15 18:25:57,809 basehttp "GET / HTTP/1.1" 200 955
INFO 2025-10-15 18:26:00,408 basehttp "GET /admin/studentManagerApp/sessionutilisateur/ HTTP/1.1" 200 12270
INFO 2025-10-15 18:26:00,463 basehttp "GET /admin/jsi18n/ HTTP/1.1" 200 3342
INFO 2025-10-15 18:26:14,158 views Connexion rï¿½ussie de l'utilisateur Djeufack Kafack (etudiant).
INFO 2025-10-15 18:26:14,162 basehttp "POST / HTTP/1.1" 302 0
INFO 2025-10-15 18:26:14,182 basehttp "GET /home-page/etudiant/1 HTTP/1.1" 200 603
INFO 2025-10-15 18:26:34,852 basehttp "GET / HTTP/1.1" 302 0
INFO 2025-10-15 18:26:34,906 basehttp "GET /home-page/etudiant/1 HTTP/1.1" 200 603
INFO 2025-10-15 18:26:36,830 basehttp "GET /log-out HTTP/1.1" 302 0
INFO 2025-10-15 18:26:36,849 basehttp "GET / HTTP/1.1" 200 955
INFO 2025-10-15 19:32:08,052 autoreload Watching for file changes with StatReloader
INFO 2025-10-15 19:33:48,635 autoreload Watching for file changes with StatReloader
INFO 2025-10-15 19:33:57,931 basehttp "GET / HTTP/1.1" 200 955
INFO 2025-10-15 19:34:06,801 views Connexion rï¿½ussie de l'utilisateur Djeufack Kafack (administrateur).
INFO 2025-10-15 19:34:06,802 basehttp "POST / HTTP/1.1" 302 0
INFO 2025-10-15 19:34:06,840 basehttp "GET /home-page/administrateur/1 HTTP/1.1" 200 696
INFO 2025-10-15 19:34:38,986 basehttp "GET /admin/login/?next=/admin/ HTTP/1.1" 302 0
INFO 2025-10-15 19:34:39,074 basehttp "GET /admin/ HTTP/1.1" 200 15252
INFO 2025-10-15 19:34:41,124 basehttp "GET /admin/studentManagerApp/sessionutilisateur/ HTTP/1.1" 200 15193
INFO 2025-10-15 19:34:41,230 basehttp "GET /admin/jsi18n/ HTTP/1.1" 200 3342
INFO 2025-10-15 19:42:28,270 autoreload Watching for file changes with StatReloader
INFO 2025-10-15 19:42:47,399 basehttp "GET / HTTP/1.1" 302 0
INFO 2025-10-15 19:42:47,447 basehttp "GET /home-page/administrateur/1 HTTP/1.1" 200 696
INFO 2025-10-15 19:42:50,638 views Dï¿½connexion rï¿½ussie de l'utilisateur Djeufack Kafack (administrateur).
INFO 2025-10-15 19:42:50,646 basehttp "GET /log-out HTTP/1.1" 302 0
INFO 2025-10-15 19:42:50,676 basehttp "GET / HTTP/1.1" 200 955
INFO 2025-10-15 19:43:29,227 basehttp "GET /admin/studentManagerApp/sessionutilisateur/ HTTP/1.1" 200 12270
INFO 2025-10-15 19:43:29,321 basehttp "GET /admin/jsi18n/ HTTP/1.1" 200 3342
INFO 2025-10-15 19:43:59,497 views Connexion rï¿½ussie de l'utilisateur Tambou (enseignant).
INFO 2025-10-15 19:43:59,498 basehttp "POST / HTTP/1.1" 302 0
INFO 2025-10-15 19:43:59,527 basehttp "GET /home-page/enseignant/7 HTTP/1.1" 200 671
INFO 2025-10-15 19:44:02,572 basehttp "GET /admin/studentManagerApp/sessionutilisateur/ HTTP/1.1" 200 15180
INFO 2025-10-15 19:44:02,643 basehttp "GET /admin/jsi18n/ HTTP/1.1" 200 3342
INFO 2025-10-15 19:44:19,896 basehttp "GET /admin/studentManagerApp/sessionutilisateur/?type_utilisateur__exact=etudiant HTTP/1.1" 200 12992
INFO 2025-10-15 19:44:19,978 basehttp "GET /admin/jsi18n/ HTTP/1.1" 200 3342
INFO 2025-10-15 19:44:22,193 basehttp "GET /admin/studentManagerApp/sessionutilisateur/? HTTP/1.1" 200 15180
INFO 2025-10-15 19:44:22,257 basehttp "GET /admin/jsi18n/ HTTP/1.1" 200 3342
INFO 2025-10-15 19:44:28,798 views Dï¿½connexion rï¿½ussie de l'utilisateur Tambou (enseignant).
INFO 2025-10-15 19:44:28,807 basehttp "GET /log-out HTTP/1.1" 302 0
INFO 2025-10-15 19:44:28,826 basehttp "GET / HTTP/1.1" 200 955
INFO 2025-10-15 20:47:28,989 autoreload Watching for file changes with StatReloader
INFO 2025-10-15 20:47:34,720 basehttp "GET / HTTP/1.1" 200 955
INFO 2025-10-15 20:47:49,311 views Connexion rï¿½ussie de l'utilisateur Djeufack Kafack (administrateur).
INFO 2025-10-15 20:47:49,313 basehttp "POST / HTTP/1.1" 302 0
INFO 2025-10-15 20:47:49,354 basehttp "GET /home-page/administrateur/1 HTTP/1.1" 200 696
INFO 2025-10-15 20:47:50,842 basehttp "GET /edit-page/administrateur/1 HTTP/1.1" 200 58246
INFO 2025-10-15 20:53:02,969 basehttp "GET /edit-page/administrateur/1 HTTP/1.1" 200 58250
INFO 2025-10-15 20:54:07,930 views Dï¿½connexion rï¿½ussie de l'utilisateur Djeufack Kafack (administrateur).
INFO 2025-10-15 20:54:07,941 basehttp "GET /log-out HTTP/1.1" 302 0
INFO 2025-10-15 20:54:07,976 basehttp "GET / HTTP/1.1" 200 955
INFO 2025-10-17 15:02:26,043 autoreload Watching for file changes with StatReloader
INFO 2025-10-17 15:02:30,655 basehttp "GET / HTTP/1.1" 200 955
WARNING 2025-10-17 15:02:30,836 log Not Found: /favicon.ico
WARNING 2025-10-17 15:02:30,838 basehttp "GET /favicon.ico HTTP/1.1" 404 3553
INFO 2025-10-17 15:03:07,049 views Connexion rï¿½ussie de l'utilisateur Djeufack Kafack (etudiant).
INFO 2025-10-17 15:03:07,051 basehttp "POST / HTTP/1.1" 302 0
INFO 2025-10-17 15:03:07,087 basehttp "GET /home-page/etudiant/1 HTTP/1.1" 200 603
INFO 2025-10-17 15:03:16,956 basehttp "GET / HTTP/1.1" 302 0
INFO 2025-10-17 15:03:17,000 basehttp "GET /home-page/etudiant/1 HTTP/1.1" 200 603
INFO 2025-10-17 15:04:03,088 basehttp "GET / HTTP/1.1" 200 955
INFO 2025-10-17 15:04:19,604 views Connexion rï¿½ussie de l'utilisateur Tambou (enseignant).
INFO 2025-10-17 15:04:19,605 basehttp "POST / HTTP/1.1" 302 0
INFO 2025-10-17 15:04:19,624 basehttp "GET /home-page/enseignant/7 HTTP/1.1" 200 671
INFO 2025-10-17 15:04:26,022 basehttp "GET / HTTP/1.1" 302 0
INFO 2025-10-17 15:04:26,044 basehttp "GET /home-page/enseignant/7 HTTP/1.1" 200 671
INFO 2025-10-17 15:04:35,073 basehttp "GET /tableau-notes/etudiant/1 HTTP/1.1" 200 5256
INFO 2025-10-17 15:04:36,430 basehttp "GET /home-page/etudiant/1 HTTP/1.1" 200 603
INFO 2025-10-17 15:04:45,441 basehttp "GET /admin/login/?next=/admin/ HTTP/1.1" 302 0
INFO 2025-10-17 15:04:45,502 basehttp "GET /admin/ HTTP/1.1" 200 15252
INFO 2025-10-17 15:04:46,141 basehttp "GET /static/admin/css/base.css HTTP/1.1" 200 22120
INFO 2025-10-17 15:04:46,148 basehttp "GET /static/admin/css/dark_mode.css HTTP/1.1" 200 2808
INFO 2025-10-17 15:04:46,155 basehttp "GET /static/admin/css/responsive.css HTTP/1.1" 200 16565
INFO 2025-10-17 15:04:46,165 basehttp "GET /static/admin/js/theme.js HTTP/1.1" 200 1653
INFO 2025-10-17 15:04:46,173 basehttp "GET /static/admin/css/nav_sidebar.css HTTP/1.1" 200 2810
INFO 2025-10-17 15:04:46,175 basehttp "GET /static/admin/css/dashboard.css HTTP/1.1" 200 441
INFO 2025-10-17 15:04:46,185 basehttp "GET /static/admin/js/nav_sidebar.js HTTP/1.1" 200 3063
INFO 2025-10-17 15:04:46,202 basehttp "GET /static/admin/img/icon-addlink.svg HTTP/1.1" 200 331
INFO 2025-10-17 15:04:46,202 basehttp "GET /static/admin/img/icon-deletelink.svg HTTP/1.1" 200 392
INFO 2025-10-17 15:04:46,203 basehttp "GET /static/admin/img/icon-changelink.svg HTTP/1.1" 200 380
INFO 2025-10-17 15:04:51,652 basehttp "GET /admin/studentManagerApp/sessionutilisateur/ HTTP/1.1" 200 15681
INFO 2025-10-17 15:04:51,722 basehttp "GET /static/admin/css/changelists.css HTTP/1.1" 200 6878
INFO 2025-10-17 15:04:51,748 basehttp "GET /static/admin/js/jquery.init.js HTTP/1.1" 200 347
INFO 2025-10-17 15:04:51,748 basehttp "GET /static/admin/js/actions.js HTTP/1.1" 200 8076
INFO 2025-10-17 15:04:51,750 basehttp "GET /static/admin/js/core.js HTTP/1.1" 200 6208
INFO 2025-10-17 15:04:51,750 basehttp "GET /static/admin/js/admin/RelatedObjectLookups.js HTTP/1.1" 200 9777
INFO 2025-10-17 15:04:51,759 basehttp "GET /static/admin/js/urlify.js HTTP/1.1" 200 7887
INFO 2025-10-17 15:04:51,763 basehttp "GET /static/admin/js/prepopulate.js HTTP/1.1" 200 1531
INFO 2025-10-17 15:04:51,772 basehttp "GET /admin/jsi18n/ HTTP/1.1" 200 3342
INFO 2025-10-17 15:04:51,775 basehttp "GET /static/admin/js/vendor/jquery/jquery.js HTTP/1.1" 200 285314
INFO 2025-10-17 15:04:51,781 basehttp "GET /static/admin/js/vendor/xregexp/xregexp.js HTTP/1.1" 200 325171
INFO 2025-10-17 15:04:51,795 basehttp "GET /static/admin/js/filters.js HTTP/1.1" 200 978
INFO 2025-10-17 15:04:51,834 basehttp "GET /static/admin/img/tooltag-add.svg HTTP/1.1" 200 331
INFO 2025-10-17 15:04:51,836 basehttp "GET /static/admin/img/sorting-icons.svg HTTP/1.1" 200 1097
INFO 2025-10-17 15:04:51,838 basehttp "GET /static/admin/img/icon-viewlink.svg HTTP/1.1" 200 581
INFO 2025-10-17 15:06:06,744 basehttp "GET / HTTP/1.1" 200 955
INFO 2025-10-17 15:06:25,707 views Dï¿½connexion rï¿½ussie de l'utilisateur Djeufack Kafack (etudiant).
INFO 2025-10-17 15:06:25,714 basehttp "GET /log-out HTTP/1.1" 302 0
INFO 2025-10-17 15:06:25,730 basehttp "GET / HTTP/1.1" 200 955
INFO 2025-10-17 15:06:36,005 basehttp "GET /admin/login/?next=/admin/ HTTP/1.1" 302 0
INFO 2025-10-17 15:06:36,048 basehttp "GET /admin/ HTTP/1.1" 200 15252
INFO 2025-10-17 15:06:38,940 basehttp "GET /admin/studentManagerApp/sessionutilisateur/ HTTP/1.1" 200 15180
INFO 2025-10-17 15:06:39,025 basehttp "GET /admin/jsi18n/ HTTP/1.1" 200 3342
INFO 2025-10-17 15:06:40,968 basehttp "GET /admin/studentManagerApp/sessionutilisateur/5/change/ HTTP/1.1" 200 17084
INFO 2025-10-17 15:06:41,055 basehttp "GET /static/admin/css/forms.css HTTP/1.1" 200 8525
INFO 2025-10-17 15:06:41,061 basehttp "GET /static/admin/js/calendar.js HTTP/1.1" 200 9141
INFO 2025-10-17 15:06:41,061 basehttp "GET /static/admin/js/prepopulate_init.js HTTP/1.1" 200 586
INFO 2025-10-17 15:06:41,066 basehttp "GET /static/admin/js/admin/DateTimeShortcuts.js HTTP/1.1" 200 19319
INFO 2025-10-17 15:06:41,067 basehttp "GET /admin/jsi18n/ HTTP/1.1" 200 3342
INFO 2025-10-17 15:06:41,070 basehttp "GET /static/admin/css/widgets.css HTTP/1.1" 200 11991
INFO 2025-10-17 15:06:41,079 basehttp "GET /static/admin/js/change_form.js HTTP/1.1" 200 606
INFO 2025-10-17 15:06:41,123 basehttp "GET /static/admin/img/icon-clock.svg HTTP/1.1" 200 677
INFO 2025-10-17 15:06:41,123 basehttp "GET /static/admin/img/icon-calendar.svg HTTP/1.1" 200 1086
INFO 2025-10-17 15:07:24,043 basehttp "GET / HTTP/1.1" 200 955
INFO 2025-10-17 15:07:48,098 views Connexion rï¿½ussie de l'utilisateur Djeufack Kafack (administrateur).
INFO 2025-10-17 15:07:48,099 basehttp "POST / HTTP/1.1" 302 0
INFO 2025-10-17 15:07:48,116 basehttp "GET /home-page/administrateur/1 HTTP/1.1" 200 696
INFO 2025-10-17 15:07:50,020 basehttp "GET /edit-page/administrateur/1 HTTP/1.1" 200 58246
INFO 2025-10-17 15:07:50,089 basehttp "GET /static/studentManagerApp/JS/edit-page.js HTTP/1.1" 200 4483
INFO 2025-10-17 15:07:53,837 basehttp "GET /home-page/administrateur/1 HTTP/1.1" 200 696
INFO 2025-10-17 15:07:55,667 basehttp "GET /tableau-notes/administrateur/1 HTTP/1.1" 200 56256
INFO 2025-10-17 15:07:57,515 basehttp "GET /edit-page/administrateur/1 HTTP/1.1" 200 58246
INFO 2025-10-17 15:17:44,370 basehttp "GET /edit-page/administrateur/1 HTTP/1.1" 200 58250
INFO 2025-10-17 15:25:12,657 basehttp "GET /edit-page/administrateur/1 HTTP/1.1" 200 58360
INFO 2025-10-17 15:25:40,291 basehttp "GET /edit-page/administrateur/1 HTTP/1.1" 200 58364
INFO 2025-10-17 15:25:54,262 basehttp "GET /edit-page/administrateur/1 HTTP/1.1" 200 58364
INFO 2025-10-17 15:38:10,515 basehttp "GET /edit-page/administrateur/1 HTTP/1.1" 200 58373
INFO 2025-10-17 15:42:56,906 basehttp "GET /edit-page/administrateur/1 HTTP/1.1" 200 58373
INFO 2025-10-19 22:53:55,669 autoreload Watching for file changes with StatReloader
INFO 2025-10-19 22:54:00,114 basehttp "GET / HTTP/1.1" 302 0
INFO 2025-10-19 22:54:00,160 basehttp "GET /home-page/administrateur/1 HTTP/1.1" 200 696
WARNING 2025-10-19 22:54:00,346 log Not Found: /favicon.ico
WARNING 2025-10-19 22:54:00,348 basehttp "GET /favicon.ico HTTP/1.1" 404 3553
INFO 2025-10-19 22:54:04,931 basehttp "GET /edit-page/administrateur/1 HTTP/1.1" 200 58631
INFO 2025-10-19 22:54:21,271 basehttp "POST /enregistrer-notes/ HTTP/1.1" 200 55
WARNING 2025-10-19 22:54:47,975 log Not Found: /.well-known/appspecific/com.chrome.devtools.json
WARNING 2025-10-19 22:54:47,976 basehttp "GET /.well-known/appspecific/com.chrome.devtools.json HTTP/1.1" 404 3664
INFO 2025-10-19 23:04:46,908 autoreload Watching for file changes with StatReloader
INFO 2025-10-19 23:04:50,257 basehttp "GET / HTTP/1.1" 302 0
INFO 2025-10-19 23:04:50,286 basehttp "GET /home-page/administrateur/1 HTTP/1.1" 200 696
INFO 2025-10-19 23:04:54,621 basehttp "GET /edit-page/administrateur/1 HTTP/1.1" 200 58631
INFO 2025-10-19 23:05:40,420 basehttp "GET /edit-page/administrateur/1 HTTP/1.1" 200 58631
INFO 2025-10-19 23:06:10,296 basehttp "GET /edit-page/administrateur/1 HTTP/1.1" 200 58631
INFO 2025-10-19 23:06:26,685 autoreload Watching for file changes with StatReloader
INFO 2025-10-19 23:06:36,011 basehttp "GET /edit-page/administrateur/1 HTTP/1.1" 200 58631
INFO 2025-10-19 23:08:19,677 autoreload Watching for file changes with StatReloader
INFO 2025-10-19 23:08:25,409 basehttp "GET /edit-page/administrateur/1 HTTP/1.1" 200 58631
INFO 2025-10-19 23:08:26,551 basehttp "GET /edit-page/administrateur/1 HTTP/1.1" 200 58631
INFO 2025-10-19 23:08:27,420 basehttp "GET /edit-page/administrateur/1 HTTP/1.1" 200 58631
INFO 2025-10-19 23:08:28,123 basehttp "GET /edit-page/administrateur/1 HTTP/1.1" 200 58631
INFO 2025-10-19 23:08:45,210 autoreload Watching for file changes with StatReloader
INFO 2025-10-19 23:08:51,613 basehttp "GET / HTTP/1.1" 302 0
INFO 2025-10-19 23:08:51,640 basehttp "GET /home-page/administrateur/1 HTTP/1.1" 200 696
INFO 2025-10-19 23:08:55,967 basehttp "GET /edit-page/administrateur/1 HTTP/1.1" 200 58631
INFO 2025-10-19 23:08:57,891 basehttp "GET /edit-page/administrateur/1 HTTP/1.1" 200 58631
INFO 2025-10-19 23:08:59,308 basehttp "GET /edit-page/administrateur/1 HTTP/1.1" 200 58631
INFO 2025-10-19 23:09:53,477 autoreload Watching for file changes with StatReloader
INFO 2025-10-19 23:09:57,114 basehttp "GET / HTTP/1.1" 302 0
INFO 2025-10-19 23:09:57,149 basehttp "GET /home-page/administrateur/1 HTTP/1.1" 200 696
INFO 2025-10-19 23:10:01,953 basehttp "GET /edit-page/administrateur/1 HTTP/1.1" 200 58631
INFO 2025-10-19 23:10:29,747 views Dï¿½connexion rï¿½ussie de l'utilisateur Djeufack Kafack (administrateur).
INFO 2025-10-19 23:10:29,758 basehttp "GET /log-out HTTP/1.1" 302 0
INFO 2025-10-19 23:10:29,795 basehttp "GET / HTTP/1.1" 200 955
INFO 2025-10-19 23:10:56,627 basehttp "GET / HTTP/1.1" 200 955
INFO 2025-10-19 23:11:18,230 views Connexion rï¿½ussie de l'utilisateur Djeufack Kafack (administrateur).
INFO 2025-10-19 23:11:18,232 basehttp "POST / HTTP/1.1" 302 0
INFO 2025-10-19 23:11:18,246 basehttp "GET /home-page/administrateur/1 HTTP/1.1" 200 696
INFO 2025-10-19 23:11:20,751 basehttp "GET /edit-page/administrateur/1 HTTP/1.1" 200 58631
INFO 2025-10-19 23:11:20,898 basehttp "GET /static/studentManagerApp/JS/edit-page.js HTTP/1.1" 200 5297
INFO 2025-10-19 23:13:28,732 autoreload Watching for file changes with StatReloader
INFO 2025-10-19 23:13:32,402 basehttp "GET / HTTP/1.1" 200 955
INFO 2025-10-19 23:13:51,059 views Connexion rï¿½ussie de l'utilisateur Djeufack Kafack (administrateur).
INFO 2025-10-19 23:13:51,061 basehttp "POST / HTTP/1.1" 302 0
INFO 2025-10-19 23:13:51,083 basehttp "GET /home-page/administrateur/1 HTTP/1.1" 200 696
INFO 2025-10-19 23:13:52,464 basehttp "GET /edit-page/administrateur/1 HTTP/1.1" 200 58631
INFO 2025-10-19 23:14:10,594 basehttp "GET / HTTP/1.1" 302 0
INFO 2025-10-19 23:14:10,613 basehttp "GET /home-page/administrateur/1 HTTP/1.1" 200 696
INFO 2025-10-19 23:14:12,536 basehttp "GET /edit-page/administrateur/1 HTTP/1.1" 200 58631
INFO 2025-10-19 23:14:12,655 basehttp "GET /static/studentManagerApp/JS/edit-page.js HTTP/1.1" 200 5303
INFO 2025-10-19 23:15:11,439 autoreload Watching for file changes with StatReloader
INFO 2025-10-19 23:15:18,412 basehttp "GET /edit-page/administrateur/1 HTTP/1.1" 200 58631
INFO 2025-10-19 23:15:18,510 basehttp "GET /static/studentManagerApp/JS/edit-page.js HTTP/1.1" 200 5301
INFO 2025-10-19 23:15:51,988 basehttp "GET / HTTP/1.1" 302 0
INFO 2025-10-19 23:15:52,013 basehttp "GET /home-page/administrateur/1 HTTP/1.1" 200 696
INFO 2025-10-19 23:15:53,714 basehttp "GET /edit-page/administrateur/1 HTTP/1.1" 200 58631
INFO 2025-10-19 23:22:12,209 autoreload Watching for file changes with StatReloader
INFO 2025-10-19 23:24:28,810 autoreload Watching for file changes with StatReloader
INFO 2025-10-19 23:24:48,099 basehttp "GET / HTTP/1.1" 200 955
INFO 2025-10-19 23:25:05,721 views Connexion rï¿½ussie de l'utilisateur Djeufack Kafack (administrateur).
INFO 2025-10-19 23:25:05,723 basehttp "POST / HTTP/1.1" 302 0
INFO 2025-10-19 23:25:05,756 basehttp "GET /home-page/administrateur/1 HTTP/1.1" 200 696
INFO 2025-10-19 23:25:06,967 basehttp "GET /edit-page/administrateur/1 HTTP/1.1" 200 58631
INFO 2025-10-19 23:25:07,107 basehttp "GET /static/studentManagerApp/JS/edit-page.js HTTP/1.1" 200 5334
INFO 2025-10-20 14:41:36,875 autoreload Watching for file changes with StatReloader
INFO 2025-10-20 14:41:51,720 basehttp "GET / HTTP/1.1" 302 0
INFO 2025-10-20 14:41:51,826 basehttp "GET /home-page/administrateur/1 HTTP/1.1" 200 696
WARNING 2025-10-20 14:41:52,081 log Not Found: /favicon.ico
WARNING 2025-10-20 14:41:52,082 basehttp "GET /favicon.ico HTTP/1.1" 404 3553
INFO 2025-10-20 14:41:53,965 basehttp "GET /edit-page/administrateur/1 HTTP/1.1" 200 58631
INFO 2025-10-20 14:42:15,183 basehttp "GET / HTTP/1.1" 200 955
INFO 2025-10-20 14:42:30,236 views Connexion rï¿½ussie de l'utilisateur Djeufack Kafack (administrateur).
INFO 2025-10-20 14:42:30,239 basehttp "POST / HTTP/1.1" 302 0
INFO 2025-10-20 14:42:30,265 basehttp "GET /home-page/administrateur/1 HTTP/1.1" 200 696
INFO 2025-10-20 14:42:32,219 basehttp "GET /edit-page/administrateur/1 HTTP/1.1" 200 58631
INFO 2025-10-20 14:42:32,761 basehttp "GET /static/studentManagerApp/JS/edit-page.js HTTP/1.1" 200 5340
WARNING 2025-10-20 14:42:59,326 log Not Found: /.well-known/appspecific/com.chrome.devtools.json
WARNING 2025-10-20 14:42:59,327 basehttp "GET /.well-known/appspecific/com.chrome.devtools.json HTTP/1.1" 404 3664
INFO 2025-10-20 14:45:16,052 basehttp "GET /home-page/administrateur/1 HTTP/1.1" 200 696
WARNING 2025-10-20 14:45:16,217 log Not Found: /.well-known/appspecific/com.chrome.devtools.json
WARNING 2025-10-20 14:45:16,219 basehttp "GET /.well-known/appspecific/com.chrome.devtools.json HTTP/1.1" 404 3664
INFO 2025-10-20 14:45:17,660 basehttp "GET /edit-page/administrateur/1 HTTP/1.1" 200 58631
WARNING 2025-10-20 14:45:17,818 log Not Found: /.well-known/appspecific/com.chrome.devtools.json
WARNING 2025-10-20 14:45:17,820 basehttp "GET /.well-known/appspecific/com.chrome.devtools.json HTTP/1.1" 404 3664
INFO 2025-10-20 14:50:21,027 autoreload Watching for file changes with StatReloader
INFO 2025-10-20 14:50:26,675 basehttp "GET / HTTP/1.1" 302 0
INFO 2025-10-20 14:50:26,767 basehttp "GET /home-page/administrateur/1 HTTP/1.1" 200 696
INFO 2025-10-20 14:50:29,495 basehttp "GET /edit-page/administrateur/1 HTTP/1.1" 200 58631
WARNING 2025-10-20 14:51:07,354 log Not Found: /.well-known/appspecific/com.chrome.devtools.json
WARNING 2025-10-20 14:51:07,355 basehttp "GET /.well-known/appspecific/com.chrome.devtools.json HTTP/1.1" 404 3664
INFO 2025-10-20 14:52:04,500 basehttp "GET / HTTP/1.1" 200 955
INFO 2025-10-20 14:52:44,763 views Connexion rï¿½ussie de l'utilisateur Djeufack Kafack (administrateur).
INFO 2025-10-20 14:52:44,764 basehttp "POST / HTTP/1.1" 302 0
INFO 2025-10-20 14:52:44,787 basehttp "GET /home-page/administrateur/1 HTTP/1.1" 200 696
INFO 2025-10-20 14:52:47,358 basehttp "GET /edit-page/administrateur/1 HTTP/1.1" 200 58631
INFO 2025-10-20 14:52:47,728 basehttp "GET /static/studentManagerApp/JS/edit-page.js HTTP/1.1" 200 5620
WARNING 2025-10-20 14:52:52,817 log Not Found: /.well-known/appspecific/com.chrome.devtools.json
WARNING 2025-10-20 14:52:52,818 basehttp "GET /.well-known/appspecific/com.chrome.devtools.json HTTP/1.1" 404 3664
INFO 2025-10-20 14:55:14,409 autoreload Watching for file changes with StatReloader
INFO 2025-10-20 14:55:28,998 basehttp "GET / HTTP/1.1" 200 955
INFO 2025-10-20 14:55:39,533 views Connexion rï¿½ussie de l'utilisateur Djeufack Kafack (etudiant).
INFO 2025-10-20 14:55:39,535 basehttp "POST / HTTP/1.1" 302 0
INFO 2025-10-20 14:55:39,575 basehttp "GET /home-page/etudiant/1 HTTP/1.1" 200 603
INFO 2025-10-20 14:55:43,601 views Dï¿½connexion rï¿½ussie de l'utilisateur Djeufack Kafack (etudiant).
INFO 2025-10-20 14:55:43,615 basehttp "GET /log-out HTTP/1.1" 302 0
INFO 2025-10-20 14:55:43,634 basehttp "GET / HTTP/1.1" 200 955
INFO 2025-10-20 14:56:02,336 views Connexion rï¿½ussie de l'utilisateur Djeufack Kafack (administrateur).
INFO 2025-10-20 14:56:02,337 basehttp "POST / HTTP/1.1" 302 0
INFO 2025-10-20 14:56:02,360 basehttp "GET /home-page/administrateur/1 HTTP/1.1" 200 696
INFO 2025-10-20 14:56:04,236 basehttp "GET /edit-page/administrateur/1 HTTP/1.1" 200 58631
INFO 2025-10-20 14:56:04,670 basehttp "GET /static/studentManagerApp/JS/edit-page.js HTTP/1.1" 200 5340
WARNING 2025-10-20 14:56:09,573 log Not Found: /.well-known/appspecific/com.chrome.devtools.json
WARNING 2025-10-20 14:56:09,575 basehttp "GET /.well-known/appspecific/com.chrome.devtools.json HTTP/1.1" 404 3664
INFO 2025-10-21 07:32:35,979 autoreload Watching for file changes with StatReloader
INFO 2025-10-21 07:32:46,909 basehttp "GET / HTTP/1.1" 302 0
INFO 2025-10-21 07:32:46,981 basehttp "GET /home-page/administrateur/1 HTTP/1.1" 200 696
WARNING 2025-10-21 07:32:47,291 log Not Found: /favicon.ico
WARNING 2025-10-21 07:32:47,293 basehttp "GET /favicon.ico HTTP/1.1" 404 3553
INFO 2025-10-21 07:32:53,911 basehttp "GET /edit-page/administrateur/1 HTTP/1.1" 200 58631
INFO 2025-10-21 07:32:54,274 basehttp "GET /static/studentManagerApp/JS/edit-page.js HTTP/1.1" 200 5340
WARNING 2025-10-21 07:33:07,307 log Not Found: /.well-known/appspecific/com.chrome.devtools.json
WARNING 2025-10-21 07:33:07,309 basehttp "GET /.well-known/appspecific/com.chrome.devtools.json HTTP/1.1" 404 3664
INFO 2025-10-21 07:33:58,466 basehttp "GET /edit-page/administrateur/1 HTTP/1.1" 200 58631
WARNING 2025-10-21 07:33:58,576 log Not Found: /.well-known/appspecific/com.chrome.devtools.json
WARNING 2025-10-21 07:33:58,578 basehttp "GET /.well-known/appspecific/com.chrome.devtools.json HTTP/1.1" 404 3664
INFO 2025-10-21 07:34:55,247 basehttp "GET /edit-page/administrateur/1 HTTP/1.1" 200 58631
INFO 2025-10-21 07:48:45,546 autoreload Watching for file changes with StatReloader
INFO 2025-10-21 07:49:09,924 basehttp "GET / HTTP/1.1" 200 955
INFO 2025-10-21 07:49:28,439 views Connexion rï¿½ussie de l'utilisateur Djeufack Kafack (administrateur).
INFO 2025-10-21 07:49:28,443 basehttp "POST / HTTP/1.1" 302 0
INFO 2025-10-21 07:49:28,480 basehttp "GET /home-page/administrateur/1 HTTP/1.1" 200 696
INFO 2025-10-21 07:49:31,245 basehttp "GET /edit-page/administrateur/1 HTTP/1.1" 200 58631
INFO 2025-10-21 07:49:31,436 basehttp "GET /static/studentManagerApp/JS/edit-page.js HTTP/1.1" 200 5410
WARNING 2025-10-21 07:50:39,936 log Not Found: /.well-known/appspecific/com.chrome.devtools.json
WARNING 2025-10-21 07:50:39,938 basehttp "GET /.well-known/appspecific/com.chrome.devtools.json HTTP/1.1" 404 3664
INFO 2025-10-21 07:51:23,497 basehttp "GET /home-page/administrateur/1 HTTP/1.1" 200 696
INFO 2025-10-21 07:51:24,895 basehttp "GET /edit-page/administrateur/1 HTTP/1.1" 200 58631
INFO 2025-10-21 07:51:24,988 basehttp "GET /static/studentManagerApp/JS/edit-page.js HTTP/1.1" 304 0
INFO 2025-10-21 07:52:07,366 basehttp "GET /admin/login/?next=/admin/ HTTP/1.1" 302 0
INFO 2025-10-21 07:52:07,501 basehttp "GET /admin/ HTTP/1.1" 200 15252
INFO 2025-10-21 07:52:12,963 basehttp "GET /admin/studentManagerApp/sessionutilisateur/ HTTP/1.1" 200 18734
INFO 2025-10-21 07:52:13,160 basehttp "GET /admin/jsi18n/ HTTP/1.1" 200 3342
INFO 2025-10-21 07:52:26,604 basehttp "GET /admin/studentManagerApp/note/ HTTP/1.1" 200 58504
INFO 2025-10-21 07:52:26,734 basehttp "GET /admin/jsi18n/ HTTP/1.1" 200 3342
INFO 2025-10-21 07:53:07,061 basehttp "POST /enregistrer-notes/ HTTP/1.1" 200 55
INFO 2025-10-21 07:53:32,084 basehttp "GET /admin/studentManagerApp/note/ HTTP/1.1" 200 58504
INFO 2025-10-21 07:53:32,219 basehttp "GET /admin/jsi18n/ HTTP/1.1" 200 3342
WARNING 2025-10-21 07:54:32,966 log Not Found: /.well-known/appspecific/com.chrome.devtools.json
WARNING 2025-10-21 07:54:32,968 basehttp "GET /.well-known/appspecific/com.chrome.devtools.json HTTP/1.1" 404 3664
INFO 2025-10-21 07:56:42,792 autoreload Watching for file changes with StatReloader
INFO 2025-10-21 07:56:47,814 basehttp "GET /edit-page/administrateur/1 HTTP/1.1" 200 58631
WARNING 2025-10-21 07:56:47,937 log Not Found: /.well-known/appspecific/com.chrome.devtools.json
WARNING 2025-10-21 07:56:47,939 basehttp "GET /.well-known/appspecific/com.chrome.devtools.json HTTP/1.1" 404 3664
INFO 2025-10-21 07:56:48,106 basehttp "GET /static/studentManagerApp/JS/edit-page.js HTTP/1.1" 200 5440
INFO 2025-10-29 16:34:17,307 autoreload Watching for file changes with StatReloader
INFO 2025-10-29 16:34:42,601 basehttp "GET / HTTP/1.1" 200 955
WARNING 2025-10-29 16:34:42,858 log Not Found: /favicon.ico
WARNING 2025-10-29 16:34:42,859 basehttp "GET /favicon.ico HTTP/1.1" 404 3553
INFO 2025-10-29 16:34:53,517 views Connexion rï¿½ussie de l'utilisateur Djeufack Kafack (administrateur).
INFO 2025-10-29 16:34:53,519 basehttp "POST / HTTP/1.1" 302 0
INFO 2025-10-29 16:34:53,546 basehttp "GET /home-page/administrateur/1 HTTP/1.1" 200 696
INFO 2025-10-29 16:34:55,445 basehttp "GET /edit-page/administrateur/1 HTTP/1.1" 200 58631
INFO 2025-10-29 16:34:55,650 basehttp "GET /static/studentManagerApp/JS/edit-page.js HTTP/1.1" 200 5410
INFO 2025-10-29 16:35:07,047 basehttp "GET /admin/login/?next=/admin/ HTTP/1.1" 200 4173
INFO 2025-10-29 16:35:07,163 basehttp "GET /static/admin/css/base.css HTTP/1.1" 200 22120
INFO 2025-10-29 16:35:07,172 basehttp "GET /static/admin/css/nav_sidebar.css HTTP/1.1" 200 2810
INFO 2025-10-29 16:35:07,172 basehttp "GET /static/admin/css/dark_mode.css HTTP/1.1" 200 2808
INFO 2025-10-29 16:35:07,172 basehttp "GET /static/admin/js/theme.js HTTP/1.1" 200 1653
INFO 2025-10-29 16:35:07,174 basehttp "GET /static/admin/css/login.css HTTP/1.1" 200 951
INFO 2025-10-29 16:35:07,175 basehttp "GET /static/admin/css/responsive.css HTTP/1.1" 200 16565
INFO 2025-10-29 16:35:07,207 basehttp "GET /static/admin/js/nav_sidebar.js HTTP/1.1" 200 3063
INFO 2025-10-29 16:35:15,184 basehttp "POST /admin/login/?next=/admin/ HTTP/1.1" 302 0
INFO 2025-10-29 16:35:15,252 basehttp "GET /admin/ HTTP/1.1" 200 15252
INFO 2025-10-29 16:35:15,336 basehttp "GET /static/admin/css/dashboard.css HTTP/1.1" 200 441
INFO 2025-10-29 16:35:15,372 basehttp "GET /static/admin/img/icon-addlink.svg HTTP/1.1" 200 331
INFO 2025-10-29 16:35:15,375 basehttp "GET /static/admin/img/icon-changelink.svg HTTP/1.1" 200 380
INFO 2025-10-29 16:35:15,378 basehttp "GET /static/admin/img/icon-deletelink.svg HTTP/1.1" 200 392
INFO 2025-10-29 16:35:17,878 basehttp "GET /admin/studentManagerApp/sessionutilisateur/ HTTP/1.1" 200 19241
INFO 2025-10-29 16:35:17,978 basehttp "GET /static/admin/js/core.js HTTP/1.1" 200 6208
INFO 2025-10-29 16:35:17,979 basehttp "GET /static/admin/js/admin/RelatedObjectLookups.js HTTP/1.1" 200 9777
INFO 2025-10-29 16:35:17,980 basehttp "GET /static/admin/js/jquery.init.js HTTP/1.1" 200 347
INFO 2025-10-29 16:35:17,981 basehttp "GET /static/admin/css/changelists.css HTTP/1.1" 200 6878
INFO 2025-10-29 16:35:17,996 basehttp "GET /static/admin/js/actions.js HTTP/1.1" 200 8076
INFO 2025-10-29 16:35:18,008 basehttp "GET /static/admin/js/urlify.js HTTP/1.1" 200 7887
INFO 2025-10-29 16:35:18,008 basehttp "GET /static/admin/js/vendor/jquery/jquery.js HTTP/1.1" 200 285314
INFO 2025-10-29 16:35:18,017 basehttp "GET /static/admin/js/prepopulate.js HTTP/1.1" 200 1531
INFO 2025-10-29 16:35:18,020 basehttp "GET /admin/jsi18n/ HTTP/1.1" 200 3342
INFO 2025-10-29 16:35:18,048 basehttp "GET /static/admin/js/filters.js HTTP/1.1" 200 978
INFO 2025-10-29 16:35:18,058 basehttp "GET /static/admin/js/vendor/xregexp/xregexp.js HTTP/1.1" 200 325171
INFO 2025-10-29 16:35:18,088 basehttp "GET /static/admin/img/tooltag-add.svg HTTP/1.1" 200 331
INFO 2025-10-29 16:35:18,096 basehttp "GET /static/admin/img/sorting-icons.svg HTTP/1.1" 200 1097
INFO 2025-10-29 16:35:18,097 basehttp "GET /static/admin/img/icon-viewlink.svg HTTP/1.1" 200 581
INFO 2025-10-29 16:35:29,764 basehttp "GET /admin/studentManagerApp/matiere/ HTTP/1.1" 302 0
INFO 2025-10-29 16:35:29,791 basehttp "GET /admin/login/?next=/admin/studentManagerApp/matiere/ HTTP/1.1" 200 4225
INFO 2025-10-29 16:35:32,864 basehttp "GET /admin/studentManagerApp/sessionutilisateur/ HTTP/1.1" 302 0
INFO 2025-10-29 16:35:32,888 basehttp "GET /admin/login/?next=/admin/studentManagerApp/sessionutilisateur/ HTTP/1.1" 200 4247
INFO 2025-10-29 16:35:39,262 basehttp "POST /admin/login/?next=/admin/studentManagerApp/sessionutilisateur/ HTTP/1.1" 302 0
INFO 2025-10-29 16:35:39,331 basehttp "GET /admin/studentManagerApp/sessionutilisateur/ HTTP/1.1" 200 19241
INFO 2025-10-29 16:35:39,428 basehttp "GET /admin/jsi18n/ HTTP/1.1" 200 3342
INFO 2025-10-29 16:35:58,685 basehttp "GET /admin/studentManagerApp/note/ HTTP/1.1" 302 0
INFO 2025-10-29 16:35:58,717 basehttp "GET /admin/login/?next=/admin/studentManagerApp/note/ HTTP/1.1" 200 4219
INFO 2025-10-29 16:36:06,945 basehttp "POST /admin/login/?next=/admin/studentManagerApp/note/ HTTP/1.1" 302 0
INFO 2025-10-29 16:36:07,112 basehttp "GET /admin/studentManagerApp/note/ HTTP/1.1" 200 58504
INFO 2025-10-29 16:36:07,201 basehttp "GET /admin/jsi18n/ HTTP/1.1" 200 3342
INFO 2025-10-29 16:36:17,860 basehttp "GET /admin/studentManagerApp/evaluation/ HTTP/1.1" 302 0
INFO 2025-10-29 16:36:17,883 basehttp "GET /admin/login/?next=/admin/studentManagerApp/evaluation/ HTTP/1.1" 200 4231
INFO 2025-10-29 16:36:54,398 autoreload Watching for file changes with StatReloader
INFO 2025-10-29 16:36:58,523 basehttp "GET / HTTP/1.1" 302 0
INFO 2025-10-29 16:36:58,559 basehttp "GET /home-page/administrateur/1 HTTP/1.1" 200 696
INFO 2025-10-29 16:37:02,184 basehttp "GET /edit-page/administrateur/1 HTTP/1.1" 200 58631
INFO 2025-10-29 16:37:04,266 basehttp "GET /home-page/administrateur/1 HTTP/1.1" 200 696
INFO 2025-10-29 16:37:05,469 basehttp "GET /edit-page/administrateur/1 HTTP/1.1" 200 58631
INFO 2025-10-29 16:37:14,829 basehttp "POST /admin/login/?next=/admin/studentManagerApp/evaluation/ HTTP/1.1" 302 0
INFO 2025-10-29 16:37:14,980 basehttp "GET /admin/studentManagerApp/evaluation/ HTTP/1.1" 200 21609
INFO 2025-10-29 16:37:15,078 basehttp "GET /admin/jsi18n/ HTTP/1.1" 200 3342
INFO 2025-10-29 16:37:16,915 basehttp "GET /admin/studentManagerApp/etudiant/ HTTP/1.1" 200 17144
INFO 2025-10-29 16:37:16,977 basehttp "GET /admin/jsi18n/ HTTP/1.1" 200 3342
INFO 2025-10-29 16:37:19,128 basehttp "GET /admin/studentManagerApp/evaluation/ HTTP/1.1" 200 21609
INFO 2025-10-29 16:37:19,199 basehttp "GET /admin/jsi18n/ HTTP/1.1" 200 3342
INFO 2025-10-29 16:37:20,290 basehttp "GET /admin/studentManagerApp/matiere/ HTTP/1.1" 200 18410
INFO 2025-10-29 16:37:20,369 basehttp "GET /admin/jsi18n/ HTTP/1.1" 200 3342
INFO 2025-10-29 16:37:22,422 basehttp "GET /admin/studentManagerApp/enseignant/ HTTP/1.1" 302 0
INFO 2025-10-29 16:37:22,449 basehttp "GET /admin/login/?next=/admin/studentManagerApp/enseignant/ HTTP/1.1" 200 4231
INFO 2025-10-29 16:37:29,028 basehttp "POST /admin/login/?next=/admin/studentManagerApp/enseignant/ HTTP/1.1" 302 0
INFO 2025-10-29 16:37:29,069 basehttp "GET /admin/studentManagerApp/enseignant/ HTTP/1.1" 200 14953
INFO 2025-10-29 16:37:29,143 basehttp "GET /admin/jsi18n/ HTTP/1.1" 200 3342
INFO 2025-10-29 16:37:30,980 basehttp "GET /admin/studentManagerApp/administrateur/ HTTP/1.1" 200 14920
INFO 2025-10-29 16:37:31,056 basehttp "GET /admin/jsi18n/ HTTP/1.1" 200 3342
INFO 2025-10-29 16:37:34,126 basehttp "GET /admin/studentManagerApp/enseignant/ HTTP/1.1" 200 14953
INFO 2025-10-29 16:37:34,202 basehttp "GET /admin/jsi18n/ HTTP/1.1" 200 3342
INFO 2025-10-29 16:37:35,503 basehttp "GET /admin/studentManagerApp/etudiant/ HTTP/1.1" 200 17144
INFO 2025-10-29 16:37:35,583 basehttp "GET /admin/jsi18n/ HTTP/1.1" 200 3342
INFO 2025-10-29 16:37:36,657 basehttp "GET /admin/studentManagerApp/evaluation/ HTTP/1.1" 302 0
INFO 2025-10-29 16:37:36,683 basehttp "GET /admin/login/?next=/admin/studentManagerApp/evaluation/ HTTP/1.1" 200 4231
INFO 2025-10-29 16:37:42,055 basehttp "POST /admin/login/?next=/admin/studentManagerApp/evaluation/ HTTP/1.1" 302 0
INFO 2025-10-29 16:37:42,109 basehttp "GET /admin/studentManagerApp/evaluation/ HTTP/1.1" 200 21609
INFO 2025-10-29 16:37:42,197 basehttp "GET /admin/jsi18n/ HTTP/1.1" 200 3342
INFO 2025-10-29 16:37:43,959 basehttp "GET /admin/studentManagerApp/matiere/ HTTP/1.1" 200 18410
INFO 2025-10-29 16:37:44,032 basehttp "GET /admin/jsi18n/ HTTP/1.1" 200 3342
INFO 2025-10-29 16:37:45,390 basehttp "GET /admin/studentManagerApp/note/ HTTP/1.1" 200 58504
INFO 2025-10-29 16:37:45,459 basehttp "GET /admin/jsi18n/ HTTP/1.1" 200 3342
INFO 2025-10-29 16:37:46,514 basehttp "GET /admin/studentManagerApp/sessionutilisateur/ HTTP/1.1" 200 19241
INFO 2025-10-29 16:37:46,580 basehttp "GET /admin/jsi18n/ HTTP/1.1" 200 3342
INFO 2025-10-29 16:37:48,017 basehttp "GET /admin/studentManagerApp/administrateur/ HTTP/1.1" 200 14920
INFO 2025-10-29 16:37:48,090 basehttp "GET /admin/jsi18n/ HTTP/1.1" 200 3342
INFO 2025-10-29 16:37:50,286 basehttp "GET /admin/studentManagerApp/etudiant/ HTTP/1.1" 302 0
INFO 2025-10-29 16:37:50,314 basehttp "GET /admin/login/?next=/admin/studentManagerApp/etudiant/ HTTP/1.1" 200 4227
INFO 2025-10-29 16:37:55,025 basehttp "POST /admin/login/?next=/admin/studentManagerApp/etudiant/ HTTP/1.1" 302 0
INFO 2025-10-29 16:37:55,074 basehttp "GET /admin/studentManagerApp/etudiant/ HTTP/1.1" 200 17144
INFO 2025-10-29 16:37:55,174 basehttp "GET /admin/jsi18n/ HTTP/1.1" 200 3342
INFO 2025-10-29 16:37:57,402 basehttp "GET /admin/studentManagerApp/evaluation/ HTTP/1.1" 200 21609
INFO 2025-10-29 16:37:57,472 basehttp "GET /admin/jsi18n/ HTTP/1.1" 200 3342
INFO 2025-10-29 16:37:58,804 basehttp "GET /admin/studentManagerApp/matiere/ HTTP/1.1" 200 18410
INFO 2025-10-29 16:37:58,863 basehttp "GET /admin/jsi18n/ HTTP/1.1" 200 3342
INFO 2025-10-29 16:37:59,928 basehttp "GET /admin/studentManagerApp/note/ HTTP/1.1" 200 58504
INFO 2025-10-29 16:37:59,997 basehttp "GET /admin/jsi18n/ HTTP/1.1" 200 3342
INFO 2025-10-29 16:38:01,002 basehttp "GET /admin/studentManagerApp/sessionutilisateur/ HTTP/1.1" 200 19241
INFO 2025-10-29 16:38:01,075 basehttp "GET /admin/jsi18n/ HTTP/1.1" 200 3342
INFO 2025-10-29 16:38:02,417 basehttp "GET /admin/studentManagerApp/administrateur/ HTTP/1.1" 302 0
INFO 2025-10-29 16:38:02,445 basehttp "GET /admin/login/?next=/admin/studentManagerApp/administrateur/ HTTP/1.1" 200 4239
INFO 2025-10-29 16:38:07,210 basehttp "POST /admin/login/?next=/admin/studentManagerApp/administrateur/ HTTP/1.1" 302 0
INFO 2025-10-29 16:38:07,252 basehttp "GET /admin/studentManagerApp/administrateur/ HTTP/1.1" 200 14920
INFO 2025-10-29 16:38:07,346 basehttp "GET /admin/jsi18n/ HTTP/1.1" 200 3342
INFO 2025-10-29 16:38:23,557 basehttp "GET / HTTP/1.1" 302 0
INFO 2025-10-29 16:38:23,588 basehttp "GET /home-page/administrateur/1 HTTP/1.1" 200 696
INFO 2025-10-29 16:38:34,646 basehttp "GET /admin/studentManagerApp/administrateur/ HTTP/1.1" 302 0
INFO 2025-10-29 16:38:34,664 basehttp "GET /admin/login/?next=/admin/studentManagerApp/administrateur/ HTTP/1.1" 200 4239
INFO 2025-10-29 16:38:39,381 basehttp "POST /admin/login/?next=/admin/studentManagerApp/administrateur/ HTTP/1.1" 302 0
INFO 2025-10-29 16:38:39,419 basehttp "GET /admin/studentManagerApp/administrateur/ HTTP/1.1" 200 14920
INFO 2025-10-29 16:38:39,501 basehttp "GET /admin/jsi18n/ HTTP/1.1" 200 3342
INFO 2025-10-29 16:39:06,661 basehttp "GET /admin HTTP/1.1" 301 0
INFO 2025-10-29 16:39:06,675 basehttp "GET /admin/ HTTP/1.1" 302 0
INFO 2025-10-29 16:39:06,690 basehttp "GET /admin/login/?next=/admin/ HTTP/1.1" 200 4173
INFO 2025-10-29 16:39:07,051 basehttp "GET /static/admin/css/base.css HTTP/1.1" 200 22120
INFO 2025-10-29 16:39:07,125 basehttp "GET /static/admin/css/dark_mode.css HTTP/1.1" 200 2808
INFO 2025-10-29 16:39:07,138 basehttp "GET /static/admin/js/theme.js HTTP/1.1" 200 1653
INFO 2025-10-29 16:39:07,140 basehttp "GET /static/admin/css/nav_sidebar.css HTTP/1.1" 200 2810
INFO 2025-10-29 16:39:07,147 basehttp "GET /static/admin/css/responsive.css HTTP/1.1" 200 16565
INFO 2025-10-29 16:39:07,149 basehttp "GET /static/admin/css/login.css HTTP/1.1" 200 951
INFO 2025-10-29 16:39:07,151 basehttp "GET /static/admin/js/nav_sidebar.js HTTP/1.1" 200 3063
INFO 2025-10-29 16:39:14,840 basehttp "POST /admin/login/?next=/admin/ HTTP/1.1" 302 0
INFO 2025-10-29 16:39:14,865 basehttp "GET /admin/ HTTP/1.1" 200 15252
INFO 2025-10-29 16:39:14,918 basehttp "GET /static/admin/css/dashboard.css HTTP/1.1" 200 441
INFO 2025-10-29 16:39:14,938 basehttp "GET /static/admin/img/icon-addlink.svg HTTP/1.1" 200 331
INFO 2025-10-29 16:39:14,940 basehttp "GET /static/admin/img/icon-changelink.svg HTTP/1.1" 200 380
INFO 2025-10-29 16:39:14,940 basehttp "GET /static/admin/img/icon-deletelink.svg HTTP/1.1" 200 392
INFO 2025-10-29 16:39:17,884 basehttp "GET /admin/studentManagerApp/administrateur/ HTTP/1.1" 200 14920
INFO 2025-10-29 16:39:17,920 basehttp "GET /static/admin/css/changelists.css HTTP/1.1" 200 6878
INFO 2025-10-29 16:39:17,947 basehttp "GET /static/admin/js/admin/RelatedObjectLookups.js HTTP/1.1" 200 9777
INFO 2025-10-29 16:39:17,948 basehttp "GET /static/admin/js/actions.js HTTP/1.1" 200 8076
INFO 2025-10-29 16:39:17,948 basehttp "GET /static/admin/js/core.js HTTP/1.1" 200 6208
INFO 2025-10-29 16:39:17,948 basehttp "GET /static/admin/js/jquery.init.js HTTP/1.1" 200 347
INFO 2025-10-29 16:39:17,956 basehttp "GET /admin/jsi18n/ HTTP/1.1" 200 3342
INFO 2025-10-29 16:39:17,957 basehttp "GET /static/admin/js/urlify.js HTTP/1.1" 200 7887
INFO 2025-10-29 16:39:17,959 basehttp "GET /static/admin/js/prepopulate.js HTTP/1.1" 200 1531
INFO 2025-10-29 16:39:17,966 basehttp "GET /static/admin/js/vendor/xregexp/xregexp.js HTTP/1.1" 200 325171
INFO 2025-10-29 16:39:17,968 basehttp "GET /static/admin/js/vendor/jquery/jquery.js HTTP/1.1" 200 285314
INFO 2025-10-29 16:39:17,974 basehttp "GET /static/admin/js/filters.js HTTP/1.1" 200 978
INFO 2025-10-29 16:39:18,006 basehttp "GET /static/admin/img/icon-viewlink.svg HTTP/1.1" 200 581
INFO 2025-10-29 16:39:18,006 basehttp "GET /static/admin/img/tooltag-add.svg HTTP/1.1" 200 331
INFO 2025-10-29 16:39:18,007 basehttp "GET /static/admin/img/sorting-icons.svg HTTP/1.1" 200 1097
INFO 2025-10-29 16:39:19,711 basehttp "GET /admin/studentManagerApp/enseignant/ HTTP/1.1" 200 14953
INFO 2025-10-29 16:39:19,756 basehttp "GET /admin/jsi18n/ HTTP/1.1" 200 3342
INFO 2025-10-29 16:39:21,436 basehttp "GET /admin/studentManagerApp/etudiant/ HTTP/1.1" 200 17144
INFO 2025-10-29 16:39:21,477 basehttp "GET /admin/jsi18n/ HTTP/1.1" 200 3342
INFO 2025-10-29 16:39:22,510 basehttp "GET /admin/studentManagerApp/evaluation/ HTTP/1.1" 302 0
INFO 2025-10-29 16:39:22,525 basehttp "GET /admin/login/?next=/admin/studentManagerApp/evaluation/ HTTP/1.1" 200 4231
INFO 2025-10-29 16:39:43,493 basehttp "POST /admin/login/?next=/admin/studentManagerApp/evaluation/ HTTP/1.1" 302 0
INFO 2025-10-29 16:39:43,535 basehttp "GET /admin/studentManagerApp/evaluation/ HTTP/1.1" 200 21609
INFO 2025-10-29 16:39:43,595 basehttp "GET /admin/jsi18n/ HTTP/1.1" 200 3342
INFO 2025-10-29 16:40:43,360 basehttp "GET /admin HTTP/1.1" 301 0
INFO 2025-10-29 16:40:43,387 basehttp "GET /admin/ HTTP/1.1" 302 0
INFO 2025-10-29 16:40:43,416 basehttp "GET /admin/login/?next=/admin/ HTTP/1.1" 200 4173
INFO 2025-10-29 16:40:48,159 basehttp "POST /admin/login/?next=/admin/ HTTP/1.1" 302 0
INFO 2025-10-29 16:40:48,198 basehttp "GET /admin/ HTTP/1.1" 200 15252
INFO 2025-10-29 16:40:53,459 basehttp "GET /admin/ HTTP/1.1" 200 15252
INFO 2025-10-29 16:40:58,240 basehttp "GET /admin/ HTTP/1.1" 302 0
INFO 2025-10-29 16:40:58,263 basehttp "GET /admin/login/?next=/admin/ HTTP/1.1" 200 4173
INFO 2025-10-29 16:41:02,918 basehttp "POST /admin/login/?next=/admin/ HTTP/1.1" 302 0
INFO 2025-10-29 16:41:02,949 basehttp "GET /admin/ HTTP/1.1" 200 15252
INFO 2025-10-29 16:41:13,482 basehttp "GET /admin/auth/user/ HTTP/1.1" 302 0
INFO 2025-10-29 16:41:13,510 basehttp "GET /admin/login/?next=/admin/auth/user/ HTTP/1.1" 200 4193
INFO 2025-10-29 16:41:18,143 basehttp "POST /admin/login/?next=/admin/auth/user/ HTTP/1.1" 302 0
INFO 2025-10-29 16:41:18,186 basehttp "GET /admin/auth/user/ HTTP/1.1" 200 15231
INFO 2025-10-29 16:41:18,276 basehttp "GET /admin/jsi18n/ HTTP/1.1" 200 3342
INFO 2025-10-29 16:41:18,276 basehttp "GET /static/admin/img/search.svg HTTP/1.1" 200 458
INFO 2025-10-29 16:41:18,277 basehttp "GET /static/admin/img/icon-yes.svg HTTP/1.1" 200 436
INFO 2025-10-29 16:41:22,669 basehttp "GET /admin/auth/user/2/change/ HTTP/1.1" 200 29667
INFO 2025-10-29 16:41:22,737 basehttp "GET /static/admin/css/forms.css HTTP/1.1" 200 8525
INFO 2025-10-29 16:41:22,750 basehttp "GET /static/admin/js/admin/DateTimeShortcuts.js HTTP/1.1" 200 19319
INFO 2025-10-29 16:41:22,755 basehttp "GET /static/admin/js/prepopulate_init.js HTTP/1.1" 200 586
INFO 2025-10-29 16:41:22,756 basehttp "GET /static/admin/js/calendar.js HTTP/1.1" 200 9141
INFO 2025-10-29 16:41:22,758 basehttp "GET /static/admin/js/SelectBox.js HTTP/1.1" 200 4530
INFO 2025-10-29 16:41:22,759 basehttp "GET /static/admin/js/SelectFilter2.js HTTP/1.1" 200 15709
INFO 2025-10-29 16:41:22,762 basehttp "GET /static/admin/css/widgets.css HTTP/1.1" 200 11991
INFO 2025-10-29 16:41:22,764 basehttp "GET /admin/jsi18n/ HTTP/1.1" 200 3342
INFO 2025-10-29 16:41:22,773 basehttp "GET /static/admin/js/change_form.js HTTP/1.1" 200 606
INFO 2025-10-29 16:41:22,860 basehttp "GET /static/admin/img/selector-icons.svg HTTP/1.1" 200 3291
INFO 2025-10-29 16:41:22,861 basehttp "GET /static/admin/img/icon-clock.svg HTTP/1.1" 200 677
INFO 2025-10-29 16:41:22,861 basehttp "GET /static/admin/img/icon-calendar.svg HTTP/1.1" 200 1086
INFO 2025-10-29 16:42:03,578 basehttp "GET /admin/auth/user/ HTTP/1.1" 302 0
INFO 2025-10-29 16:42:03,611 basehttp "GET /admin/login/?next=/admin/auth/user/ HTTP/1.1" 200 4193
INFO 2025-10-29 16:42:08,348 basehttp "POST /admin/login/?next=/admin/auth/user/ HTTP/1.1" 302 0
INFO 2025-10-29 16:42:08,377 basehttp "GET /admin/auth/user/ HTTP/1.1" 200 15231
INFO 2025-10-29 16:42:08,479 basehttp "GET /admin/jsi18n/ HTTP/1.1" 200 3342
INFO 2025-10-29 16:42:10,226 basehttp "GET /admin/auth/user/ HTTP/1.1" 200 15231
INFO 2025-10-29 16:42:10,314 basehttp "GET /admin/jsi18n/ HTTP/1.1" 200 3342
INFO 2025-10-29 16:42:23,940 basehttp "GET /admin/studentManagerApp/note/ HTTP/1.1" 302 0
INFO 2025-10-29 16:42:23,967 basehttp "GET /admin/login/?next=/admin/studentManagerApp/note/ HTTP/1.1" 200 4219
INFO 2025-10-29 16:42:28,273 basehttp "POST /admin/login/?next=/admin/studentManagerApp/note/ HTTP/1.1" 302 0
INFO 2025-10-29 16:42:28,406 basehttp "GET /admin/studentManagerApp/note/ HTTP/1.1" 200 58504
INFO 2025-10-29 16:42:28,481 basehttp "GET /admin/jsi18n/ HTTP/1.1" 200 3342
INFO 2025-10-29 16:42:34,281 basehttp "GET /home-page/administrateur/1 HTTP/1.1" 200 696
INFO 2025-10-29 16:42:35,315 basehttp "GET /edit-page/administrateur/1 HTTP/1.1" 200 58631
INFO 2025-10-29 16:42:58,807 basehttp "POST /enregistrer-notes/ HTTP/1.1" 200 55
INFO 2025-10-29 16:43:03,898 basehttp "GET /admin/studentManagerApp/note/ HTTP/1.1" 302 0
INFO 2025-10-29 16:43:03,924 basehttp "GET /admin/login/?next=/admin/studentManagerApp/note/ HTTP/1.1" 200 4219
INFO 2025-10-29 16:43:08,353 basehttp "POST /admin/login/?next=/admin/studentManagerApp/note/ HTTP/1.1" 302 0
INFO 2025-10-29 16:43:08,516 basehttp "GET /admin/studentManagerApp/note/ HTTP/1.1" 200 58504
INFO 2025-10-29 16:43:08,591 basehttp "GET /admin/jsi18n/ HTTP/1.1" 200 3342
WARNING 2025-10-29 16:44:13,444 log Not Found: /.well-known/appspecific/com.chrome.devtools.json
WARNING 2025-10-29 16:44:13,445 basehttp "GET /.well-known/appspecific/com.chrome.devtools.json HTTP/1.1" 404 3664
WARNING 2025-10-29 16:45:14,065 log Not Found: /.well-known/appspecific/com.chrome.devtools.json
WARNING 2025-10-29 16:45:14,066 basehttp "GET /.well-known/appspecific/com.chrome.devtools.json HTTP/1.1" 404 3664
INFO 2025-10-29 16:47:29,350 autoreload Watching for file changes with StatReloader
INFO 2025-10-29 16:47:34,208 basehttp "GET / HTTP/1.1" 302 0
INFO 2025-10-29 16:47:34,240 basehttp "GET /home-page/administrateur/1 HTTP/1.1" 200 696
INFO 2025-10-29 16:47:36,302 basehttp "GET /edit-page/administrateur/1 HTTP/1.1" 200 58631
INFO 2025-10-29 16:47:40,566 basehttp "GET /admin/studentManagerApp/note/ HTTP/1.1" 302 0
INFO 2025-10-29 16:47:40,613 basehttp "GET /admin/login/?next=/admin/studentManagerApp/note/ HTTP/1.1" 200 4219
INFO 2025-10-29 16:47:46,605 basehttp "POST /admin/login/?next=/admin/studentManagerApp/note/ HTTP/1.1" 302 0
INFO 2025-10-29 16:47:46,774 basehttp "GET /admin/studentManagerApp/note/ HTTP/1.1" 200 58504
INFO 2025-10-29 16:47:46,856 basehttp "GET /admin/jsi18n/ HTTP/1.1" 200 3342
INFO 2025-10-29 16:48:02,945 basehttp "GET /admin/studentManagerApp/note/ HTTP/1.1" 302 0
INFO 2025-10-29 16:48:02,962 basehttp "GET /admin/login/?next=/admin/studentManagerApp/note/ HTTP/1.1" 200 4219
INFO 2025-10-29 16:48:10,614 basehttp "POST /admin/login/?next=/admin/studentManagerApp/note/ HTTP/1.1" 302 0
INFO 2025-10-29 16:48:10,757 basehttp "GET /admin/studentManagerApp/note/ HTTP/1.1" 200 58504
INFO 2025-10-29 16:48:10,836 basehttp "GET /admin/jsi18n/ HTTP/1.1" 200 3342
INFO 2025-10-29 16:48:22,730 basehttp "POST /enregistrer-notes/ HTTP/1.1" 200 55
INFO 2025-10-29 16:48:26,910 basehttp "GET /admin/studentManagerApp/note/ HTTP/1.1" 302 0
INFO 2025-10-29 16:48:26,929 basehttp "GET /admin/login/?next=/admin/studentManagerApp/note/ HTTP/1.1" 200 4219
INFO 2025-10-29 16:48:31,778 basehttp "POST /admin/login/?next=/admin/studentManagerApp/note/ HTTP/1.1" 302 0
INFO 2025-10-29 16:48:31,919 basehttp "GET /admin/studentManagerApp/note/ HTTP/1.1" 200 58504
INFO 2025-10-29 16:48:31,998 basehttp "GET /admin/jsi18n/ HTTP/1.1" 200 3342
INFO 2025-10-29 16:48:43,492 basehttp "GET / HTTP/1.1" 302 0
INFO 2025-10-29 16:48:43,515 basehttp "GET /home-page/administrateur/1 HTTP/1.1" 200 696
INFO 2025-10-29 16:48:45,881 basehttp "GET /admin/studentManagerApp/note/ HTTP/1.1" 302 0
INFO 2025-10-29 16:48:45,894 basehttp "GET /admin/login/?next=/admin/studentManagerApp/note/ HTTP/1.1" 200 4219
INFO 2025-10-29 16:48:56,873 basehttp "POST /admin/login/?next=/admin/studentManagerApp/note/ HTTP/1.1" 302 0
INFO 2025-10-29 16:48:57,010 basehttp "GET /admin/studentManagerApp/note/ HTTP/1.1" 200 58504
INFO 2025-10-29 16:48:57,094 basehttp "GET /admin/jsi18n/ HTTP/1.1" 200 3342
INFO 2025-10-29 16:49:02,212 basehttp "GET /admin/auth/group/ HTTP/1.1" 200 11644
INFO 2025-10-29 16:49:02,292 basehttp "GET /admin/jsi18n/ HTTP/1.1" 200 3342
INFO 2025-10-29 16:49:04,341 basehttp "GET /admin/auth/user/ HTTP/1.1" 302 0
INFO 2025-10-29 16:49:04,358 basehttp "GET /admin/login/?next=/admin/auth/user/ HTTP/1.1" 200 4193
INFO 2025-10-29 16:49:08,043 basehttp "POST /admin/login/?next=/admin/auth/user/ HTTP/1.1" 302 0
INFO 2025-10-29 16:49:08,071 basehttp "GET /admin/auth/user/ HTTP/1.1" 200 15231
INFO 2025-10-29 16:49:08,152 basehttp "GET /admin/jsi18n/ HTTP/1.1" 200 3342
INFO 2025-10-29 16:49:14,514 basehttp "GET /admin/studentManagerApp/administrateur/ HTTP/1.1" 200 14920
INFO 2025-10-29 16:49:14,580 basehttp "GET /admin/jsi18n/ HTTP/1.1" 200 3342
INFO 2025-10-29 16:49:16,833 basehttp "GET /admin/studentManagerApp/enseignant/ HTTP/1.1" 302 0
INFO 2025-10-29 16:49:16,859 basehttp "GET /admin/login/?next=/admin/studentManagerApp/enseignant/ HTTP/1.1" 200 4231
INFO 2025-10-29 16:49:20,383 basehttp "POST /admin/login/?next=/admin/studentManagerApp/enseignant/ HTTP/1.1" 302 0
INFO 2025-10-29 16:49:20,418 basehttp "GET /admin/studentManagerApp/enseignant/ HTTP/1.1" 200 14953
INFO 2025-10-29 16:49:20,496 basehttp "GET /admin/jsi18n/ HTTP/1.1" 200 3342
INFO 2025-10-29 16:49:36,905 basehttp "GET /admin/studentManagerApp/note/ HTTP/1.1" 302 0
INFO 2025-10-29 16:49:36,929 basehttp "GET /admin/login/?next=/admin/studentManagerApp/note/ HTTP/1.1" 200 4219
INFO 2025-10-29 16:49:41,661 basehttp "POST /admin/login/?next=/admin/studentManagerApp/note/ HTTP/1.1" 302 0
INFO 2025-10-29 16:49:41,787 basehttp "GET /admin/studentManagerApp/note/ HTTP/1.1" 200 58504
INFO 2025-10-29 16:49:41,875 basehttp "GET /admin/jsi18n/ HTTP/1.1" 200 3342
INFO 2025-10-29 16:50:01,616 basehttp "GET /edit-page/administrateur/1 HTTP/1.1" 200 58631
INFO 2025-10-29 16:50:13,158 basehttp "POST /enregistrer-notes/ HTTP/1.1" 200 55
INFO 2025-10-29 16:51:02,725 basehttp "GET /admin/studentManagerApp/note/?evaluation_id__evaluation_id__exact=4 HTTP/1.1" 302 0
INFO 2025-10-29 16:51:02,748 basehttp "GET /admin/login/?next=/admin/studentManagerApp/note/%3Fevaluation_id__evaluation_id__exact%3D4 HTTP/1.1" 200 4299
INFO 2025-10-29 16:51:06,886 basehttp "POST /admin/login/?next=/admin/studentManagerApp/note/%3Fevaluation_id__evaluation_id__exact%3D4 HTTP/1.1" 302 0
INFO 2025-10-29 16:51:06,953 basehttp "GET /admin/studentManagerApp/note/?evaluation_id__evaluation_id__exact=4 HTTP/1.1" 200 21733
INFO 2025-10-29 16:51:07,049 basehttp "GET /admin/jsi18n/ HTTP/1.1" 200 3342
INFO 2025-10-29 16:51:33,629 basehttp "GET /admin/studentManagerApp/note/?evaluation_id__evaluation_id__exact=5 HTTP/1.1" 302 0
INFO 2025-10-29 16:51:33,651 basehttp "GET /admin/login/?next=/admin/studentManagerApp/note/%3Fevaluation_id__evaluation_id__exact%3D5 HTTP/1.1" 200 4299
INFO 2025-10-29 16:51:38,886 basehttp "POST /admin/login/?next=/admin/studentManagerApp/note/%3Fevaluation_id__evaluation_id__exact%3D5 HTTP/1.1" 302 0
INFO 2025-10-29 16:51:38,957 basehttp "GET /admin/studentManagerApp/note/?evaluation_id__evaluation_id__exact=5 HTTP/1.1" 200 21703
INFO 2025-10-29 16:51:39,032 basehttp "GET /admin/jsi18n/ HTTP/1.1" 200 3342
WARNING 2025-10-29 16:53:25,378 log Not Found: /.well-known/appspecific/com.chrome.devtools.json
WARNING 2025-10-29 16:53:25,379 basehttp "GET /.well-known/appspecific/com.chrome.devtools.json HTTP/1.1" 404 3664
INFO 2025-10-29 17:02:06,240 autoreload Watching for file changes with StatReloader
INFO 2025-10-29 17:02:25,763 basehttp "GET / HTTP/1.1" 302 0
INFO 2025-10-29 17:02:25,802 basehttp "GET /home-page/administrateur/1 HTTP/1.1" 200 696
INFO 2025-10-29 17:02:36,116 basehttp "GET / HTTP/1.1" 200 955
INFO 2025-10-29 17:04:48,531 views Connexion rï¿½ussie de l'utilisateur Djeufack Kafack (administrateur).
INFO 2025-10-29 17:04:48,533 basehttp "POST / HTTP/1.1" 302 0
INFO 2025-10-29 17:04:48,547 basehttp "GET /home-page/administrateur/1 HTTP/1.1" 200 696
INFO 2025-10-29 17:04:50,762 basehttp "GET /edit-page/administrateur/1 HTTP/1.1" 200 58631
INFO 2025-10-29 17:04:50,875 basehttp "GET /static/studentManagerApp/JS/edit-page.js HTTP/1.1" 200 5440
INFO 2025-10-29 17:04:54,452 basehttp "GET /home-page/administrateur/1 HTTP/1.1" 200 696
INFO 2025-10-29 17:04:57,497 basehttp "GET /edit-page/administrateur/1 HTTP/1.1" 200 58631
WARNING 2025-10-29 17:05:40,674 log Not Found: /.well-known/appspecific/com.chrome.devtools.json
WARNING 2025-10-29 17:05:40,675 basehttp "GET /.well-known/appspecific/com.chrome.devtools.json HTTP/1.1" 404 3664
INFO 2025-10-29 17:06:00,613 basehttp "GET /home-page/administrateur/1 HTTP/1.1" 200 696
WARNING 2025-10-29 17:06:00,683 log Not Found: /.well-known/appspecific/com.chrome.devtools.json
WARNING 2025-10-29 17:06:00,684 basehttp "GET /.well-known/appspecific/com.chrome.devtools.json HTTP/1.1" 404 3664
INFO 2025-10-29 17:06:01,808 basehttp "GET /edit-page/administrateur/1 HTTP/1.1" 200 58631
WARNING 2025-10-29 17:06:01,866 log Not Found: /.well-known/appspecific/com.chrome.devtools.json
WARNING 2025-10-29 17:06:01,867 basehttp "GET /.well-known/appspecific/com.chrome.devtools.json HTTP/1.1" 404 3664
WARNING 2025-10-29 17:06:29,573 log Not Found: /.well-known/appspecific/com.chrome.devtools.json
WARNING 2025-10-29 17:06:29,574 basehttp "GET /.well-known/appspecific/com.chrome.devtools.json HTTP/1.1" 404 3664
WARNING 2025-10-29 17:08:43,270 log Not Found: /.well-known/appspecific/com.chrome.devtools.json
WARNING 2025-10-29 17:08:43,271 basehttp "GET /.well-known/appspecific/com.chrome.devtools.json HTTP/1.1" 404 3664
INFO 2025-10-29 17:13:05,237 basehttp "GET /edit-page/administrateur/1 HTTP/1.1" 200 58631
INFO 2025-10-29 17:13:05,285 basehttp "GET /static/studentManagerApp/JS/edit-page.js HTTP/1.1" 304 0
WARNING 2025-10-29 17:13:24,663 log Not Found: /.well-known/appspecific/com.chrome.devtools.json
WARNING 2025-10-29 17:13:24,664 basehttp "GET /.well-known/appspecific/com.chrome.devtools.json HTTP/1.1" 404 3664
INFO 2025-10-29 17:14:46,981 basehttp "GET /edit-page/administrateur/1 HTTP/1.1" 200 58631
WARNING 2025-10-29 17:15:00,726 log Not Found: /.well-known/appspecific/com.chrome.devtools.json
WARNING 2025-10-29 17:15:00,727 basehttp "GET /.well-known/appspecific/com.chrome.devtools.json HTTP/1.1" 404 3664
INFO 2025-10-29 17:19:57,267 autoreload Watching for file changes with StatReloader
INFO 2025-10-29 17:20:02,785 basehttp "GET / HTTP/1.1" 302 0
INFO 2025-10-29 17:20:02,816 basehttp "GET /home-page/administrateur/1 HTTP/1.1" 200 696
INFO 2025-10-29 17:20:08,409 basehttp "GET /edit-page/administrateur/1 HTTP/1.1" 200 58631
INFO 2025-10-29 17:20:46,474 basehttp "GET /edit-page/administrateur/1 HTTP/1.1" 200 58631
INFO 2025-10-29 17:20:47,269 basehttp "GET /edit-page/administrateur/1 HTTP/1.1" 200 58631
INFO 2025-10-29 17:21:02,238 basehttp "GET / HTTP/1.1" 302 0
INFO 2025-10-29 17:21:02,262 basehttp "GET /home-page/administrateur/1 HTTP/1.1" 200 696
INFO 2025-10-29 17:21:12,359 basehttp "GET /home-page/administrateur/1 HTTP/1.1" 200 696
INFO 2025-10-29 17:21:15,342 basehttp "GET /edit-page/administrateur/1 HTTP/1.1" 200 58631
INFO 2025-10-29 17:21:15,453 basehttp "GET /static/studentManagerApp/JS/edit-page.js HTTP/1.1" 200 5494
INFO 2025-10-29 17:21:57,144 basehttp "GET /edit-page/administrateur/1 HTTP/1.1" 200 58631
INFO 2025-10-29 17:21:57,178 basehttp "GET /static/studentManagerApp/JS/edit-page.js HTTP/1.1" 304 0
INFO 2025-10-29 17:22:38,050 basehttp "GET /edit-page/administrateur/1 HTTP/1.1" 200 58631
INFO 2025-10-29 17:22:38,089 basehttp "GET /static/studentManagerApp/JS/edit-page.js HTTP/1.1" 304 0
INFO 2025-10-29 17:32:50,511 autoreload Watching for file changes with StatReloader
INFO 2025-10-29 17:32:55,671 basehttp "GET / HTTP/1.1" 302 0
INFO 2025-10-29 17:32:55,704 basehttp "GET /home-page/administrateur/1 HTTP/1.1" 200 696
INFO 2025-10-29 17:32:57,895 basehttp "GET /edit-page/administrateur/1 HTTP/1.1" 200 58631
WARNING 2025-10-29 17:33:19,129 log Not Found: /.well-known/appspecific/com.chrome.devtools.json
WARNING 2025-10-29 17:33:19,130 basehttp "GET /.well-known/appspecific/com.chrome.devtools.json HTTP/1.1" 404 3664
INFO 2025-10-29 17:34:43,655 autoreload Watching for file changes with StatReloader
INFO 2025-10-29 17:34:46,011 basehttp "GET / HTTP/1.1" 200 955
INFO 2025-10-29 17:35:00,272 views Connexion rï¿½ussie de l'utilisateur Djeufack Kafack (administrateur).
INFO 2025-10-29 17:35:00,273 basehttp "POST / HTTP/1.1" 302 0
INFO 2025-10-29 17:35:00,295 basehttp "GET /home-page/administrateur/1 HTTP/1.1" 200 696
INFO 2025-10-29 17:35:01,925 basehttp "GET /edit-page/administrateur/1 HTTP/1.1" 200 58631
INFO 2025-10-29 17:35:02,057 basehttp "GET /static/studentManagerApp/JS/edit-page.js HTTP/1.1" 200 5629
WARNING 2025-10-29 17:35:12,792 log Not Found: /.well-known/appspecific/com.chrome.devtools.json
WARNING 2025-10-29 17:35:12,793 basehttp "GET /.well-known/appspecific/com.chrome.devtools.json HTTP/1.1" 404 3664
INFO 2025-10-29 17:38:00,975 basehttp "GET /edit-page/administrateur/1 HTTP/1.1" 200 58631
WARNING 2025-10-29 17:38:01,031 log Not Found: /.well-known/appspecific/com.chrome.devtools.json
WARNING 2025-10-29 17:38:01,034 basehttp "GET /.well-known/appspecific/com.chrome.devtools.json HTTP/1.1" 404 3664
INFO 2025-10-29 17:38:01,037 basehttp "GET /static/studentManagerApp/JS/edit-page.js HTTP/1.1" 304 0
INFO 2025-10-29 17:46:15,071 basehttp "GET /edit-page/administrateur/1 HTTP/1.1" 200 58631
INFO 2025-10-29 17:46:15,109 basehttp "GET /static/studentManagerApp/JS/edit-page.js HTTP/1.1" 304 0
WARNING 2025-10-29 17:46:45,731 log Not Found: /.well-known/appspecific/com.chrome.devtools.json
WARNING 2025-10-29 17:46:45,732 basehttp "GET /.well-known/appspecific/com.chrome.devtools.json HTTP/1.1" 404 3664
INFO 2025-10-29 17:47:33,012 basehttp "GET /edit-page/administrateur/1 HTTP/1.1" 200 58631
WARNING 2025-10-29 17:47:33,085 log Not Found: /.well-known/appspecific/com.chrome.devtools.json
WARNING 2025-10-29 17:47:33,087 basehttp "GET /.well-known/appspecific/com.chrome.devtools.json HTTP/1.1" 404 3664
INFO 2025-10-29 17:53:07,347 autoreload Watching for file changes with StatReloader
INFO 2025-10-29 17:53:30,403 basehttp "GET / HTTP/1.1" 200 955
INFO 2025-10-29 17:53:41,302 views Connexion rï¿½ussie de l'utilisateur Djeufack Kafack (administrateur).
INFO 2025-10-29 17:53:41,305 basehttp "POST / HTTP/1.1" 302 0
INFO 2025-10-29 17:53:41,331 basehttp "GET /home-page/administrateur/1 HTTP/1.1" 200 696
INFO 2025-10-29 17:53:42,902 basehttp "GET /edit-page/administrateur/1 HTTP/1.1" 200 58631
INFO 2025-10-29 17:53:43,041 basehttp "GET /static/studentManagerApp/JS/edit-page.js HTTP/1.1" 200 5749
WARNING 2025-10-29 17:53:56,073 log Not Found: /.well-known/appspecific/com.chrome.devtools.json
WARNING 2025-10-29 17:53:56,075 basehttp "GET /.well-known/appspecific/com.chrome.devtools.json HTTP/1.1" 404 3664
INFO 2025-10-29 18:04:21,159 basehttp "GET / HTTP/1.1" 200 955
INFO 2025-10-29 18:04:36,843 views Connexion rï¿½ussie de l'utilisateur Djeufack Kafack (administrateur).
INFO 2025-10-29 18:04:36,846 basehttp "POST / HTTP/1.1" 302 0
INFO 2025-10-29 18:04:36,873 basehttp "GET /home-page/administrateur/1 HTTP/1.1" 200 696
INFO 2025-10-29 18:04:38,725 basehttp "GET /edit-page/administrateur/1 HTTP/1.1" 200 58631
INFO 2025-10-29 18:04:38,796 basehttp "GET /static/studentManagerApp/JS/edit-page.js HTTP/1.1" 200 5684
WARNING 2025-10-29 18:04:59,615 log Not Found: /.well-known/appspecific/com.chrome.devtools.json
WARNING 2025-10-29 18:04:59,616 basehttp "GET /.well-known/appspecific/com.chrome.devtools.json HTTP/1.1" 404 3664
INFO 2025-10-29 18:11:03,435 autoreload Watching for file changes with StatReloader
INFO 2025-10-29 18:11:06,869 basehttp "GET / HTTP/1.1" 302 0
INFO 2025-10-29 18:11:06,925 basehttp "GET /home-page/administrateur/1 HTTP/1.1" 200 696
INFO 2025-10-29 18:11:08,675 basehttp "GET /edit-page/administrateur/1 HTTP/1.1" 200 58631
INFO 2025-10-29 18:11:18,599 basehttp "GET /edit-page/administrateur/1 HTTP/1.1" 200 58631
WARNING 2025-10-29 18:11:18,681 log Not Found: /.well-known/appspecific/com.chrome.devtools.json
WARNING 2025-10-29 18:11:18,683 basehttp "GET /.well-known/appspecific/com.chrome.devtools.json HTTP/1.1" 404 3664
INFO 2025-10-29 18:11:18,752 basehttp "GET /static/studentManagerApp/JS/edit-page.js HTTP/1.1" 200 5742
INFO 2025-10-29 18:24:07,595 autoreload Watching for file changes with StatReloader
INFO 2025-10-29 18:24:11,671 basehttp "GET / HTTP/1.1" 302 0
INFO 2025-10-29 18:24:11,707 basehttp "GET /home-page/administrateur/1 HTTP/1.1" 200 696
INFO 2025-10-29 18:24:18,606 basehttp "GET /edit-page/administrateur/1 HTTP/1.1" 200 58631
INFO 2025-10-29 18:24:27,623 basehttp "GET /admin/studentManagerApp/note/ HTTP/1.1" 302 0
INFO 2025-10-29 18:24:27,671 basehttp "GET /admin/login/?next=/admin/studentManagerApp/note/ HTTP/1.1" 200 4219
INFO 2025-10-29 18:24:43,348 basehttp "POST /admin/login/?next=/admin/studentManagerApp/note/ HTTP/1.1" 302 0
INFO 2025-10-29 18:24:43,559 basehttp "GET /admin/studentManagerApp/note/ HTTP/1.1" 200 58504
INFO 2025-10-29 18:24:43,664 basehttp "GET /admin/jsi18n/ HTTP/1.1" 200 3342
INFO 2025-10-29 18:24:45,544 basehttp "GET /admin/studentManagerApp/sessionutilisateur/ HTTP/1.1" 200 21272
INFO 2025-10-29 18:24:45,644 basehttp "GET /admin/jsi18n/ HTTP/1.1" 200 3342
INFO 2025-10-29 18:24:47,343 basehttp "GET /admin/studentManagerApp/note/ HTTP/1.1" 200 58504
INFO 2025-10-29 18:24:47,423 basehttp "GET /admin/jsi18n/ HTTP/1.1" 200 3342
INFO 2025-10-29 18:24:48,613 basehttp "GET /admin/studentManagerApp/matiere/ HTTP/1.1" 200 18410
INFO 2025-10-29 18:24:48,694 basehttp "GET /admin/jsi18n/ HTTP/1.1" 200 3342
INFO 2025-10-29 18:24:49,683 basehttp "GET /admin/studentManagerApp/evaluation/ HTTP/1.1" 200 21609
INFO 2025-10-29 18:24:49,756 basehttp "GET /admin/jsi18n/ HTTP/1.1" 200 3342
INFO 2025-10-29 18:24:50,595 basehttp "GET /admin/studentManagerApp/etudiant/ HTTP/1.1" 302 0
INFO 2025-10-29 18:24:50,619 basehttp "GET /admin/login/?next=/admin/studentManagerApp/etudiant/ HTTP/1.1" 200 4227
INFO 2025-10-29 18:25:04,030 basehttp "POST /admin/login/?next=/admin/studentManagerApp/etudiant/ HTTP/1.1" 302 0
INFO 2025-10-29 18:25:04,085 basehttp "GET /admin/studentManagerApp/etudiant/ HTTP/1.1" 200 17144
INFO 2025-10-29 18:25:04,181 basehttp "GET /admin/jsi18n/ HTTP/1.1" 200 3342
INFO 2025-10-29 18:25:08,108 basehttp "GET /admin/studentManagerApp/sessionutilisateur/ HTTP/1.1" 200 21272
INFO 2025-10-29 18:25:08,189 basehttp "GET /admin/jsi18n/ HTTP/1.1" 200 3342
INFO 2025-10-29 18:25:09,997 basehttp "GET /admin/studentManagerApp/note/ HTTP/1.1" 200 58504
INFO 2025-10-29 18:25:10,074 basehttp "GET /admin/jsi18n/ HTTP/1.1" 200 3342
INFO 2025-10-29 18:25:34,871 basehttp "POST /enregistrer-notes/ HTTP/1.1" 200 55
INFO 2025-10-29 18:25:43,502 basehttp "GET /admin/studentManagerApp/note/ HTTP/1.1" 302 0
INFO 2025-10-29 18:25:43,520 basehttp "GET /admin/login/?next=/admin/studentManagerApp/note/ HTTP/1.1" 200 4219
INFO 2025-10-29 18:25:57,095 basehttp "POST /admin/login/?next=/admin/studentManagerApp/note/ HTTP/1.1" 302 0
INFO 2025-10-29 18:25:57,250 basehttp "GET /admin/studentManagerApp/note/ HTTP/1.1" 200 58504
INFO 2025-10-29 18:25:57,339 basehttp "GET /admin/jsi18n/ HTTP/1.1" 200 3342
INFO 2025-10-29 18:34:50,847 basehttp "GET / HTTP/1.1" 200 955
INFO 2025-10-29 18:35:17,447 views Connexion rï¿½ussie de l'utilisateur Djeufack Kafack (administrateur).
INFO 2025-10-29 18:35:17,450 basehttp "POST / HTTP/1.1" 302 0
INFO 2025-10-29 18:35:17,464 basehttp "GET /home-page/administrateur/1 HTTP/1.1" 200 696
INFO 2025-10-29 18:35:18,959 basehttp "GET /edit-page/administrateur/1 HTTP/1.1" 200 58631
INFO 2025-10-29 18:35:19,091 basehttp "GET /static/studentManagerApp/JS/edit-page.js HTTP/1.1" 200 7864
INFO 2025-10-29 18:35:35,980 basehttp "GET /admin/login/?next=/admin/studentManagerApp/note/ HTTP/1.1" 200 4219
INFO 2025-10-29 18:35:36,037 basehttp "GET /static/admin/css/base.css HTTP/1.1" 200 22120
INFO 2025-10-29 18:35:36,071 basehttp "GET /static/admin/css/dark_mode.css HTTP/1.1" 200 2808
INFO 2025-10-29 18:35:36,076 basehttp "GET /static/admin/css/login.css HTTP/1.1" 200 951
INFO 2025-10-29 18:35:36,077 basehttp "GET /static/admin/css/nav_sidebar.css HTTP/1.1" 200 2810
INFO 2025-10-29 18:35:36,079 basehttp "GET /static/admin/css/responsive.css HTTP/1.1" 200 16565
INFO 2025-10-29 18:35:36,083 basehttp "GET /static/admin/js/theme.js HTTP/1.1" 200 1653
INFO 2025-10-29 18:35:36,088 basehttp "GET /static/admin/js/nav_sidebar.js HTTP/1.1" 200 3063
INFO 2025-10-29 18:35:54,457 basehttp "POST /admin/login/?next=/admin/studentManagerApp/note/ HTTP/1.1" 302 0
INFO 2025-10-29 18:35:54,607 basehttp "GET /admin/studentManagerApp/note/ HTTP/1.1" 200 58504
INFO 2025-10-29 18:35:54,650 basehttp "GET /static/admin/css/changelists.css HTTP/1.1" 200 6878
INFO 2025-10-29 18:35:54,668 basehttp "GET /static/admin/js/jquery.init.js HTTP/1.1" 200 347
INFO 2025-10-29 18:35:54,670 basehttp "GET /static/admin/js/core.js HTTP/1.1" 200 6208
INFO 2025-10-29 18:35:54,672 basehttp "GET /static/admin/js/admin/RelatedObjectLookups.js HTTP/1.1" 200 9777
INFO 2025-10-29 18:35:54,675 basehttp "GET /static/admin/js/actions.js HTTP/1.1" 200 8076
INFO 2025-10-29 18:35:54,678 basehttp "GET /static/admin/js/prepopulate.js HTTP/1.1" 200 1531
INFO 2025-10-29 18:35:54,679 basehttp "GET /static/admin/js/urlify.js HTTP/1.1" 200 7887
INFO 2025-10-29 18:35:54,688 basehttp "GET /admin/jsi18n/ HTTP/1.1" 200 3342
INFO 2025-10-29 18:35:54,697 basehttp "GET /static/admin/js/vendor/jquery/jquery.js HTTP/1.1" 200 285314
INFO 2025-10-29 18:35:54,700 basehttp "GET /static/admin/js/vendor/xregexp/xregexp.js HTTP/1.1" 200 325171
INFO 2025-10-29 18:35:54,705 basehttp "GET /static/admin/js/filters.js HTTP/1.1" 200 978
INFO 2025-10-29 18:35:54,741 basehttp "GET /static/admin/img/tooltag-add.svg HTTP/1.1" 200 331
INFO 2025-10-29 18:35:54,741 basehttp "GET /static/admin/img/icon-addlink.svg HTTP/1.1" 200 331
INFO 2025-10-29 18:35:54,742 basehttp "GET /static/admin/img/sorting-icons.svg HTTP/1.1" 200 1097
INFO 2025-10-29 18:35:54,746 basehttp "GET /static/admin/img/icon-viewlink.svg HTTP/1.1" 200 581
WARNING 2025-10-29 18:37:09,029 log Not Found: /.well-known/appspecific/com.chrome.devtools.json
WARNING 2025-10-29 18:37:09,032 basehttp "GET /.well-known/appspecific/com.chrome.devtools.json HTTP/1.1" 404 3664
INFO 2025-10-29 18:39:13,670 autoreload Watching for file changes with StatReloader
INFO 2025-10-29 18:39:20,599 basehttp "GET /edit-page/administrateur/1 HTTP/1.1" 200 58631
INFO 2025-10-29 18:39:20,664 basehttp "GET /static/studentManagerApp/JS/edit-page.js HTTP/1.1" 304 0
WARNING 2025-10-29 18:39:20,683 log Not Found: /.well-known/appspecific/com.chrome.devtools.json
WARNING 2025-10-29 18:39:20,686 basehttp "GET /.well-known/appspecific/com.chrome.devtools.json HTTP/1.1" 404 3664
INFO 2025-10-29 18:41:46,489 basehttp "GET / HTTP/1.1" 200 955
INFO 2025-10-29 18:42:08,666 views Connexion rï¿½ussie de l'utilisateur Djeufack Kafack (administrateur).
INFO 2025-10-29 18:42:08,667 basehttp "POST / HTTP/1.1" 302 0
INFO 2025-10-29 18:42:08,685 basehttp "GET /home-page/administrateur/1 HTTP/1.1" 200 696
INFO 2025-10-29 18:42:10,952 basehttp "GET /edit-page/administrateur/1 HTTP/1.1" 200 58631
INFO 2025-10-29 18:42:11,093 basehttp "GET /static/studentManagerApp/JS/edit-page.js HTTP/1.1" 200 7864
WARNING 2025-10-29 18:42:43,386 log Not Found: /.well-known/appspecific/com.chrome.devtools.json
WARNING 2025-10-29 18:42:43,395 basehttp "GET /.well-known/appspecific/com.chrome.devtools.json HTTP/1.1" 404 3664
INFO 2025-10-29 18:51:12,376 autoreload Watching for file changes with StatReloader
INFO 2025-10-29 18:51:29,108 basehttp "GET / HTTP/1.1" 200 955
INFO 2025-10-29 18:51:38,384 views Connexion rï¿½ussie de l'utilisateur Djeufack Kafack (administrateur).
INFO 2025-10-29 18:51:38,386 basehttp "POST / HTTP/1.1" 302 0
INFO 2025-10-29 18:51:38,414 basehttp "GET /home-page/administrateur/1 HTTP/1.1" 200 696
INFO 2025-10-29 18:51:39,893 basehttp "GET /edit-page/administrateur/1 HTTP/1.1" 200 58631
INFO 2025-10-29 18:51:40,022 basehttp "GET /static/studentManagerApp/JS/edit-page.js HTTP/1.1" 200 6763
WARNING 2025-10-29 18:51:47,720 log Not Found: /.well-known/appspecific/com.chrome.devtools.json
WARNING 2025-10-29 18:51:47,721 basehttp "GET /.well-known/appspecific/com.chrome.devtools.json HTTP/1.1" 404 3664
INFO 2025-10-29 18:54:25,100 basehttp "POST /enregistrer-notes/ HTTP/1.1" 200 55
INFO 2025-10-29 19:01:58,508 basehttp "POST /enregistrer-notes/ HTTP/1.1" 200 55
INFO 2025-10-29 19:05:20,740 autoreload Watching for file changes with StatReloader
INFO 2025-10-29 19:06:29,275 autoreload Watching for file changes with StatReloader
INFO 2025-10-29 19:07:44,651 autoreload C:\Users\arold\OneDrive\Desktop\Projets\projetsDjango\studentManager\studentManager\studentManagerApp\models.py changed, reloading.
INFO 2025-10-29 19:07:45,346 autoreload Watching for file changes with StatReloader
INFO 2025-10-29 19:08:11,721 autoreload Watching for file changes with StatReloader
INFO 2025-10-29 19:10:34,198 basehttp "GET / HTTP/1.1" 200 955
INFO 2025-10-29 19:10:46,487 views Connexion rï¿½ussie de l'utilisateur Djeufack Kafack (etudiant).
INFO 2025-10-29 19:10:46,488 basehttp "POST / HTTP/1.1" 302 0
INFO 2025-10-29 19:10:46,513 basehttp "GET /home-page/etudiant/1 HTTP/1.1" 200 603
INFO 2025-10-29 19:10:50,289 views Dï¿½connexion rï¿½ussie de l'utilisateur Djeufack Kafack (etudiant).
INFO 2025-10-29 19:10:50,301 basehttp "GET /log-out HTTP/1.1" 302 0
INFO 2025-10-29 19:10:50,314 basehttp "GET / HTTP/1.1" 200 955
INFO 2025-10-29 19:10:59,785 views Connexion rï¿½ussie de l'utilisateur Djeufack Kafack (administrateur).
INFO 2025-10-29 19:10:59,787 basehttp "POST / HTTP/1.1" 302 0
INFO 2025-10-29 19:10:59,800 basehttp "GET /home-page/administrateur/1 HTTP/1.1" 200 696
INFO 2025-10-29 19:11:03,017 basehttp "GET /edit-page/administrateur/1 HTTP/1.1" 200 58631
INFO 2025-10-29 19:11:03,163 basehttp "GET /static/studentManagerApp/JS/edit-page.js HTTP/1.1" 200 6763
INFO 2025-10-29 19:14:54,409 basehttp "GET /admin/login/?next=/admin/studentManagerApp/note/ HTTP/1.1" 200 4219
INFO 2025-10-29 19:14:54,459 basehttp "GET /static/admin/css/base.css HTTP/1.1" 200 22120
INFO 2025-10-29 19:14:54,469 basehttp "GET /static/admin/css/dark_mode.css HTTP/1.1" 200 2808
INFO 2025-10-29 19:14:54,480 basehttp "GET /static/admin/css/nav_sidebar.css HTTP/1.1" 200 2810
INFO 2025-10-29 19:14:54,480 basehttp "GET /static/admin/js/theme.js HTTP/1.1" 200 1653
INFO 2025-10-29 19:14:54,481 basehttp "GET /static/admin/css/login.css HTTP/1.1" 200 951
INFO 2025-10-29 19:14:54,481 basehttp "GET /static/admin/css/responsive.css HTTP/1.1" 200 16565
INFO 2025-10-29 19:14:54,499 basehttp "GET /static/admin/js/nav_sidebar.js HTTP/1.1" 200 3063
INFO 2025-10-29 19:15:11,337 basehttp "POST /admin/login/?next=/admin/studentManagerApp/note/ HTTP/1.1" 302 0
INFO 2025-10-29 19:15:11,470 basehttp "GET /admin/studentManagerApp/note/ HTTP/1.1" 200 58510
INFO 2025-10-29 19:15:11,523 basehttp "GET /static/admin/css/changelists.css HTTP/1.1" 200 6878
INFO 2025-10-29 19:15:11,530 basehttp "GET /static/admin/js/actions.js HTTP/1.1" 200 8076
INFO 2025-10-29 19:15:11,534 basehttp "GET /static/admin/js/jquery.init.js HTTP/1.1" 200 347
INFO 2025-10-29 19:15:11,537 basehttp "GET /static/admin/js/admin/RelatedObjectLookups.js HTTP/1.1" 200 9777
INFO 2025-10-29 19:15:11,538 basehttp "GET /static/admin/js/core.js HTTP/1.1" 200 6208
INFO 2025-10-29 19:15:11,546 basehttp "GET /static/admin/js/urlify.js HTTP/1.1" 200 7887
INFO 2025-10-29 19:15:11,551 basehttp "GET /static/admin/js/prepopulate.js HTTP/1.1" 200 1531
INFO 2025-10-29 19:15:11,559 basehttp "GET /admin/jsi18n/ HTTP/1.1" 200 3342
INFO 2025-10-29 19:15:11,562 basehttp "GET /static/admin/js/vendor/jquery/jquery.js HTTP/1.1" 200 285314
INFO 2025-10-29 19:15:11,563 basehttp "GET /static/admin/js/vendor/xregexp/xregexp.js HTTP/1.1" 200 325171
INFO 2025-10-29 19:15:11,578 basehttp "GET /static/admin/js/filters.js HTTP/1.1" 200 978
INFO 2025-10-29 19:15:11,604 basehttp "GET /static/admin/img/icon-addlink.svg HTTP/1.1" 200 331
INFO 2025-10-29 19:15:11,605 basehttp "GET /static/admin/img/tooltag-add.svg HTTP/1.1" 200 331
INFO 2025-10-29 19:15:11,607 basehttp "GET /static/admin/img/sorting-icons.svg HTTP/1.1" 200 1097
INFO 2025-10-29 19:15:11,610 basehttp "GET /static/admin/img/icon-viewlink.svg HTTP/1.1" 200 581
INFO 2025-10-29 19:15:39,645 basehttp "POST /enregistrer-notes/ HTTP/1.1" 200 55
INFO 2025-10-29 19:15:46,096 basehttp "GET /admin/studentManagerApp/note/ HTTP/1.1" 302 0
INFO 2025-10-29 19:15:46,113 basehttp "GET /admin/login/?next=/admin/studentManagerApp/note/ HTTP/1.1" 200 4219
INFO 2025-10-29 19:16:04,118 basehttp "POST /admin/login/?next=/admin/studentManagerApp/note/ HTTP/1.1" 302 0
INFO 2025-10-29 19:16:04,264 basehttp "GET /admin/studentManagerApp/note/ HTTP/1.1" 200 58510
INFO 2025-10-29 19:16:04,326 basehttp "GET /admin/jsi18n/ HTTP/1.1" 200 3342
INFO 2025-10-29 19:16:38,788 basehttp "GET /edit-page/administrateur/1 HTTP/1.1" 200 58631
INFO 2025-10-29 19:16:38,822 basehttp "GET /static/studentManagerApp/JS/edit-page.js HTTP/1.1" 304 0
INFO 2025-10-29 19:17:26,964 basehttp "GET /admin/login/?next=/admin/studentManagerApp/note/ HTTP/1.1" 200 4219
INFO 2025-10-29 19:17:40,240 basehttp "POST /admin/login/?next=/admin/studentManagerApp/note/ HTTP/1.1" 302 0
INFO 2025-10-29 19:17:40,384 basehttp "GET /admin/studentManagerApp/note/ HTTP/1.1" 200 58510
INFO 2025-10-29 19:17:40,442 basehttp "GET /admin/jsi18n/ HTTP/1.1" 200 3342
INFO 2025-10-29 19:18:15,017 basehttp "GET /admin/studentManagerApp/note/14/change/ HTTP/1.1" 302 0
INFO 2025-10-29 19:18:15,030 basehttp "GET /admin/login/?next=/admin/studentManagerApp/note/14/change/ HTTP/1.1" 200 4239
INFO 2025-10-29 19:18:34,814 basehttp "POST /admin/login/?next=/admin/studentManagerApp/note/14/change/ HTTP/1.1" 302 0
INFO 2025-10-29 19:18:34,889 basehttp "GET /admin/studentManagerApp/note/14/change/ HTTP/1.1" 200 17882
INFO 2025-10-29 19:18:34,958 basehttp "GET /static/admin/css/forms.css HTTP/1.1" 200 8525
INFO 2025-10-29 19:18:34,966 basehttp "GET /static/admin/js/prepopulate_init.js HTTP/1.1" 200 586
INFO 2025-10-29 19:18:34,971 basehttp "GET /admin/jsi18n/ HTTP/1.1" 200 3342
INFO 2025-10-29 19:18:34,973 basehttp "GET /static/admin/css/widgets.css HTTP/1.1" 200 11991
INFO 2025-10-29 19:18:34,979 basehttp "GET /static/admin/img/icon-changelink.svg HTTP/1.1" 200 380
INFO 2025-10-29 19:18:34,993 basehttp "GET /static/admin/js/change_form.js HTTP/1.1" 200 606
INFO 2025-10-29 19:18:49,494 basehttp "POST /enregistrer-notes/ HTTP/1.1" 200 55
INFO 2025-10-29 19:18:58,059 basehttp "GET /admin/studentManagerApp/note/ HTTP/1.1" 302 0
INFO 2025-10-29 19:18:58,077 basehttp "GET /admin/login/?next=/admin/studentManagerApp/note/ HTTP/1.1" 200 4219
INFO 2025-10-29 19:19:14,520 basehttp "GET /admin/studentManagerApp/note/ HTTP/1.1" 302 0
INFO 2025-10-29 19:19:14,539 basehttp "GET /admin/login/?next=/admin/studentManagerApp/note/ HTTP/1.1" 200 4219
INFO 2025-10-29 19:19:32,527 basehttp "POST /admin/login/?next=/admin/studentManagerApp/note/ HTTP/1.1" 302 0
INFO 2025-10-29 19:19:32,683 basehttp "GET /admin/studentManagerApp/note/ HTTP/1.1" 200 58513
INFO 2025-10-29 19:19:32,778 basehttp "GET /admin/jsi18n/ HTTP/1.1" 200 3342
INFO 2025-10-29 19:20:32,369 basehttp "GET /tableau-notes/administrateur/1 HTTP/1.1" 200 56286
INFO 2025-10-29 19:20:38,264 basehttp "GET /edit-page/administrateur/1 HTTP/1.1" 200 58631
INFO 2025-10-29 19:20:38,303 basehttp "GET /static/studentManagerApp/JS/edit-page.js HTTP/1.1" 304 0
INFO 2025-10-29 19:21:18,288 basehttp "POST /enregistrer-notes/ HTTP/1.1" 200 55
INFO 2025-10-29 19:21:23,941 basehttp "GET /admin/studentManagerApp/note/ HTTP/1.1" 302 0
INFO 2025-10-29 19:21:23,966 basehttp "GET /admin/login/?next=/admin/studentManagerApp/note/ HTTP/1.1" 200 4219
INFO 2025-10-29 19:21:38,401 basehttp "POST /admin/login/?next=/admin/studentManagerApp/note/ HTTP/1.1" 302 0
INFO 2025-10-29 19:21:38,563 basehttp "GET /admin/studentManagerApp/note/ HTTP/1.1" 200 58513
INFO 2025-10-29 19:21:38,646 basehttp "GET /admin/jsi18n/ HTTP/1.1" 200 3342
INFO 2025-10-29 19:24:27,911 autoreload Watching for file changes with StatReloader
INFO 2025-10-29 19:24:36,923 basehttp "GET / HTTP/1.1" 302 0
INFO 2025-10-29 19:24:36,951 basehttp "GET /home-page/administrateur/1 HTTP/1.1" 200 696
INFO 2025-10-29 19:24:43,292 basehttp "GET /edit-page/administrateur/1 HTTP/1.1" 200 58631
INFO 2025-10-29 19:24:46,397 basehttp "GET /home-page/administrateur/1 HTTP/1.1" 200 696
INFO 2025-10-29 19:24:55,056 basehttp "GET /edit-page/administrateur/1 HTTP/1.1" 200 58631
INFO 2025-10-29 19:25:03,097 basehttp "GET /home-page/administrateur/1 HTTP/1.1" 200 696
INFO 2025-10-29 19:25:11,116 basehttp "GET /edit-page/administrateur/1 HTTP/1.1" 200 58631
INFO 2025-10-29 19:25:12,782 basehttp "GET /tableau-notes/administrateur/1 HTTP/1.1" 200 56285
INFO 2025-10-29 19:25:14,043 basehttp "GET /profile-page/administrateur/1 HTTP/1.1" 200 729
INFO 2025-10-29 19:25:19,141 views Dï¿½connexion rï¿½ussie de l'utilisateur Djeufack Kafack (administrateur).
INFO 2025-10-29 19:25:19,150 basehttp "GET /log-out HTTP/1.1" 302 0
INFO 2025-10-29 19:25:19,179 basehttp "GET / HTTP/1.1" 200 955
INFO 2025-10-31 12:55:10,084 autoreload Watching for file changes with StatReloader
INFO 2025-10-31 12:55:15,121 basehttp "GET / HTTP/1.1" 200 955
WARNING 2025-10-31 12:55:15,322 log Not Found: /favicon.ico
WARNING 2025-10-31 12:55:15,323 basehttp "GET /favicon.ico HTTP/1.1" 404 3553
INFO 2025-10-31 12:55:32,715 basehttp "POST / HTTP/1.1" 302 0
INFO 2025-10-31 12:55:32,733 basehttp "GET / HTTP/1.1" 200 1077
INFO 2025-10-31 12:56:09,566 views Connexion rï¿½ussie de l'utilisateur Djeufack Kafack (administrateur).
INFO 2025-10-31 12:56:09,568 basehttp "POST / HTTP/1.1" 302 0
INFO 2025-10-31 12:56:09,607 basehttp "GET /home-page/administrateur/1 HTTP/1.1" 200 696
INFO 2025-10-31 12:56:11,673 basehttp "GET /edit-page/administrateur/1 HTTP/1.1" 200 58631
INFO 2025-10-31 12:56:11,922 basehttp "GET /static/studentManagerApp/JS/edit-page.js HTTP/1.1" 200 6669
WARNING 2025-10-31 12:56:17,156 log Not Found: /.well-known/appspecific/com.chrome.devtools.json
WARNING 2025-10-31 12:56:17,158 basehttp "GET /.well-known/appspecific/com.chrome.devtools.json HTTP/1.1" 404 3664
INFO 2025-10-31 12:57:10,447 basehttp "POST /enregistrer-notes/ HTTP/1.1" 200 55
INFO 2025-10-31 13:37:43,592 autoreload Watching for file changes with StatReloader
INFO 2025-10-31 13:37:49,926 basehttp "GET / HTTP/1.1" 302 0
INFO 2025-10-31 13:37:49,969 basehttp "GET /home-page/administrateur/1 HTTP/1.1" 200 696
INFO 2025-10-31 13:37:55,245 basehttp "GET /edit-page/administrateur/1 HTTP/1.1" 200 58631
INFO 2025-10-31 13:37:55,398 basehttp "GET /static/studentManagerApp/JS/edit-page.js HTTP/1.1" 200 6757
WARNING 2025-10-31 13:38:01,608 log Not Found: /.well-known/appspecific/com.chrome.devtools.json
WARNING 2025-10-31 13:38:01,609 basehttp "GET /.well-known/appspecific/com.chrome.devtools.json HTTP/1.1" 404 3664
INFO 2025-10-31 13:38:48,245 basehttp "POST /enregistrer-notes/ HTTP/1.1" 200 55
INFO 2025-10-31 13:39:09,668 basehttp "POST /enregistrer-notes/ HTTP/1.1" 200 55
INFO 2025-10-31 13:39:27,925 basehttp "GET /edit-page/administrateur/1 HTTP/1.1" 200 58632
WARNING 2025-10-31 13:39:28,015 log Not Found: /.well-known/appspecific/com.chrome.devtools.json
WARNING 2025-10-31 13:39:28,019 basehttp "GET /.well-known/appspecific/com.chrome.devtools.json HTTP/1.1" 404 3664
INFO 2025-10-31 13:39:28,019 basehttp "GET /static/studentManagerApp/JS/edit-page.js HTTP/1.1" 304 0
INFO 2025-10-31 13:40:05,519 basehttp "POST /enregistrer-notes/ HTTP/1.1" 200 55
INFO 2025-10-31 13:42:37,915 autoreload Watching for file changes with StatReloader
INFO 2025-10-31 13:42:47,670 basehttp "GET /edit-page/administrateur/1 HTTP/1.1" 200 58632
INFO 2025-10-31 13:42:47,741 basehttp "GET /static/studentManagerApp/JS/edit-page.js HTTP/1.1" 304 0
WARNING 2025-10-31 13:42:52,457 log Not Found: /.well-known/appspecific/com.chrome.devtools.json
WARNING 2025-10-31 13:42:52,459 basehttp "GET /.well-known/appspecific/com.chrome.devtools.json HTTP/1.1" 404 3664
INFO 2025-10-31 13:47:06,613 basehttp "POST /enregistrer-notes/ HTTP/1.1" 200 55
INFO 2025-10-31 13:52:44,038 autoreload Watching for file changes with StatReloader
INFO 2025-10-31 13:56:33,124 basehttp "GET / HTTP/1.1" 302 0
INFO 2025-10-31 13:56:33,163 basehttp "GET /home-page/administrateur/1 HTTP/1.1" 200 696
WARNING 2025-10-31 13:56:38,002 log Not Found: /.well-known/appspecific/com.chrome.devtools.json
WARNING 2025-10-31 13:56:38,003 basehttp "GET /.well-known/appspecific/com.chrome.devtools.json HTTP/1.1" 404 3664
INFO 2025-10-31 13:56:39,868 basehttp "GET /edit-page/administrateur/1 HTTP/1.1" 200 58632
WARNING 2025-10-31 13:56:39,950 log Not Found: /.well-known/appspecific/com.chrome.devtools.json
WARNING 2025-10-31 13:56:39,951 basehttp "GET /.well-known/appspecific/com.chrome.devtools.json HTTP/1.1" 404 3664
INFO 2025-10-31 13:56:40,081 basehttp "GET /static/studentManagerApp/JS/edit-page.js HTTP/1.1" 200 6899
INFO 2025-10-31 13:57:04,871 basehttp "POST /enregistrer-notes/ HTTP/1.1" 200 55
INFO 2025-10-31 13:57:26,349 basehttp "POST /enregistrer-notes/ HTTP/1.1" 200 55
INFO 2025-10-31 13:58:01,357 basehttp "GET /edit-page/administrateur/1 HTTP/1.1" 200 58632
WARNING 2025-10-31 13:58:01,465 log Not Found: /.well-known/appspecific/com.chrome.devtools.json
WARNING 2025-10-31 13:58:01,469 basehttp "GET /.well-known/appspecific/com.chrome.devtools.json HTTP/1.1" 404 3664
INFO 2025-10-31 13:58:01,470 basehttp "GET /static/studentManagerApp/JS/edit-page.js HTTP/1.1" 304 0
INFO 2025-10-31 13:58:43,189 basehttp "POST /enregistrer-notes/ HTTP/1.1" 200 55
INFO 2025-10-31 13:59:07,015 basehttp "POST /enregistrer-notes/ HTTP/1.1" 200 55
INFO 2025-10-31 14:00:55,883 autoreload Watching for file changes with StatReloader
INFO 2025-10-31 14:00:59,428 basehttp "GET / HTTP/1.1" 302 0
INFO 2025-10-31 14:00:59,464 basehttp "GET /home-page/administrateur/1 HTTP/1.1" 200 696
INFO 2025-10-31 14:01:05,067 basehttp "GET /edit-page/administrateur/1 HTTP/1.1" 200 58632
INFO 2025-10-31 14:01:05,236 basehttp "GET /static/studentManagerApp/JS/edit-page.js HTTP/1.1" 200 6998
INFO 2025-10-31 14:01:28,609 basehttp "POST /enregistrer-notes/ HTTP/1.1" 200 55
WARNING 2025-10-31 14:01:35,633 log Not Found: /.well-known/appspecific/com.chrome.devtools.json
WARNING 2025-10-31 14:01:35,635 basehttp "GET /.well-known/appspecific/com.chrome.devtools.json HTTP/1.1" 404 3664
INFO 2025-10-31 14:18:06,223 autoreload Watching for file changes with StatReloader
INFO 2025-10-31 14:18:15,479 basehttp "GET / HTTP/1.1" 302 0
INFO 2025-10-31 14:18:15,515 basehttp "GET /home-page/administrateur/1 HTTP/1.1" 200 696
INFO 2025-10-31 14:18:19,625 basehttp "GET /edit-page/administrateur/1 HTTP/1.1" 200 58633
INFO 2025-10-31 14:18:19,782 basehttp "GET /static/studentManagerApp/JS/edit-page.js HTTP/1.1" 200 7023
INFO 2025-10-31 14:18:29,156 basehttp "POST /enregistrer-notes/ HTTP/1.1" 200 55
WARNING 2025-10-31 14:18:33,491 log Not Found: /.well-known/appspecific/com.chrome.devtools.json
WARNING 2025-10-31 14:18:33,492 basehttp "GET /.well-known/appspecific/com.chrome.devtools.json HTTP/1.1" 404 3664
INFO 2025-10-31 14:19:55,796 basehttp "GET /edit-page/administrateur/1 HTTP/1.1" 200 58633
INFO 2025-10-31 14:19:55,866 basehttp "GET /static/studentManagerApp/JS/edit-page.js HTTP/1.1" 200 7011
INFO 2025-10-31 14:20:01,728 basehttp "POST /enregistrer-notes/ HTTP/1.1" 200 55
WARNING 2025-10-31 14:20:07,863 log Not Found: /.well-known/appspecific/com.chrome.devtools.json
WARNING 2025-10-31 14:20:07,864 basehttp "GET /.well-known/appspecific/com.chrome.devtools.json HTTP/1.1" 404 3664
INFO 2025-11-01 05:15:58,785 autoreload Watching for file changes with StatReloader
INFO 2025-11-01 05:16:02,048 basehttp "GET / HTTP/1.1" 302 0
INFO 2025-11-01 05:16:02,097 basehttp "GET /home-page/administrateur/1 HTTP/1.1" 200 696
INFO 2025-11-01 05:16:04,116 basehttp "GET /edit-page/administrateur/1 HTTP/1.1" 200 54453
INFO 2025-11-01 05:16:04,319 basehttp "GET /static/studentManagerApp/JS/edit-page.js HTTP/1.1" 200 7025
WARNING 2025-11-01 05:16:30,743 log Not Found: /.well-known/appspecific/com.chrome.devtools.json
WARNING 2025-11-01 05:16:30,744 basehttp "GET /.well-known/appspecific/com.chrome.devtools.json HTTP/1.1" 404 3664
INFO 2025-11-01 05:20:18,404 basehttp "GET /edit-page/administrateur/1 HTTP/1.1" 200 54453
INFO 2025-11-01 05:20:18,470 basehttp "GET /static/studentManagerApp/JS/edit-page.js HTTP/1.1" 200 7058
WARNING 2025-11-01 05:20:28,696 log Not Found: /.well-known/appspecific/com.chrome.devtools.json
WARNING 2025-11-01 05:20:28,697 basehttp "GET /.well-known/appspecific/com.chrome.devtools.json HTTP/1.1" 404 3664
INFO 2025-11-01 05:21:48,730 basehttp "GET /edit-page/administrateur/1 HTTP/1.1" 200 54453
INFO 2025-11-01 05:21:48,816 basehttp "GET /static/studentManagerApp/JS/edit-page.js HTTP/1.1" 200 7053
WARNING 2025-11-01 05:22:01,728 log Not Found: /.well-known/appspecific/com.chrome.devtools.json
WARNING 2025-11-01 05:22:01,730 basehttp "GET /.well-known/appspecific/com.chrome.devtools.json HTTP/1.1" 404 3664
INFO 2025-11-01 05:25:39,445 basehttp "GET /edit-page/administrateur/1 HTTP/1.1" 200 54453
INFO 2025-11-01 05:25:39,507 basehttp "GET /static/studentManagerApp/JS/edit-page.js HTTP/1.1" 200 7041
INFO 2025-11-01 05:25:59,092 basehttp "GET /admin/login/?next=/admin/ HTTP/1.1" 200 4173
INFO 2025-11-01 05:26:14,271 basehttp "POST /admin/login/?next=/admin/ HTTP/1.1" 302 0
INFO 2025-11-01 05:26:14,327 basehttp "GET /admin/ HTTP/1.1" 200 15252
INFO 2025-11-01 05:26:19,986 basehttp "GET /admin/studentManagerApp/note/ HTTP/1.1" 200 58521
INFO 2025-11-01 05:26:20,088 basehttp "GET /admin/jsi18n/ HTTP/1.1" 200 3342
WARNING 2025-11-01 05:26:31,215 log Not Found: /.well-known/appspecific/com.chrome.devtools.json
WARNING 2025-11-01 05:26:31,217 basehttp "GET /.well-known/appspecific/com.chrome.devtools.json HTTP/1.1" 404 3664
INFO 2025-11-01 05:27:07,852 basehttp "POST /enregistrer-notes/ HTTP/1.1" 200 55
WARNING 2025-11-01 05:27:12,899 log Not Found: /.well-known/appspecific/com.chrome.devtools.json
WARNING 2025-11-01 05:27:12,899 basehttp "GET /.well-known/appspecific/com.chrome.devtools.json HTTP/1.1" 404 3664
INFO 2025-11-01 05:27:20,272 basehttp "GET /admin/studentManagerApp/note/ HTTP/1.1" 302 0
INFO 2025-11-01 05:27:20,295 basehttp "GET /admin/login/?next=/admin/studentManagerApp/note/ HTTP/1.1" 200 4219
INFO 2025-11-01 05:27:32,501 basehttp "POST /admin/login/?next=/admin/studentManagerApp/note/ HTTP/1.1" 302 0
INFO 2025-11-01 05:27:32,627 basehttp "GET /admin/studentManagerApp/note/ HTTP/1.1" 200 58522
INFO 2025-11-01 05:27:32,712 basehttp "GET /admin/jsi18n/ HTTP/1.1" 200 3342
WARNING 2025-11-01 05:28:45,260 log Not Found: /.well-known/appspecific/com.chrome.devtools.json
WARNING 2025-11-01 05:28:45,261 basehttp "GET /.well-known/appspecific/com.chrome.devtools.json HTTP/1.1" 404 3664
INFO 2025-11-01 05:32:53,902 basehttp "GET /edit-page/administrateur/1 HTTP/1.1" 200 54454
INFO 2025-11-01 05:32:53,979 basehttp "GET /static/studentManagerApp/JS/edit-page.js HTTP/1.1" 200 7040
WARNING 2025-11-01 05:33:08,342 log Not Found: /.well-known/appspecific/com.chrome.devtools.json
WARNING 2025-11-01 05:33:08,343 basehttp "GET /.well-known/appspecific/com.chrome.devtools.json HTTP/1.1" 404 3664
INFO 2025-11-01 05:33:21,526 basehttp "POST /enregistrer-notes/ HTTP/1.1" 200 55
INFO 2025-11-01 05:34:01,428 basehttp "GET /edit-page/administrateur/1 HTTP/1.1" 200 54455
WARNING 2025-11-01 05:34:01,520 log Not Found: /.well-known/appspecific/com.chrome.devtools.json
WARNING 2025-11-01 05:34:01,521 basehttp "GET /.well-known/appspecific/com.chrome.devtools.json HTTP/1.1" 404 3664
INFO 2025-11-01 05:34:01,536 basehttp "GET /static/studentManagerApp/JS/edit-page.js HTTP/1.1" 200 7037
INFO 2025-11-01 05:34:19,642 basehttp "POST /enregistrer-notes/ HTTP/1.1" 200 55
WARNING 2025-11-01 05:34:25,087 log Not Found: /.well-known/appspecific/com.chrome.devtools.json
WARNING 2025-11-01 05:34:25,090 basehttp "GET /.well-known/appspecific/com.chrome.devtools.json HTTP/1.1" 404 3664
INFO 2025-11-01 05:35:59,998 basehttp "GET /edit-page/administrateur/1 HTTP/1.1" 200 54456
INFO 2025-11-01 05:36:00,076 basehttp "GET /static/studentManagerApp/JS/edit-page.js HTTP/1.1" 304 0
INFO 2025-11-01 05:37:07,879 basehttp "POST /enregistrer-notes/ HTTP/1.1" 200 55
INFO 2025-11-01 05:37:40,545 basehttp "POST /enregistrer-notes/ HTTP/1.1" 200 55
WARNING 2025-11-01 05:38:19,948 log Not Found: /.well-known/appspecific/com.chrome.devtools.json
WARNING 2025-11-01 05:38:19,949 basehttp "GET /.well-known/appspecific/com.chrome.devtools.json HTTP/1.1" 404 3664
INFO 2025-11-01 05:41:02,755 basehttp "GET /edit-page/administrateur/1 HTTP/1.1" 200 54456
INFO 2025-11-01 05:41:02,828 basehttp "GET /static/studentManagerApp/JS/edit-page.js HTTP/1.1" 200 7058
INFO 2025-11-01 05:47:50,042 autoreload Watching for file changes with StatReloader
INFO 2025-11-01 05:47:53,718 basehttp "GET / HTTP/1.1" 302 0
INFO 2025-11-01 05:47:53,823 basehttp "GET /home-page/administrateur/1 HTTP/1.1" 200 696
INFO 2025-11-01 05:47:58,413 basehttp "GET /edit-page/administrateur/1 HTTP/1.1" 200 54456
INFO 2025-11-01 05:47:58,650 basehttp "GET /static/studentManagerApp/JS/edit-page.js HTTP/1.1" 200 7044
WARNING 2025-11-01 05:48:14,368 log Not Found: /.well-known/appspecific/com.chrome.devtools.json
WARNING 2025-11-01 05:48:14,369 basehttp "GET /.well-known/appspecific/com.chrome.devtools.json HTTP/1.1" 404 3664
INFO 2025-11-01 05:48:22,984 basehttp "POST /enregistrer-notes/ HTTP/1.1" 200 55
INFO 2025-11-01 05:49:24,873 basehttp "POST /enregistrer-notes/ HTTP/1.1" 200 55
INFO 2025-11-01 05:49:58,969 basehttp "POST /enregistrer-notes/ HTTP/1.1" 200 55
INFO 2025-11-01 05:50:43,549 basehttp "GET /edit-page/administrateur/1 HTTP/1.1" 200 54456
INFO 2025-11-01 05:50:43,613 basehttp "GET /static/studentManagerApp/JS/edit-page.js HTTP/1.1" 200 6753
INFO 2025-11-03 19:06:23,848 autoreload Watching for file changes with StatReloader
INFO 2025-11-03 19:06:27,892 basehttp "GET / HTTP/1.1" 302 0
INFO 2025-11-03 19:06:27,948 basehttp "GET /home-page/administrateur/1 HTTP/1.1" 200 696
WARNING 2025-11-03 19:06:28,155 log Not Found: /favicon.ico
WARNING 2025-11-03 19:06:28,156 basehttp "GET /favicon.ico HTTP/1.1" 404 3553
INFO 2025-11-03 19:06:33,632 basehttp "GET /edit-page/administrateur/1 HTTP/1.1" 200 54456
INFO 2025-11-03 19:06:33,719 basehttp "GET /static/studentManagerApp/JS/edit-page.js HTTP/1.1" 304 0
INFO 2025-11-03 19:07:10,303 basehttp "POST /enregistrer-notes/ HTTP/1.1" 200 55
INFO 2025-11-03 19:08:08,656 basehttp "POST /enregistrer-notes/ HTTP/1.1" 200 55
WARNING 2025-11-03 19:08:26,356 log Not Found: /.well-known/appspecific/com.chrome.devtools.json
WARNING 2025-11-03 19:08:26,358 basehttp "GET /.well-known/appspecific/com.chrome.devtools.json HTTP/1.1" 404 3664
INFO 2025-11-03 19:08:53,184 basehttp "GET /admin/login/?next=/admin/ HTTP/1.1" 200 4173
INFO 2025-11-03 19:09:15,365 basehttp "POST /admin/login/?next=/admin/ HTTP/1.1" 302 0
INFO 2025-11-03 19:09:15,415 basehttp "GET /admin/ HTTP/1.1" 200 15252
INFO 2025-11-03 19:09:18,699 basehttp "GET /admin/studentManagerApp/note/ HTTP/1.1" 200 58537
INFO 2025-11-03 19:09:18,802 basehttp "GET /admin/jsi18n/ HTTP/1.1" 200 3342
INFO 2025-11-03 19:10:48,656 autoreload Watching for file changes with StatReloader
INFO 2025-11-03 19:10:55,526 basehttp "GET /admin/studentManagerApp/note/3/change/ HTTP/1.1" 302 0
INFO 2025-11-03 19:10:55,606 basehttp "GET /admin/login/?next=/admin/studentManagerApp/note/3/change/ HTTP/1.1" 200 4237
INFO 2025-11-03 19:11:12,060 basehttp "POST /admin/login/?next=/admin/studentManagerApp/note/3/change/ HTTP/1.1" 302 0
INFO 2025-11-03 19:11:12,200 basehttp "GET /admin/studentManagerApp/note/3/change/ HTTP/1.1" 200 17879
INFO 2025-11-03 19:11:12,282 basehttp "GET /admin/jsi18n/ HTTP/1.1" 200 3342
INFO 2025-11-03 19:11:12,473 basehttp "GET /static/admin/css/forms.css HTTP/1.1" 200 8525
INFO 2025-11-03 19:11:12,474 basehttp "GET /static/admin/js/prepopulate_init.js HTTP/1.1" 200 586
INFO 2025-11-03 19:11:12,483 basehttp "GET /static/admin/css/widgets.css HTTP/1.1" 200 11991
INFO 2025-11-03 19:11:12,513 basehttp "GET /static/admin/js/change_form.js HTTP/1.1" 200 606
INFO 2025-11-03 19:11:18,323 basehttp "POST /admin/studentManagerApp/note/3/change/ HTTP/1.1" 200 18124
INFO 2025-11-03 19:11:18,394 basehttp "GET /admin/jsi18n/ HTTP/1.1" 200 3342
INFO 2025-11-03 19:13:09,809 autoreload Watching for file changes with StatReloader
INFO 2025-11-03 19:13:35,027 basehttp "POST /enregistrer-notes/ HTTP/1.1" 200 55
INFO 2025-11-03 19:40:00,877 autoreload Watching for file changes with StatReloader
INFO 2025-11-03 19:40:05,224 basehttp "GET / HTTP/1.1" 302 0
INFO 2025-11-03 19:40:05,275 basehttp "GET /home-page/administrateur/1 HTTP/1.1" 200 696
INFO 2025-11-03 19:40:12,689 basehttp "GET /edit-page/administrateur/1 HTTP/1.1" 200 55092
WARNING 2025-11-03 19:40:18,444 log Not Found: /.well-known/appspecific/com.chrome.devtools.json
WARNING 2025-11-03 19:40:18,446 basehttp "GET /.well-known/appspecific/com.chrome.devtools.json HTTP/1.1" 404 3664
INFO 2025-11-03 19:40:39,489 basehttp "GET /edit-page/administrateur/1 HTTP/1.1" 200 55092
WARNING 2025-11-03 19:40:39,591 log Not Found: /.well-known/appspecific/com.chrome.devtools.json
WARNING 2025-11-03 19:40:39,594 basehttp "GET /.well-known/appspecific/com.chrome.devtools.json HTTP/1.1" 404 3664
INFO 2025-11-03 19:53:39,360 basehttp "GET /edit-page/administrateur/1 HTTP/1.1" 200 56309
WARNING 2025-11-03 19:53:43,817 log Not Found: /.well-known/appspecific/com.chrome.devtools.json
WARNING 2025-11-03 19:53:43,819 basehttp "GET /.well-known/appspecific/com.chrome.devtools.json HTTP/1.1" 404 3664
INFO 2025-11-03 19:56:28,195 basehttp "GET /edit-page/administrateur/1 HTTP/1.1" 200 56309
WARNING 2025-11-03 19:56:44,491 log Not Found: /.well-known/appspecific/com.chrome.devtools.json
WARNING 2025-11-03 19:56:44,494 basehttp "GET /.well-known/appspecific/com.chrome.devtools.json HTTP/1.1" 404 3664
INFO 2025-11-03 19:57:11,844 basehttp "GET /edit-page/administrateur/1 HTTP/1.1" 200 56309
INFO 2025-11-03 19:58:33,798 basehttp "GET /edit-page/administrateur/1 HTTP/1.1" 200 56309
INFO 2025-11-03 19:59:28,779 basehttp "GET /edit-page/administrateur/1 HTTP/1.1" 200 56309
INFO 2025-11-03 20:00:26,224 basehttp "GET /edit-page/administrateur/1 HTTP/1.1" 200 56309
INFO 2025-11-03 20:01:08,184 basehttp "GET /edit-page/administrateur/1 HTTP/1.1" 200 56309
WARNING 2025-11-03 20:01:14,105 log Not Found: /.well-known/appspecific/com.chrome.devtools.json
WARNING 2025-11-03 20:01:14,106 basehttp "GET /.well-known/appspecific/com.chrome.devtools.json HTTP/1.1" 404 3664
INFO 2025-11-03 20:01:58,242 basehttp "GET /edit-page/administrateur/1 HTTP/1.1" 200 56309
WARNING 2025-11-03 20:01:58,311 log Not Found: /.well-known/appspecific/com.chrome.devtools.json
WARNING 2025-11-03 20:01:58,313 basehttp "GET /.well-known/appspecific/com.chrome.devtools.json HTTP/1.1" 404 3664
INFO 2025-11-03 20:02:39,429 basehttp "GET /edit-page/administrateur/1 HTTP/1.1" 200 56309
WARNING 2025-11-03 20:02:44,769 log Not Found: /.well-known/appspecific/com.chrome.devtools.json
WARNING 2025-11-03 20:02:44,770 basehttp "GET /.well-known/appspecific/com.chrome.devtools.json HTTP/1.1" 404 3664
INFO 2025-11-03 20:03:39,641 basehttp "GET /edit-page/administrateur/1 HTTP/1.1" 200 56309
WARNING 2025-11-03 20:03:39,719 log Not Found: /.well-known/appspecific/com.chrome.devtools.json
WARNING 2025-11-03 20:03:39,721 basehttp "GET /.well-known/appspecific/com.chrome.devtools.json HTTP/1.1" 404 3664
INFO 2025-11-03 20:03:50,065 basehttp "GET /edit-page/administrateur/1 HTTP/1.1" 200 56309
WARNING 2025-11-03 20:03:50,139 log Not Found: /.well-known/appspecific/com.chrome.devtools.json
WARNING 2025-11-03 20:03:50,140 basehttp "GET /.well-known/appspecific/com.chrome.devtools.json HTTP/1.1" 404 3664
INFO 2025-11-03 20:04:39,184 basehttp "GET /edit-page/administrateur/1 HTTP/1.1" 200 56309
INFO 2025-11-03 20:04:56,812 basehttp "GET /edit-page/administrateur/1 HTTP/1.1" 200 56309
INFO 2025-11-03 20:04:56,994 basehttp "GET /static/studentManagerApp/JS/edit-page.js HTTP/1.1" 200 7379
WARNING 2025-11-03 20:05:13,457 log Not Found: /.well-known/appspecific/com.chrome.devtools.json
WARNING 2025-11-03 20:05:13,459 basehttp "GET /.well-known/appspecific/com.chrome.devtools.json HTTP/1.1" 404 3664
INFO 2025-11-03 20:06:13,945 autoreload Watching for file changes with StatReloader
INFO 2025-11-03 20:06:20,230 basehttp "GET / HTTP/1.1" 302 0
INFO 2025-11-03 20:06:20,281 basehttp "GET /home-page/administrateur/1 HTTP/1.1" 200 696
INFO 2025-11-03 20:06:22,044 basehttp "GET /edit-page/administrateur/1 HTTP/1.1" 200 56309
WARNING 2025-11-03 20:06:33,820 log Not Found: /.well-known/appspecific/com.chrome.devtools.json
WARNING 2025-11-03 20:06:33,821 basehttp "GET /.well-known/appspecific/com.chrome.devtools.json HTTP/1.1" 404 3664
INFO 2025-11-03 20:06:50,775 basehttp "GET /edit-page/administrateur/1 HTTP/1.1" 200 56309
WARNING 2025-11-03 20:06:50,860 log Not Found: /.well-known/appspecific/com.chrome.devtools.json
WARNING 2025-11-03 20:06:50,861 basehttp "GET /.well-known/appspecific/com.chrome.devtools.json HTTP/1.1" 404 3664
INFO 2025-11-03 20:06:51,293 basehttp "GET /edit-page/administrateur/1 HTTP/1.1" 200 56309
WARNING 2025-11-03 20:06:51,387 log Not Found: /.well-known/appspecific/com.chrome.devtools.json
WARNING 2025-11-03 20:06:51,388 basehttp "GET /.well-known/appspecific/com.chrome.devtools.json HTTP/1.1" 404 3664
INFO 2025-11-03 20:06:51,671 basehttp "GET /edit-page/administrateur/1 HTTP/1.1" 200 56309
WARNING 2025-11-03 20:06:51,742 log Not Found: /.well-known/appspecific/com.chrome.devtools.json
WARNING 2025-11-03 20:06:51,743 basehttp "GET /.well-known/appspecific/com.chrome.devtools.json HTTP/1.1" 404 3664
INFO 2025-11-04 16:36:00,772 autoreload Watching for file changes with StatReloader
INFO 2025-11-04 16:36:04,887 basehttp "GET / HTTP/1.1" 302 0
INFO 2025-11-04 16:36:04,932 basehttp "GET /home-page/administrateur/1 HTTP/1.1" 200 696
WARNING 2025-11-04 16:36:05,095 log Not Found: /favicon.ico
WARNING 2025-11-04 16:36:05,096 basehttp "GET /favicon.ico HTTP/1.1" 404 3553
INFO 2025-11-04 16:36:12,613 basehttp "GET /edit-page/administrateur/1 HTTP/1.1" 200 56309
INFO 2025-11-04 16:36:12,835 basehttp "GET /static/studentManagerApp/JS/edit-page.js HTTP/1.1" 200 7322
INFO 2025-11-04 16:38:16,923 basehttp "GET /edit-page/administrateur/1 HTTP/1.1" 200 56309
INFO 2025-11-04 16:38:25,219 basehttp "GET /edit-page/administrateur/1 HTTP/1.1" 200 56309
INFO 2025-11-04 16:45:34,365 basehttp "GET /edit-page/administrateur/1 HTTP/1.1" 200 56309
INFO 2025-11-04 16:45:56,739 basehttp "GET /edit-page/administrateur/1 HTTP/1.1" 200 56309
INFO 2025-11-04 16:45:56,773 basehttp "GET /static/studentManagerApp/JS/edit-page.js HTTP/1.1" 200 7484
INFO 2025-11-04 16:47:25,300 basehttp "GET /edit-page/administrateur/1 HTTP/1.1" 200 56311
INFO 2025-11-04 16:47:25,327 basehttp "GET /static/studentManagerApp/JS/edit-page.js HTTP/1.1" 200 7486
INFO 2025-11-04 16:48:01,368 basehttp "GET /edit-page/administrateur/1 HTTP/1.1" 200 56313
INFO 2025-11-04 16:48:01,393 basehttp "GET /static/studentManagerApp/JS/edit-page.js HTTP/1.1" 304 0
INFO 2025-11-04 16:51:31,752 basehttp "GET /edit-page/administrateur/1 HTTP/1.1" 200 56313
INFO 2025-11-04 16:51:31,778 basehttp "GET /static/studentManagerApp/JS/edit-page.js HTTP/1.1" 200 7556
WARNING 2025-11-04 16:51:40,938 log Not Found: /.well-known/appspecific/com.chrome.devtools.json
WARNING 2025-11-04 16:51:40,939 basehttp "GET /.well-known/appspecific/com.chrome.devtools.json HTTP/1.1" 404 3664
INFO 2025-11-04 16:52:47,288 basehttp "GET /edit-page/administrateur/1 HTTP/1.1" 200 56313
WARNING 2025-11-04 16:52:47,336 log Not Found: /.well-known/appspecific/com.chrome.devtools.json
WARNING 2025-11-04 16:52:47,337 basehttp "GET /.well-known/appspecific/com.chrome.devtools.json HTTP/1.1" 404 3664
INFO 2025-11-04 16:52:47,349 basehttp "GET /static/studentManagerApp/JS/edit-page.js HTTP/1.1" 200 7567
INFO 2025-11-04 16:53:09,025 basehttp "GET /edit-page/administrateur/1 HTTP/1.1" 200 56313
INFO 2025-11-04 16:53:23,167 basehttp "GET /edit-page/administrateur/1 HTTP/1.1" 200 56313
WARNING 2025-11-04 16:53:23,219 log Not Found: /.well-known/appspecific/com.chrome.devtools.json
WARNING 2025-11-04 16:53:23,222 basehttp "GET /.well-known/appspecific/com.chrome.devtools.json HTTP/1.1" 404 3664
INFO 2025-11-04 16:53:23,226 basehttp "GET /static/studentManagerApp/JS/edit-page.js HTTP/1.1" 200 7565
INFO 2025-11-04 16:55:43,365 basehttp "GET /edit-page/administrateur/1 HTTP/1.1" 200 56313
WARNING 2025-11-04 16:55:43,409 log Not Found: /.well-known/appspecific/com.chrome.devtools.json
WARNING 2025-11-04 16:55:43,411 basehttp "GET /.well-known/appspecific/com.chrome.devtools.json HTTP/1.1" 404 3664
INFO 2025-11-04 16:55:43,413 basehttp "GET /static/studentManagerApp/JS/edit-page.js HTTP/1.1" 200 7611
INFO 2025-11-04 16:59:47,184 basehttp "GET /edit-page/administrateur/1 HTTP/1.1" 200 56313
WARNING 2025-11-04 16:59:47,294 log Not Found: /.well-known/appspecific/com.chrome.devtools.json
WARNING 2025-11-04 16:59:47,300 basehttp "GET /.well-known/appspecific/com.chrome.devtools.json HTTP/1.1" 404 3664
INFO 2025-11-04 16:59:47,304 basehttp "GET /static/studentManagerApp/JS/edit-page.js HTTP/1.1" 200 7614
INFO 2025-11-04 17:00:15,714 basehttp "GET /edit-page/administrateur/1 HTTP/1.1" 200 56313
WARNING 2025-11-04 17:00:15,845 log Not Found: /.well-known/appspecific/com.chrome.devtools.json
WARNING 2025-11-04 17:00:15,849 basehttp "GET /.well-known/appspecific/com.chrome.devtools.json HTTP/1.1" 404 3664
INFO 2025-11-04 17:00:15,859 basehttp "GET /static/studentManagerApp/JS/edit-page.js HTTP/1.1" 200 7614
INFO 2025-11-07 07:09:06,008 autoreload Watching for file changes with StatReloader
INFO 2025-11-07 07:09:12,485 basehttp "GET / HTTP/1.1" 302 0
INFO 2025-11-07 07:09:12,538 basehttp "GET /home-page/administrateur/1 HTTP/1.1" 200 696
WARNING 2025-11-07 07:09:12,672 log Not Found: /favicon.ico
WARNING 2025-11-07 07:09:12,673 basehttp "GET /favicon.ico HTTP/1.1" 404 3553
INFO 2025-11-07 07:09:17,122 views Dï¿½connexion rï¿½ussie de l'utilisateur Djeufack Kafack (administrateur).
INFO 2025-11-07 07:09:17,133 basehttp "GET /log-out HTTP/1.1" 302 0
INFO 2025-11-07 07:09:17,180 basehttp "GET / HTTP/1.1" 200 955
WARNING 2025-11-07 07:09:22,621 log Not Found: /.well-known/appspecific/com.chrome.devtools.json
WARNING 2025-11-07 07:09:22,624 basehttp "GET /.well-known/appspecific/com.chrome.devtools.json HTTP/1.1" 404 3664
INFO 2025-11-07 07:09:54,994 basehttp "GET / HTTP/1.1" 200 955
WARNING 2025-11-07 07:12:51,615 log Not Found: /.well-known/appspecific/com.chrome.devtools.json
WARNING 2025-11-07 07:12:51,616 basehttp "GET /.well-known/appspecific/com.chrome.devtools.json HTTP/1.1" 404 3664
INFO 2025-11-07 08:01:12,707 views Connexion rï¿½ussie de l'utilisateur Djeufack Kafack (administrateur).
INFO 2025-11-07 08:01:12,711 basehttp "POST / HTTP/1.1" 302 0
INFO 2025-11-07 08:01:12,743 basehttp "GET /home-page/administrateur/1 HTTP/1.1" 200 696
INFO 2025-11-07 08:01:14,783 basehttp "GET /edit-page/administrateur/1 HTTP/1.1" 200 56313
INFO 2025-11-07 08:01:14,962 basehttp "GET /static/studentManagerApp/JS/edit-page.js HTTP/1.1" 200 7614
INFO 2025-11-07 08:35:12,223 autoreload Watching for file changes with StatReloader
INFO 2025-11-07 08:35:25,244 basehttp "GET / HTTP/1.1" 302 0
INFO 2025-11-07 08:35:25,285 basehttp "GET /home-page/administrateur/1 HTTP/1.1" 200 696
INFO 2025-11-07 08:35:34,018 basehttp "GET /edit-page/administrateur/1 HTTP/1.1" 200 56313
INFO 2025-11-07 08:36:51,012 basehttp "GET / HTTP/1.1" 200 955
INFO 2025-11-07 08:37:04,430 views Connexion rï¿½ussie de l'utilisateur Djeufack Kafack (administrateur).
INFO 2025-11-07 08:37:04,431 basehttp "POST / HTTP/1.1" 302 0
INFO 2025-11-07 08:37:04,448 basehttp "GET /home-page/administrateur/1 HTTP/1.1" 200 696
INFO 2025-11-07 08:37:06,043 basehttp "GET /edit-page/administrateur/1 HTTP/1.1" 200 56313
INFO 2025-11-07 08:37:06,152 basehttp "GET /static/studentManagerApp/JS/edit-page.js HTTP/1.1" 200 8765
INFO 2025-11-07 08:41:59,434 basehttp "GET /edit-page/administrateur/1 HTTP/1.1" 200 56313
INFO 2025-11-07 08:41:59,473 basehttp "GET /static/studentManagerApp/JS/edit-page.js HTTP/1.1" 200 8829
WARNING 2025-11-07 08:42:26,684 log Not Found: /.well-known/appspecific/com.chrome.devtools.json
WARNING 2025-11-07 08:42:26,686 basehttp "GET /.well-known/appspecific/com.chrome.devtools.json HTTP/1.1" 404 3664
INFO 2025-11-07 08:44:33,477 basehttp "GET /edit-page/administrateur/1 HTTP/1.1" 200 56313
INFO 2025-11-07 08:44:33,513 basehttp "GET /static/studentManagerApp/JS/edit-page.js HTTP/1.1" 200 8742
INFO 2025-11-09 21:38:05,733 autoreload Watching for file changes with StatReloader
INFO 2025-11-09 21:38:13,556 basehttp "GET / HTTP/1.1" 302 0
INFO 2025-11-09 21:38:13,634 basehttp "GET /home-page/administrateur/1 HTTP/1.1" 200 696
WARNING 2025-11-09 21:38:13,824 log Not Found: /favicon.ico
WARNING 2025-11-09 21:38:13,825 basehttp "GET /favicon.ico HTTP/1.1" 404 3553
INFO 2025-11-09 21:38:16,756 basehttp "GET /edit-page/administrateur/1 HTTP/1.1" 200 56313
INFO 2025-11-09 21:38:16,971 basehttp "GET /static/studentManagerApp/JS/edit-page.js HTTP/1.1" 200 8740
INFO 2025-11-09 21:41:55,538 basehttp "GET /edit-page/administrateur/1 HTTP/1.1" 200 56342
WARNING 2025-11-09 21:42:02,181 log Not Found: /.well-known/appspecific/com.chrome.devtools.json
WARNING 2025-11-09 21:42:02,182 basehttp "GET /.well-known/appspecific/com.chrome.devtools.json HTTP/1.1" 404 3664
INFO 2025-11-09 21:42:34,518 basehttp "GET /edit-page/administrateur/1 HTTP/1.1" 200 56342
INFO 2025-11-09 21:42:34,556 basehttp "GET /static/studentManagerApp/JS/edit-page.js HTTP/1.1" 200 8768
WARNING 2025-11-09 21:42:46,846 log Not Found: /.well-known/appspecific/com.chrome.devtools.json
WARNING 2025-11-09 21:42:46,849 basehttp "GET /.well-known/appspecific/com.chrome.devtools.json HTTP/1.1" 404 3664
INFO 2025-11-09 21:51:23,054 basehttp "GET /edit-page/administrateur/1 HTTP/1.1" 200 56342
INFO 2025-11-09 21:51:44,844 basehttp "GET /edit-page/administrateur/1 HTTP/1.1" 200 56342
INFO 2025-11-09 21:51:44,900 basehttp "GET /static/studentManagerApp/JS/edit-page.js HTTP/1.1" 200 8981
INFO 2025-11-09 21:51:53,959 basehttp "GET /edit-page/administrateur/1 HTTP/1.1" 200 56342
INFO 2025-11-09 21:51:53,994 basehttp "GET /static/studentManagerApp/JS/edit-page.js HTTP/1.1" 304 0
INFO 2025-11-09 22:22:20,393 autoreload Watching for file changes with StatReloader
INFO 2025-11-09 22:22:29,622 basehttp "GET /edit-page/administrateur/1 HTTP/1.1" 200 56342
INFO 2025-11-09 22:22:41,326 basehttp "GET /edit-page/administrateur/1 HTTP/1.1" 200 56342
INFO 2025-11-09 22:22:41,511 basehttp "GET /static/studentManagerApp/JS/edit-page.js HTTP/1.1" 200 10369
INFO 2025-11-09 22:25:01,163 autoreload Watching for file changes with StatReloader
INFO 2025-11-09 22:25:04,952 basehttp "GET / HTTP/1.1" 302 0
INFO 2025-11-09 22:25:05,006 basehttp "GET /home-page/administrateur/1 HTTP/1.1" 200 696
INFO 2025-11-09 22:25:10,777 basehttp "GET /edit-page/administrateur/1 HTTP/1.1" 200 56342
INFO 2025-11-09 22:25:21,053 basehttp "GET /edit-page/administrateur/1 HTTP/1.1" 200 56342
INFO 2025-11-09 22:25:21,177 basehttp "GET /static/studentManagerApp/JS/edit-page.js HTTP/1.1" 200 10502
INFO 2025-11-09 22:27:40,248 basehttp "GET /edit-page/administrateur/1 HTTP/1.1" 200 56342
INFO 2025-11-09 22:27:40,281 basehttp "GET /static/studentManagerApp/JS/edit-page.js HTTP/1.1" 200 10505
INFO 2025-11-09 22:27:51,586 basehttp "GET /log-out HTTP/1.1" 302 0
INFO 2025-11-09 22:27:51,623 basehttp "GET / HTTP/1.1" 200 955
INFO 2025-11-09 22:28:01,349 views Connexion rï¿½ussie de l'utilisateur Tambou (enseignant).
INFO 2025-11-09 22:28:01,351 basehttp "POST / HTTP/1.1" 302 0
INFO 2025-11-09 22:28:01,377 basehttp "GET /home-page/enseignant/7 HTTP/1.1" 200 671
INFO 2025-11-09 22:28:02,661 basehttp "GET /edit-page/enseignant/7 HTTP/1.1" 200 19375
INFO 2025-11-09 22:28:02,699 basehttp "GET /static/studentManagerApp/JS/edit-page.js HTTP/1.1" 304 0
INFO 2025-11-09 22:29:41,476 basehttp "GET /tableau-notes/enseignant/7 HTTP/1.1" 200 11814
INFO 2025-11-09 22:29:49,789 basehttp "GET /edit-page/enseignant/7 HTTP/1.1" 200 19375
INFO 2025-11-09 22:29:49,823 basehttp "GET /static/studentManagerApp/JS/edit-page.js HTTP/1.1" 304 0
INFO 2025-11-09 22:29:50,991 basehttp "GET /home-page/enseignant/7 HTTP/1.1" 200 671
INFO 2025-11-09 22:29:52,095 basehttp "GET /edit-page/enseignant/7 HTTP/1.1" 200 19375
INFO 2025-11-09 22:29:52,996 basehttp "GET /tableau-notes/enseignant/7 HTTP/1.1" 200 11814
INFO 2025-11-09 22:29:54,123 basehttp "GET /profile-page/enseignant/7 HTTP/1.1" 200 613
INFO 2025-11-09 22:29:57,081 views Dï¿½connexion rï¿½ussie de l'utilisateur Tambou (enseignant).
INFO 2025-11-09 22:29:57,094 basehttp "GET /log-out HTTP/1.1" 302 0
INFO 2025-11-09 22:29:57,105 basehttp "GET / HTTP/1.1" 200 955
INFO 2025-11-10 07:11:13,137 autoreload Watching for file changes with StatReloader
INFO 2025-11-10 07:11:16,841 basehttp "GET / HTTP/1.1" 302 0
INFO 2025-11-10 07:11:16,906 basehttp "GET /home-page/administrateur/1 HTTP/1.1" 200 696
WARNING 2025-11-10 07:11:17,067 log Not Found: /favicon.ico
WARNING 2025-11-10 07:11:17,068 basehttp "GET /favicon.ico HTTP/1.1" 404 3553
INFO 2025-11-10 07:11:20,170 basehttp "GET /edit-page/administrateur/1 HTTP/1.1" 200 56342
INFO 2025-11-10 07:11:20,345 basehttp "GET /static/studentManagerApp/JS/edit-page.js HTTP/1.1" 200 10505
INFO 2025-11-10 07:12:00,417 views Dï¿½connexion rï¿½ussie de l'utilisateur Djeufack Kafack (administrateur).
INFO 2025-11-10 07:12:00,428 basehttp "GET /log-out HTTP/1.1" 302 0
INFO 2025-11-10 07:12:00,469 basehttp "GET / HTTP/1.1" 200 955
INFO 2025-11-10 07:12:27,382 views Connexion rï¿½ussie de l'utilisateur Tambou (enseignant).
INFO 2025-11-10 07:12:27,383 basehttp "POST / HTTP/1.1" 302 0
INFO 2025-11-10 07:12:27,403 basehttp "GET /home-page/enseignant/7 HTTP/1.1" 200 671
INFO 2025-11-10 07:12:31,275 basehttp "GET /edit-page/enseignant/7 HTTP/1.1" 200 19375
INFO 2025-11-10 07:16:44,415 autoreload Watching for file changes with StatReloader
INFO 2025-11-10 07:16:48,502 basehttp "GET /edit-page/enseignant/7 HTTP/1.1" 200 19404
INFO 2025-11-10 07:17:06,637 views Dï¿½connexion rï¿½ussie de l'utilisateur Tambou (enseignant).
INFO 2025-11-10 07:17:06,648 basehttp "GET /log-out HTTP/1.1" 302 0
INFO 2025-11-10 07:17:06,671 basehttp "GET / HTTP/1.1" 200 955
INFO 2025-11-10 07:17:38,945 views Connexion rï¿½ussie de l'utilisateur Djeufack Kafack (administrateur).
INFO 2025-11-10 07:17:38,946 basehttp "POST / HTTP/1.1" 302 0
INFO 2025-11-10 07:17:38,963 basehttp "GET /home-page/administrateur/1 HTTP/1.1" 200 696
INFO 2025-11-10 07:17:40,671 basehttp "GET /edit-page/administrateur/1 HTTP/1.1" 200 56375
WARNING 2025-11-10 07:18:05,154 log Not Found: /.well-known/appspecific/com.chrome.devtools.json
WARNING 2025-11-10 07:18:05,156 basehttp "GET /.well-known/appspecific/com.chrome.devtools.json HTTP/1.1" 404 3664
INFO 2025-11-10 07:19:09,610 autoreload Watching for file changes with StatReloader
INFO 2025-11-10 07:19:31,157 basehttp "GET /edit-page/administrateur/1 HTTP/1.1" 200 56375
INFO 2025-11-10 07:19:31,276 basehttp "GET /static/studentManagerApp/JS/edit-page.js HTTP/1.1" 200 10571
WARNING 2025-11-10 07:19:59,770 log Not Found: /.well-known/appspecific/com.chrome.devtools.json
WARNING 2025-11-10 07:19:59,772 basehttp "GET /.well-known/appspecific/com.chrome.devtools.json HTTP/1.1" 404 3664
INFO 2025-11-11 14:06:51,177 autoreload Watching for file changes with StatReloader
INFO 2025-11-11 14:07:01,122 basehttp "GET / HTTP/1.1" 302 0
INFO 2025-11-11 14:07:01,208 basehttp "GET /home-page/administrateur/1 HTTP/1.1" 200 696
WARNING 2025-11-11 14:07:01,417 log Not Found: /favicon.ico
WARNING 2025-11-11 14:07:01,418 basehttp "GET /favicon.ico HTTP/1.1" 404 3553
INFO 2025-11-11 14:07:04,228 basehttp "GET /edit-page/administrateur/1 HTTP/1.1" 200 56346
INFO 2025-11-11 14:07:04,387 basehttp "GET /static/studentManagerApp/JS/edit-page.js HTTP/1.1" 200 10524
INFO 2025-11-11 14:08:44,805 basehttp "GET /tableau-notes/administrateur/1 HTTP/1.1" 200 56368
INFO 2025-11-11 14:56:54,636 basehttp "GET / HTTP/1.1" 302 0
INFO 2025-11-11 14:56:54,678 basehttp "GET /home-page/administrateur/1 HTTP/1.1" 200 696
ERROR 2025-11-11 14:57:02,781 log Internal Server Error: /edit-page/administrateur/1
Traceback (most recent call last):
  File "C:\Users\arold\OneDrive\Desktop\Projets\projetsDjango\studentManager\.venv\Lib\site-packages\django\core\handlers\exception.py", line 55, in inner
    response = get_response(request)
  File "C:\Users\arold\OneDrive\Desktop\Projets\projetsDjango\studentManager\.venv\Lib\site-packages\django\core\handlers\base.py", line 197, in _get_response
    response = wrapped_callback(request, *callback_args, **callback_kwargs)
  File "C:\Users\arold\OneDrive\Desktop\Projets\projetsDjango\studentManager\studentManager\studentManagerApp\views.py", line 185, in edit_page_view
    return render(request, 'studentManagerApp/HTML/edit-page.html', {
        'user': user,
    ...<3 lines>...
        'sns': sns
    })
  File "C:\Users\arold\OneDrive\Desktop\Projets\projetsDjango\studentManager\.venv\Lib\site-packages\django\shortcuts.py", line 25, in render
    content = loader.render_to_string(template_name, context, request, using=using)
  File "C:\Users\arold\OneDrive\Desktop\Projets\projetsDjango\studentManager\.venv\Lib\site-packages\django\template\loader.py", line 61, in render_to_string
    template = get_template(template_name, using=using)
  File "C:\Users\arold\OneDrive\Desktop\Projets\projetsDjango\studentManager\.venv\Lib\site-packages\django\template\loader.py", line 15, in get_template
    return engine.get_template(template_name)
           ~~~~~~~~~~~~~~~~~~~^^^^^^^^^^^^^^^
  File "C:\Users\arold\OneDrive\Desktop\Projets\projetsDjango\studentManager\.venv\Lib\site-packages\django\template\backends\django.py", line 79, in get_template
    return Template(self.engine.get_template(template_name), self)
                    ~~~~~~~~~~~~~~~~~~~~~~~~^^^^^^^^^^^^^^^
  File "C:\Users\arold\OneDrive\Desktop\Projets\projetsDjango\studentManager\.venv\Lib\site-packages\django\template\engine.py", line 177, in get_template
    template, origin = self.find_template(template_name)
                       ~~~~~~~~~~~~~~~~~~^^^^^^^^^^^^^^^
  File "C:\Users\arold\OneDrive\Desktop\Projets\projetsDjango\studentManager\.venv\Lib\site-packages\django\template\engine.py", line 159, in find_template
    template = loader.get_template(name, skip=skip)
  File "C:\Users\arold\OneDrive\Desktop\Projets\projetsDjango\studentManager\.venv\Lib\site-packages\django\template\loaders\cached.py", line 57, in get_template
    template = super().get_template(template_name, skip)
  File "C:\Users\arold\OneDrive\Desktop\Projets\projetsDjango\studentManager\.venv\Lib\site-packages\django\template\loaders\base.py", line 28, in get_template
    return Template(
        contents,
    ...<2 lines>...
        self.engine,
    )
  File "C:\Users\arold\OneDrive\Desktop\Projets\projetsDjango\studentManager\.venv\Lib\site-packages\django\template\base.py", line 154, in __init__
    self.nodelist = self.compile_nodelist()
                    ~~~~~~~~~~~~~~~~~~~~~^^
  File "C:\Users\arold\OneDrive\Desktop\Projets\projetsDjango\studentManager\.venv\Lib\site-packages\django\template\base.py", line 196, in compile_nodelist
    nodelist = parser.parse()
  File "C:\Users\arold\OneDrive\Desktop\Projets\projetsDjango\studentManager\.venv\Lib\site-packages\django\template\base.py", line 518, in parse
    raise self.error(token, e)
  File "C:\Users\arold\OneDrive\Desktop\Projets\projetsDjango\studentManager\.venv\Lib\site-packages\django\template\base.py", line 516, in parse
    compiled_result = compile_func(self, token)
  File "C:\Users\arold\OneDrive\Desktop\Projets\projetsDjango\studentManager\.venv\Lib\site-packages\django\template\loader_tags.py", line 299, in do_extends
    nodelist = parser.parse()
  File "C:\Users\arold\OneDrive\Desktop\Projets\projetsDjango\studentManager\.venv\Lib\site-packages\django\template\base.py", line 518, in parse
    raise self.error(token, e)
  File "C:\Users\arold\OneDrive\Desktop\Projets\projetsDjango\studentManager\.venv\Lib\site-packages\django\template\base.py", line 516, in parse
    compiled_result = compile_func(self, token)
  File "C:\Users\arold\OneDrive\Desktop\Projets\projetsDjango\studentManager\.venv\Lib\site-packages\django\template\loader_tags.py", line 234, in do_block
    nodelist = parser.parse(("endblock",))
  File "C:\Users\arold\OneDrive\Desktop\Projets\projetsDjango\studentManager\.venv\Lib\site-packages\django\template\base.py", line 518, in parse
    raise self.error(token, e)
  File "C:\Users\arold\OneDrive\Desktop\Projets\projetsDjango\studentManager\.venv\Lib\site-packages\django\template\base.py", line 516, in parse
    compiled_result = compile_func(self, token)
  File "C:\Users\arold\OneDrive\Desktop\Projets\projetsDjango\studentManager\.venv\Lib\site-packages\django\template\defaulttags.py", line 862, in do_for
    nodelist_loop = parser.parse(
        (
    ...<2 lines>...
        )
    )
  File "C:\Users\arold\OneDrive\Desktop\Projets\projetsDjango\studentManager\.venv\Lib\site-packages\django\template\base.py", line 489, in parse
    raise self.error(token, e)
  File "C:\Users\arold\OneDrive\Desktop\Projets\projetsDjango\studentManager\.venv\Lib\site-packages\django\template\base.py", line 487, in parse
    filter_expression = self.compile_filter(token.contents)
  File "C:\Users\arold\OneDrive\Desktop\Projets\projetsDjango\studentManager\.venv\Lib\site-packages\django\template\base.py", line 609, in compile_filter
    return FilterExpression(token, self)
  File "C:\Users\arold\OneDrive\Desktop\Projets\projetsDjango\studentManager\.venv\Lib\site-packages\django\template\base.py", line 705, in __init__
    filter_func = parser.find_filter(filter_name)
  File "C:\Users\arold\OneDrive\Desktop\Projets\projetsDjango\studentManager\.venv\Lib\site-packages\django\template\base.py", line 615, in find_filter
    raise TemplateSyntaxError("Invalid filter: '%s'" % filter_name)
django.template.exceptions.TemplateSyntaxError: Invalid filter: 'js'
ERROR 2025-11-11 14:57:02,797 basehttp "GET /edit-page/administrateur/1 HTTP/1.1" 500 235558
INFO 2025-11-11 15:02:42,662 basehttp "GET /edit-page/administrateur/1 HTTP/1.1" 200 58162
WARNING 2025-11-11 15:03:05,930 log Not Found: /.well-known/appspecific/com.chrome.devtools.json
WARNING 2025-11-11 15:03:05,931 basehttp "GET /.well-known/appspecific/com.chrome.devtools.json HTTP/1.1" 404 3664
INFO 2025-11-11 15:03:30,339 basehttp "GET /edit-page/administrateur/1 HTTP/1.1" 200 58162
INFO 2025-11-11 15:03:30,373 basehttp "GET /static/studentManagerApp/JS/edit-page.js HTTP/1.1" 200 10666
WARNING 2025-11-11 15:03:36,764 log Not Found: /.well-known/appspecific/com.chrome.devtools.json
WARNING 2025-11-11 15:03:36,765 basehttp "GET /.well-known/appspecific/com.chrome.devtools.json HTTP/1.1" 404 3664
WARNING 2025-11-11 15:03:54,516 log Not Found: /.well-known/appspecific/com.chrome.devtools.json
WARNING 2025-11-11 15:03:54,517 basehttp "GET /.well-known/appspecific/com.chrome.devtools.json HTTP/1.1" 404 3664
INFO 2025-11-12 07:31:44,551 autoreload Watching for file changes with StatReloader
INFO 2025-11-12 07:31:50,732 basehttp "GET / HTTP/1.1" 302 0
INFO 2025-11-12 07:31:50,769 basehttp "GET /home-page/administrateur/1 HTTP/1.1" 200 696
WARNING 2025-11-12 07:31:50,912 log Not Found: /favicon.ico
WARNING 2025-11-12 07:31:50,913 basehttp "GET /favicon.ico HTTP/1.1" 404 3553
INFO 2025-11-12 07:32:18,670 basehttp "GET /edit-page/administrateur/1 HTTP/1.1" 200 58162
INFO 2025-11-12 07:32:18,871 basehttp "GET /static/studentManagerApp/JS/edit-page.js HTTP/1.1" 200 10666
WARNING 2025-11-12 07:32:33,930 log Not Found: /.well-known/appspecific/com.chrome.devtools.json
WARNING 2025-11-12 07:32:33,932 basehttp "GET /.well-known/appspecific/com.chrome.devtools.json HTTP/1.1" 404 3664
INFO 2025-11-12 07:44:40,501 basehttp "GET / HTTP/1.1" 200 955
INFO 2025-11-12 07:44:56,204 views Connexion rï¿½ussie de l'utilisateur Djeufack Kafack (administrateur).
INFO 2025-11-12 07:44:56,206 basehttp "POST / HTTP/1.1" 302 0
INFO 2025-11-12 07:44:56,220 basehttp "GET /home-page/administrateur/1 HTTP/1.1" 200 696
INFO 2025-11-12 07:44:58,355 basehttp "GET /edit-page/administrateur/1 HTTP/1.1" 200 58162
INFO 2025-11-12 07:44:58,388 basehttp "GET /static/studentManagerApp/JS/edit-page.js HTTP/1.1" 200 10933
WARNING 2025-11-12 07:45:07,115 log Not Found: /.well-known/appspecific/com.chrome.devtools.json
WARNING 2025-11-12 07:45:07,117 basehttp "GET /.well-known/appspecific/com.chrome.devtools.json HTTP/1.1" 404 3664
INFO 2025-11-12 07:46:28,992 basehttp "GET / HTTP/1.1" 200 955
INFO 2025-11-12 07:46:39,568 views Connexion rï¿½ussie de l'utilisateur Djeufack Kafack (administrateur).
INFO 2025-11-12 07:46:39,570 basehttp "POST / HTTP/1.1" 302 0
INFO 2025-11-12 07:46:39,596 basehttp "GET /home-page/administrateur/1 HTTP/1.1" 200 696
INFO 2025-11-12 07:46:41,508 basehttp "GET /edit-page/administrateur/1 HTTP/1.1" 200 58162
INFO 2025-11-12 07:46:41,547 basehttp "GET /static/studentManagerApp/JS/edit-page.js HTTP/1.1" 200 10929
WARNING 2025-11-12 07:46:48,933 log Not Found: /.well-known/appspecific/com.chrome.devtools.json
WARNING 2025-11-12 07:46:48,934 basehttp "GET /.well-known/appspecific/com.chrome.devtools.json HTTP/1.1" 404 3664
INFO 2025-11-12 07:47:32,549 basehttp "GET /edit-page/administrateur/1 HTTP/1.1" 200 58162
WARNING 2025-11-12 07:47:32,599 log Not Found: /.well-known/appspecific/com.chrome.devtools.json
WARNING 2025-11-12 07:47:32,601 basehttp "GET /.well-known/appspecific/com.chrome.devtools.json HTTP/1.1" 404 3664
INFO 2025-11-12 07:47:32,604 basehttp "GET /static/studentManagerApp/JS/edit-page.js HTTP/1.1" 200 10937
WARNING 2025-11-12 07:47:50,066 log Not Found: /.well-known/appspecific/com.chrome.devtools.json
WARNING 2025-11-12 07:47:50,067 basehttp "GET /.well-known/appspecific/com.chrome.devtools.json HTTP/1.1" 404 3664
INFO 2025-11-12 07:54:02,565 basehttp "GET /admin/login/?next=/admin/ HTTP/1.1" 200 4173
INFO 2025-11-12 07:54:02,696 basehttp "GET /static/admin/css/base.css HTTP/1.1" 200 22120
INFO 2025-11-12 07:54:02,745 basehttp "GET /static/admin/css/dark_mode.css HTTP/1.1" 200 2808
INFO 2025-11-12 07:54:02,747 basehttp "GET /static/admin/js/theme.js HTTP/1.1" 200 1653
INFO 2025-11-12 07:54:02,828 basehttp "GET /static/admin/js/nav_sidebar.js HTTP/1.1" 200 3063
INFO 2025-11-12 07:54:02,838 basehttp "GET /static/admin/css/nav_sidebar.css HTTP/1.1" 200 2810
INFO 2025-11-12 07:54:02,878 basehttp "GET /static/admin/css/login.css HTTP/1.1" 200 951
INFO 2025-11-12 07:54:02,886 basehttp "GET /static/admin/css/responsive.css HTTP/1.1" 200 16565
INFO 2025-11-12 07:54:18,296 basehttp "POST /admin/login/?next=/admin/ HTTP/1.1" 302 0
INFO 2025-11-12 07:54:18,349 basehttp "GET /admin/ HTTP/1.1" 200 15252
INFO 2025-11-12 07:54:18,416 basehttp "GET /static/admin/css/dashboard.css HTTP/1.1" 200 441
INFO 2025-11-12 07:54:18,441 basehttp "GET /static/admin/img/icon-addlink.svg HTTP/1.1" 200 331
INFO 2025-11-12 07:54:18,445 basehttp "GET /static/admin/img/icon-changelink.svg HTTP/1.1" 200 380
INFO 2025-11-12 07:54:18,448 basehttp "GET /static/admin/img/icon-deletelink.svg HTTP/1.1" 200 392
INFO 2025-11-12 07:54:25,571 basehttp "GET /admin/studentManagerApp/etudiant/ HTTP/1.1" 302 0
INFO 2025-11-12 07:54:25,593 basehttp "GET /admin/login/?next=/admin/studentManagerApp/etudiant/ HTTP/1.1" 200 4227
INFO 2025-11-12 07:54:47,110 basehttp "POST /admin/login/?next=/admin/studentManagerApp/etudiant/ HTTP/1.1" 302 0
INFO 2025-11-12 07:54:47,196 basehttp "GET /admin/studentManagerApp/etudiant/ HTTP/1.1" 200 17144
INFO 2025-11-12 07:54:47,257 basehttp "GET /static/admin/css/changelists.css HTTP/1.1" 200 6878
INFO 2025-11-12 07:54:47,284 basehttp "GET /static/admin/js/core.js HTTP/1.1" 200 6208
INFO 2025-11-12 07:54:47,285 basehttp "GET /static/admin/js/jquery.init.js HTTP/1.1" 200 347
INFO 2025-11-12 07:54:47,287 basehttp "GET /static/admin/js/admin/RelatedObjectLookups.js HTTP/1.1" 200 9777
INFO 2025-11-12 07:54:47,299 basehttp "GET /static/admin/js/prepopulate.js HTTP/1.1" 200 1531
INFO 2025-11-12 07:54:47,304 basehttp "GET /admin/jsi18n/ HTTP/1.1" 200 3342
INFO 2025-11-12 07:54:47,309 basehttp "GET /static/admin/js/actions.js HTTP/1.1" 200 8076
INFO 2025-11-12 07:54:47,313 basehttp "GET /static/admin/js/urlify.js HTTP/1.1" 200 7887
INFO 2025-11-12 07:54:47,324 basehttp "GET /static/admin/js/vendor/jquery/jquery.js HTTP/1.1" 200 285314
INFO 2025-11-12 07:54:47,326 basehttp "GET /static/admin/js/vendor/xregexp/xregexp.js HTTP/1.1" 200 325171
INFO 2025-11-12 07:54:47,334 basehttp "GET /static/admin/js/filters.js HTTP/1.1" 200 978
INFO 2025-11-12 07:54:47,376 basehttp "GET /static/admin/img/tooltag-add.svg HTTP/1.1" 200 331
INFO 2025-11-12 07:54:47,378 basehttp "GET /static/admin/img/sorting-icons.svg HTTP/1.1" 200 1097
INFO 2025-11-12 07:54:52,146 basehttp "GET /admin/studentManagerApp/etudiant/1/change/ HTTP/1.1" 200 15897
INFO 2025-11-12 07:54:52,205 basehttp "GET /static/admin/css/forms.css HTTP/1.1" 200 8525
INFO 2025-11-12 07:54:52,206 basehttp "GET /static/admin/js/prepopulate_init.js HTTP/1.1" 200 586
INFO 2025-11-12 07:54:52,211 basehttp "GET /static/admin/js/calendar.js HTTP/1.1" 200 9141
INFO 2025-11-12 07:54:52,214 basehttp "GET /static/admin/js/admin/DateTimeShortcuts.js HTTP/1.1" 200 19319
INFO 2025-11-12 07:54:52,219 basehttp "GET /admin/jsi18n/ HTTP/1.1" 200 3342
INFO 2025-11-12 07:54:52,220 basehttp "GET /static/admin/css/widgets.css HTTP/1.1" 200 11991
INFO 2025-11-12 07:54:52,229 basehttp "GET /static/admin/js/change_form.js HTTP/1.1" 200 606
INFO 2025-11-12 07:54:52,277 basehttp "GET /static/admin/img/icon-calendar.svg HTTP/1.1" 200 1086
INFO 2025-11-12 07:55:10,491 basehttp "GET /admin/studentManagerApp/etudiant/ HTTP/1.1" 302 0
INFO 2025-11-12 07:55:10,515 basehttp "GET /admin/login/?next=/admin/studentManagerApp/etudiant/ HTTP/1.1" 200 4227
INFO 2025-11-12 07:55:31,647 basehttp "GET /edit-page/administrateur/1 HTTP/1.1" 200 58162
INFO 2025-11-12 07:55:31,706 basehttp "GET /static/studentManagerApp/JS/edit-page.js HTTP/1.1" 200 11000
WARNING 2025-11-12 07:55:37,729 log Not Found: /.well-known/appspecific/com.chrome.devtools.json
WARNING 2025-11-12 07:55:37,730 basehttp "GET /.well-known/appspecific/com.chrome.devtools.json HTTP/1.1" 404 3664
WARNING 2025-11-12 07:55:50,106 log Not Found: /.well-known/appspecific/com.chrome.devtools.json
WARNING 2025-11-12 07:55:50,107 basehttp "GET /.well-known/appspecific/com.chrome.devtools.json HTTP/1.1" 404 3664
INFO 2025-11-12 07:56:55,343 basehttp "GET /edit-page/administrateur/1 HTTP/1.1" 200 58162
INFO 2025-11-12 07:56:55,375 basehttp "GET /static/studentManagerApp/JS/edit-page.js HTTP/1.1" 200 10995
WARNING 2025-11-12 07:57:01,337 log Not Found: /.well-known/appspecific/com.chrome.devtools.json
WARNING 2025-11-12 07:57:01,338 basehttp "GET /.well-known/appspecific/com.chrome.devtools.json HTTP/1.1" 404 3664
INFO 2025-11-13 07:04:39,765 autoreload Watching for file changes with StatReloader
INFO 2025-11-13 07:04:46,449 basehttp "GET / HTTP/1.1" 302 0
INFO 2025-11-13 07:04:46,565 basehttp "GET /home-page/administrateur/1 HTTP/1.1" 200 696
WARNING 2025-11-13 07:04:46,988 log Not Found: /favicon.ico
WARNING 2025-11-13 07:04:46,989 basehttp "GET /favicon.ico HTTP/1.1" 404 3553
INFO 2025-11-13 07:04:49,150 basehttp "GET /edit-page/administrateur/1 HTTP/1.1" 200 58162
INFO 2025-11-13 07:04:49,304 basehttp "GET /static/studentManagerApp/JS/edit-page.js HTTP/1.1" 200 10985
WARNING 2025-11-13 07:05:00,624 log Not Found: /.well-known/appspecific/com.chrome.devtools.json
WARNING 2025-11-13 07:05:00,625 basehttp "GET /.well-known/appspecific/com.chrome.devtools.json HTTP/1.1" 404 3664
INFO 2025-11-13 07:06:15,128 basehttp "GET / HTTP/1.1" 200 955
INFO 2025-11-13 07:06:43,824 views Connexion rï¿½ussie de l'utilisateur Djeufack Kafack (administrateur).
INFO 2025-11-13 07:06:43,828 basehttp "POST / HTTP/1.1" 302 0
INFO 2025-11-13 07:06:43,844 basehttp "GET /home-page/administrateur/1 HTTP/1.1" 200 696
INFO 2025-11-13 07:06:45,483 basehttp "GET /edit-page/administrateur/1 HTTP/1.1" 200 58162
INFO 2025-11-13 07:06:45,517 basehttp "GET /static/studentManagerApp/JS/edit-page.js HTTP/1.1" 200 10985
WARNING 2025-11-13 07:06:59,473 log Not Found: /.well-known/appspecific/com.chrome.devtools.json
WARNING 2025-11-13 07:06:59,474 basehttp "GET /.well-known/appspecific/com.chrome.devtools.json HTTP/1.1" 404 3664
INFO 2025-11-13 07:09:39,894 basehttp "GET /edit-page/administrateur/1 HTTP/1.1" 200 58162
INFO 2025-11-13 07:09:39,938 basehttp "GET /static/studentManagerApp/JS/edit-page.js HTTP/1.1" 200 10995
WARNING 2025-11-13 07:09:46,758 log Not Found: /.well-known/appspecific/com.chrome.devtools.json
WARNING 2025-11-13 07:09:46,760 basehttp "GET /.well-known/appspecific/com.chrome.devtools.json HTTP/1.1" 404 3664
WARNING 2025-11-13 07:10:48,639 log Not Found: /.well-known/appspecific/com.chrome.devtools.json
WARNING 2025-11-13 07:10:48,641 basehttp "GET /.well-known/appspecific/com.chrome.devtools.json HTTP/1.1" 404 3664
INFO 2025-11-14 07:10:40,955 autoreload Watching for file changes with StatReloader
INFO 2025-11-14 07:10:45,968 basehttp "GET / HTTP/1.1" 302 0
INFO 2025-11-14 07:10:46,030 basehttp "GET /home-page/administrateur/1 HTTP/1.1" 200 696
WARNING 2025-11-14 07:10:46,206 log Not Found: /favicon.ico
WARNING 2025-11-14 07:10:46,207 basehttp "GET /favicon.ico HTTP/1.1" 404 3553
INFO 2025-11-14 07:10:48,807 basehttp "GET /edit-page/administrateur/1 HTTP/1.1" 200 58162
INFO 2025-11-14 07:10:49,015 basehttp "GET /static/studentManagerApp/JS/edit-page.js HTTP/1.1" 200 11455
WARNING 2025-11-14 07:11:02,223 log Not Found: /.well-known/appspecific/com.chrome.devtools.json
WARNING 2025-11-14 07:11:02,224 basehttp "GET /.well-known/appspecific/com.chrome.devtools.json HTTP/1.1" 404 3664
WARNING 2025-11-14 07:11:28,224 log Not Found: /.well-known/appspecific/com.chrome.devtools.json
WARNING 2025-11-14 07:11:28,226 basehttp "GET /.well-known/appspecific/com.chrome.devtools.json HTTP/1.1" 404 3664
INFO 2025-11-14 07:11:37,820 basehttp "GET /edit-page/administrateur/1 HTTP/1.1" 200 58162
INFO 2025-11-14 07:11:37,859 basehttp "GET /static/studentManagerApp/JS/edit-page.js HTTP/1.1" 200 11455
WARNING 2025-11-14 07:11:49,639 log Not Found: /.well-known/appspecific/com.chrome.devtools.json
WARNING 2025-11-14 07:11:49,641 basehttp "GET /.well-known/appspecific/com.chrome.devtools.json HTTP/1.1" 404 3664
INFO 2025-11-14 07:16:06,348 basehttp "GET /edit-page/administrateur/1 HTTP/1.1" 200 58162
INFO 2025-11-14 07:16:06,380 basehttp "GET /static/studentManagerApp/JS/edit-page.js HTTP/1.1" 200 11453
INFO 2025-11-14 07:18:57,355 basehttp "GET /edit-page/administrateur/1 HTTP/1.1" 200 58162
INFO 2025-11-14 07:18:57,389 basehttp "GET /static/studentManagerApp/JS/edit-page.js HTTP/1.1" 200 11562
INFO 2025-11-14 07:23:58,096 basehttp "GET /edit-page/administrateur/1 HTTP/1.1" 200 58162
INFO 2025-11-14 07:23:58,130 basehttp "GET /static/studentManagerApp/JS/edit-page.js HTTP/1.1" 200 11518
INFO 2025-11-17 11:53:10,588 autoreload Watching for file changes with StatReloader
INFO 2025-11-17 11:53:21,166 basehttp "GET / HTTP/1.1" 200 955
WARNING 2025-11-17 11:53:21,309 log Not Found: /favicon.ico
WARNING 2025-11-17 11:53:21,310 basehttp "GET /favicon.ico HTTP/1.1" 404 3553
INFO 2025-11-17 11:53:37,905 views Connexion rï¿½ussie de l'utilisateur Djeufack Kafack (administrateur).
INFO 2025-11-17 11:53:37,907 basehttp "POST / HTTP/1.1" 302 0
INFO 2025-11-17 11:53:37,935 basehttp "GET /home-page/administrateur/1 HTTP/1.1" 200 696
INFO 2025-11-17 11:53:39,974 basehttp "GET /edit-page/administrateur/1 HTTP/1.1" 200 58162
INFO 2025-11-17 11:53:40,130 basehttp "GET /static/studentManagerApp/JS/edit-page.js HTTP/1.1" 200 12090
WARNING 2025-11-17 11:54:30,794 log Not Found: /.well-known/appspecific/com.chrome.devtools.json
WARNING 2025-11-17 11:54:30,795 basehttp "GET /.well-known/appspecific/com.chrome.devtools.json HTTP/1.1" 404 3664
WARNING 2025-11-17 11:54:51,576 log Not Found: /.well-known/appspecific/com.chrome.devtools.json
WARNING 2025-11-17 11:54:51,577 basehttp "GET /.well-known/appspecific/com.chrome.devtools.json HTTP/1.1" 404 3664
INFO 2025-11-17 11:58:59,234 basehttp "GET /edit-page/administrateur/1 HTTP/1.1" 200 58162
INFO 2025-11-17 11:58:59,286 basehttp "GET /static/studentManagerApp/JS/edit-page.js HTTP/1.1" 200 11949
WARNING 2025-11-17 11:59:05,822 log Not Found: /.well-known/appspecific/com.chrome.devtools.json
WARNING 2025-11-17 11:59:05,823 basehttp "GET /.well-known/appspecific/com.chrome.devtools.json HTTP/1.1" 404 3664
INFO 2025-11-17 11:59:53,556 basehttp "GET /edit-page/administrateur/1 HTTP/1.1" 200 58162
INFO 2025-11-17 11:59:53,605 basehttp "GET /static/studentManagerApp/JS/edit-page.js HTTP/1.1" 200 11980
WARNING 2025-11-17 12:00:18,647 log Not Found: /.well-known/appspecific/com.chrome.devtools.json
WARNING 2025-11-17 12:00:18,649 basehttp "GET /.well-known/appspecific/com.chrome.devtools.json HTTP/1.1" 404 3664
INFO 2025-11-18 07:34:31,006 autoreload Watching for file changes with StatReloader
INFO 2025-11-18 07:34:48,413 basehttp "GET / HTTP/1.1" 302 0
INFO 2025-11-18 07:34:48,447 basehttp "GET /home-page/administrateur/1 HTTP/1.1" 200 696
WARNING 2025-11-18 07:34:48,593 log Not Found: /favicon.ico
WARNING 2025-11-18 07:34:48,594 basehttp "GET /favicon.ico HTTP/1.1" 404 3553
INFO 2025-11-18 07:34:53,453 basehttp "GET /edit-page/administrateur/1 HTTP/1.1" 200 58162
INFO 2025-11-18 07:34:53,621 basehttp "GET /static/studentManagerApp/JS/edit-page.js HTTP/1.1" 200 12014
INFO 2025-11-18 07:35:55,750 basehttp "POST /enregistrer-notes/ HTTP/1.1" 200 55
INFO 2025-11-18 07:36:24,864 basehttp "GET /admin/login/?next=/admin/ HTTP/1.1" 200 4173
INFO 2025-11-18 07:36:24,969 basehttp "GET /static/admin/js/theme.js HTTP/1.1" 200 1653
INFO 2025-11-18 07:36:24,969 basehttp "GET /static/admin/css/dark_mode.css HTTP/1.1" 200 2808
INFO 2025-11-18 07:36:24,985 basehttp "GET /static/admin/css/base.css HTTP/1.1" 200 22120
INFO 2025-11-18 07:36:24,986 basehttp "GET /static/admin/css/nav_sidebar.css HTTP/1.1" 200 2810
INFO 2025-11-18 07:36:24,989 basehttp "GET /static/admin/css/login.css HTTP/1.1" 200 951
INFO 2025-11-18 07:36:24,991 basehttp "GET /static/admin/css/responsive.css HTTP/1.1" 200 16565
INFO 2025-11-18 07:36:24,991 basehttp "GET /static/admin/js/nav_sidebar.js HTTP/1.1" 200 3063
INFO 2025-11-18 07:36:38,104 basehttp "POST /admin/login/?next=/admin/ HTTP/1.1" 302 0
INFO 2025-11-18 07:36:38,156 basehttp "GET /admin/ HTTP/1.1" 200 15252
INFO 2025-11-18 07:36:38,237 basehttp "GET /static/admin/css/dashboard.css HTTP/1.1" 200 441
INFO 2025-11-18 07:36:38,240 basehttp "GET /static/admin/img/icon-addlink.svg HTTP/1.1" 200 331
INFO 2025-11-18 07:36:38,240 basehttp "GET /static/admin/img/icon-changelink.svg HTTP/1.1" 200 380
INFO 2025-11-18 07:36:38,241 basehttp "GET /static/admin/img/icon-deletelink.svg HTTP/1.1" 200 392
INFO 2025-11-18 07:36:41,159 basehttp "GET /admin/studentManagerApp/note/ HTTP/1.1" 200 58538
INFO 2025-11-18 07:36:41,222 basehttp "GET /static/admin/css/changelists.css HTTP/1.1" 200 6878
INFO 2025-11-18 07:36:41,240 basehttp "GET /static/admin/js/jquery.init.js HTTP/1.1" 200 347
INFO 2025-11-18 07:36:41,241 basehttp "GET /static/admin/js/core.js HTTP/1.1" 200 6208
INFO 2025-11-18 07:36:41,245 basehttp "GET /static/admin/js/actions.js HTTP/1.1" 200 8076
INFO 2025-11-18 07:36:41,250 basehttp "GET /static/admin/js/admin/RelatedObjectLookups.js HTTP/1.1" 200 9777
INFO 2025-11-18 07:36:41,253 basehttp "GET /static/admin/js/urlify.js HTTP/1.1" 200 7887
INFO 2025-11-18 07:36:41,257 basehttp "GET /static/admin/js/prepopulate.js HTTP/1.1" 200 1531
INFO 2025-11-18 07:36:41,261 basehttp "GET /admin/jsi18n/ HTTP/1.1" 200 3342
INFO 2025-11-18 07:36:41,267 basehttp "GET /static/admin/js/vendor/jquery/jquery.js HTTP/1.1" 200 285314
INFO 2025-11-18 07:36:41,269 basehttp "GET /static/admin/js/vendor/xregexp/xregexp.js HTTP/1.1" 200 325171
INFO 2025-11-18 07:36:41,278 basehttp "GET /static/admin/js/filters.js HTTP/1.1" 200 978
INFO 2025-11-18 07:36:41,319 basehttp "GET /static/admin/img/tooltag-add.svg HTTP/1.1" 200 331
INFO 2025-11-18 07:36:41,320 basehttp "GET /static/admin/img/sorting-icons.svg HTTP/1.1" 200 1097
INFO 2025-11-18 07:36:41,328 basehttp "GET /static/admin/img/icon-viewlink.svg HTTP/1.1" 200 581
INFO 2025-11-18 07:45:24,190 basehttp "GET /edit-page/administrateur/1 HTTP/1.1" 200 58163
INFO 2025-11-18 07:45:24,257 basehttp "GET /static/studentManagerApp/JS/edit-page.js HTTP/1.1" 200 12105
INFO 2025-11-18 07:53:39,208 basehttp "GET / HTTP/1.1" 200 955
INFO 2025-11-18 07:53:50,236 views Connexion rï¿½ussie de l'utilisateur Djeufack Kafack (administrateur).
INFO 2025-11-18 07:53:50,238 basehttp "POST / HTTP/1.1" 302 0
INFO 2025-11-18 07:53:50,253 basehttp "GET /home-page/administrateur/1 HTTP/1.1" 200 696
INFO 2025-11-18 07:53:51,783 basehttp "GET /edit-page/administrateur/1 HTTP/1.1" 200 58163
INFO 2025-11-18 07:53:51,822 basehttp "GET /static/studentManagerApp/JS/edit-page.js HTTP/1.1" 200 12159
INFO 2025-11-18 07:53:54,744 basehttp "GET /tableau-notes/administrateur/1 HTTP/1.1" 200 56373
INFO 2025-11-18 07:53:56,694 basehttp "GET /edit-page/administrateur/1 HTTP/1.1" 200 58163
INFO 2025-11-18 07:53:56,725 basehttp "GET /static/studentManagerApp/JS/edit-page.js HTTP/1.1" 304 0
INFO 2025-11-20 06:08:42,678 autoreload Watching for file changes with StatReloader
INFO 2025-11-20 06:08:54,816 basehttp "GET / HTTP/1.1" 302 0
INFO 2025-11-20 06:08:54,931 basehttp "GET /home-page/administrateur/1 HTTP/1.1" 200 696
WARNING 2025-11-20 06:08:55,199 log Not Found: /favicon.ico
WARNING 2025-11-20 06:08:55,200 basehttp "GET /favicon.ico HTTP/1.1" 404 3553
INFO 2025-11-20 06:09:00,268 basehttp "GET /edit-page/administrateur/1 HTTP/1.1" 200 58163
INFO 2025-11-20 06:09:00,453 basehttp "GET /static/studentManagerApp/JS/edit-page.js HTTP/1.1" 200 12247
INFO 2025-11-20 06:10:02,663 basehttp "GET /edit-page/administrateur/1 HTTP/1.1" 200 58163
INFO 2025-11-20 06:10:36,509 basehttp "GET /edit-page/administrateur/1 HTTP/1.1" 200 58163
INFO 2025-11-20 06:10:36,564 basehttp "GET /static/studentManagerApp/JS/edit-page.js HTTP/1.1" 200 12206
INFO 2025-11-20 06:29:51,103 autoreload Watching for file changes with StatReloader
INFO 2025-11-20 06:30:08,580 basehttp "GET /edit-page/administrateur/1 HTTP/1.1" 200 58163
INFO 2025-11-20 06:30:08,687 basehttp "GET /static/studentManagerApp/JS/edit-page.js HTTP/1.1" 200 12826
WARNING 2025-11-20 06:30:26,955 log Not Found: /.well-known/appspecific/com.chrome.devtools.json
WARNING 2025-11-20 06:30:26,957 basehttp "GET /.well-known/appspecific/com.chrome.devtools.json HTTP/1.1" 404 3664
INFO 2025-11-20 06:34:16,924 basehttp "GET /edit-page/administrateur/1 HTTP/1.1" 200 58163
INFO 2025-11-20 06:34:16,961 basehttp "GET /static/studentManagerApp/JS/edit-page.js HTTP/1.1" 200 12863
WARNING 2025-11-20 06:34:17,027 log Not Found: /.well-known/appspecific/com.chrome.devtools.json
WARNING 2025-11-20 06:34:17,029 basehttp "GET /.well-known/appspecific/com.chrome.devtools.json HTTP/1.1" 404 3664
WARNING 2025-11-20 06:34:25,106 log Not Found: /.well-known/appspecific/com.chrome.devtools.json
WARNING 2025-11-20 06:34:25,107 basehttp "GET /.well-known/appspecific/com.chrome.devtools.json HTTP/1.1" 404 3664
INFO 2025-11-20 06:36:04,716 basehttp "GET /edit-page/administrateur/1 HTTP/1.1" 200 58163
INFO 2025-11-20 06:36:04,749 basehttp "GET /static/studentManagerApp/JS/edit-page.js HTTP/1.1" 200 12946
INFO 2025-11-20 06:42:16,910 basehttp "GET /edit-page/administrateur/1 HTTP/1.1" 200 58163
INFO 2025-11-20 06:42:16,945 basehttp "GET /static/studentManagerApp/JS/edit-page.js HTTP/1.1" 200 13082
INFO 2025-11-20 06:43:30,163 basehttp "GET /edit-page/administrateur/1 HTTP/1.1" 200 58163
INFO 2025-11-20 06:43:30,195 basehttp "GET /static/studentManagerApp/JS/edit-page.js HTTP/1.1" 200 13141
INFO 2025-11-20 06:45:28,492 basehttp "GET /home-page/administrateur/1 HTTP/1.1" 200 696
INFO 2025-11-20 06:45:29,430 basehttp "GET /edit-page/administrateur/1 HTTP/1.1" 200 58163
INFO 2025-11-20 06:45:29,463 basehttp "GET /static/studentManagerApp/JS/edit-page.js HTTP/1.1" 304 0
INFO 2025-11-20 06:52:46,080 basehttp "GET /edit-page/administrateur/1 HTTP/1.1" 200 58163
INFO 2025-11-20 06:52:46,111 basehttp "GET /static/studentManagerApp/JS/edit-page.js HTTP/1.1" 200 13487
INFO 2025-11-20 06:54:12,527 basehttp "GET /edit-page/administrateur/1 HTTP/1.1" 200 58163
INFO 2025-11-20 06:54:12,554 basehttp "GET /static/studentManagerApp/JS/edit-page.js HTTP/1.1" 200 13637
INFO 2025-11-20 06:56:32,499 autoreload Watching for file changes with StatReloader
INFO 2025-11-20 06:56:38,798 basehttp "GET / HTTP/1.1" 302 0
INFO 2025-11-20 06:56:38,863 basehttp "GET /home-page/administrateur/1 HTTP/1.1" 200 696
INFO 2025-11-20 06:56:40,685 basehttp "GET /edit-page/administrateur/1 HTTP/1.1" 200 58163
INFO 2025-11-20 06:56:42,106 basehttp "GET /home-page/administrateur/1 HTTP/1.1" 200 696
INFO 2025-11-20 06:56:44,647 basehttp "GET /edit-page/administrateur/1 HTTP/1.1" 200 58163
INFO 2025-11-20 06:57:05,071 basehttp "GET /edit-page/administrateur/1 HTTP/1.1" 200 58163
INFO 2025-11-20 06:57:05,109 basehttp "GET /static/studentManagerApp/JS/edit-page.js HTTP/1.1" 304 0
WARNING 2025-11-20 06:57:14,427 log Not Found: /.well-known/appspecific/com.chrome.devtools.json
WARNING 2025-11-20 06:57:14,428 basehttp "GET /.well-known/appspecific/com.chrome.devtools.json HTTP/1.1" 404 3664
INFO 2025-11-20 06:58:40,683 basehttp "GET /edit-page/administrateur/1 HTTP/1.1" 200 58163
INFO 2025-11-20 06:58:40,781 basehttp "GET /static/studentManagerApp/JS/edit-page.js HTTP/1.1" 200 13658
INFO 2025-11-22 02:03:20,502 autoreload Watching for file changes with StatReloader
INFO 2025-11-22 02:03:27,539 basehttp "GET / HTTP/1.1" 302 0
INFO 2025-11-22 02:03:27,621 basehttp "GET /home-page/administrateur/1 HTTP/1.1" 200 696
WARNING 2025-11-22 02:03:27,869 log Not Found: /favicon.ico
WARNING 2025-11-22 02:03:27,870 basehttp "GET /favicon.ico HTTP/1.1" 404 3553
INFO 2025-11-22 02:03:33,403 basehttp "GET /edit-page/administrateur/1 HTTP/1.1" 200 58163
INFO 2025-11-22 02:03:33,605 basehttp "GET /static/studentManagerApp/JS/edit-page.js HTTP/1.1" 200 13658
INFO 2025-11-22 02:11:49,702 basehttp "GET /edit-page/administrateur/1 HTTP/1.1" 200 58163
INFO 2025-11-22 02:11:49,737 basehttp "GET /static/studentManagerApp/JS/edit-page.js HTTP/1.1" 200 13780
WARNING 2025-11-22 02:12:08,863 log Not Found: /.well-known/appspecific/com.chrome.devtools.json
WARNING 2025-11-22 02:12:08,865 basehttp "GET /.well-known/appspecific/com.chrome.devtools.json HTTP/1.1" 404 3664
INFO 2025-11-22 02:13:06,083 basehttp "GET /edit-page/administrateur/1 HTTP/1.1" 200 58163
INFO 2025-11-22 02:13:06,117 basehttp "GET /static/studentManagerApp/JS/edit-page.js HTTP/1.1" 200 13754
WARNING 2025-11-22 02:13:24,348 log Not Found: /.well-known/appspecific/com.chrome.devtools.json
WARNING 2025-11-22 02:13:24,350 basehttp "GET /.well-known/appspecific/com.chrome.devtools.json HTTP/1.1" 404 3664
INFO 2025-11-22 02:16:53,825 basehttp "GET /edit-page/administrateur/1 HTTP/1.1" 200 58163
INFO 2025-11-22 02:16:53,852 basehttp "GET /static/studentManagerApp/JS/edit-page.js HTTP/1.1" 200 13776
WARNING 2025-11-22 02:17:24,379 log Not Found: /.well-known/appspecific/com.chrome.devtools.json
WARNING 2025-11-22 02:17:24,380 basehttp "GET /.well-known/appspecific/com.chrome.devtools.json HTTP/1.1" 404 3664
INFO 2025-11-22 02:19:59,672 basehttp "GET /edit-page/administrateur/1 HTTP/1.1" 200 58163
INFO 2025-11-22 02:19:59,701 basehttp "GET /static/studentManagerApp/JS/edit-page.js HTTP/1.1" 200 13772
WARNING 2025-11-22 02:20:57,784 log Not Found: /.well-known/appspecific/com.chrome.devtools.json
WARNING 2025-11-22 02:20:57,786 basehttp "GET /.well-known/appspecific/com.chrome.devtools.json HTTP/1.1" 404 3664
INFO 2025-11-22 02:22:08,921 basehttp "GET /edit-page/administrateur/1 HTTP/1.1" 200 58163
INFO 2025-11-22 02:22:08,948 basehttp "GET /static/studentManagerApp/JS/edit-page.js HTTP/1.1" 200 13763
WARNING 2025-11-22 02:22:22,926 log Not Found: /.well-known/appspecific/com.chrome.devtools.json
WARNING 2025-11-22 02:22:22,927 basehttp "GET /.well-known/appspecific/com.chrome.devtools.json HTTP/1.1" 404 3664
WARNING 2025-11-22 02:22:46,611 log Not Found: /.well-known/appspecific/com.chrome.devtools.json
WARNING 2025-11-22 02:22:46,612 basehttp "GET /.well-known/appspecific/com.chrome.devtools.json HTTP/1.1" 404 3664
INFO 2025-11-22 02:25:00,059 basehttp "GET /edit-page/administrateur/1 HTTP/1.1" 200 58163
INFO 2025-11-22 02:25:00,090 basehttp "GET /static/studentManagerApp/JS/edit-page.js HTTP/1.1" 200 13754
WARNING 2025-11-22 02:26:13,529 log Not Found: /.well-known/appspecific/com.chrome.devtools.json
WARNING 2025-11-22 02:26:13,531 basehttp "GET /.well-known/appspecific/com.chrome.devtools.json HTTP/1.1" 404 3664
INFO 2025-11-22 02:38:53,047 autoreload C:\Users\arold\OneDrive\Desktop\Projets\projetsDjango\studentManager\studentManager\studentManagerApp\views.py changed, reloading.
INFO 2025-11-22 02:38:53,814 autoreload Watching for file changes with StatReloader
INFO 2025-11-22 02:44:41,602 autoreload C:\Users\arold\OneDrive\Desktop\Projets\projetsDjango\studentManager\studentManager\studentManagerApp\views.py changed, reloading.
INFO 2025-11-22 02:44:42,454 autoreload Watching for file changes with StatReloader
INFO 2025-11-22 02:44:45,122 autoreload C:\Users\arold\OneDrive\Desktop\Projets\projetsDjango\studentManager\studentManager\studentManagerApp\views.py changed, reloading.
INFO 2025-11-22 02:44:45,664 autoreload Watching for file changes with StatReloader
INFO 2025-11-22 02:44:51,156 autoreload C:\Users\arold\OneDrive\Desktop\Projets\projetsDjango\studentManager\studentManager\studentManagerApp\views.py changed, reloading.
INFO 2025-11-22 02:44:51,879 autoreload Watching for file changes with StatReloader
INFO 2025-11-22 02:44:53,426 autoreload C:\Users\arold\OneDrive\Desktop\Projets\projetsDjango\studentManager\studentManager\studentManagerApp\views.py changed, reloading.
INFO 2025-11-22 02:44:53,977 autoreload Watching for file changes with StatReloader
INFO 2025-11-22 02:44:57,420 autoreload C:\Users\arold\OneDrive\Desktop\Projets\projetsDjango\studentManager\studentManager\studentManagerApp\views.py changed, reloading.
INFO 2025-11-22 02:44:57,961 autoreload Watching for file changes with StatReloader
INFO 2025-11-22 02:45:14,541 autoreload C:\Users\arold\OneDrive\Desktop\Projets\projetsDjango\studentManager\studentManager\studentManagerApp\views.py changed, reloading.
INFO 2025-11-22 02:45:15,144 autoreload Watching for file changes with StatReloader
INFO 2025-11-22 02:45:16,571 autoreload C:\Users\arold\OneDrive\Desktop\Projets\projetsDjango\studentManager\studentManager\studentManagerApp\views.py changed, reloading.
INFO 2025-11-22 02:45:17,144 autoreload Watching for file changes with StatReloader
INFO 2025-11-22 02:45:18,695 autoreload C:\Users\arold\OneDrive\Desktop\Projets\projetsDjango\studentManager\studentManager\studentManagerApp\views.py changed, reloading.
INFO 2025-11-22 02:45:19,416 autoreload Watching for file changes with StatReloader
INFO 2025-11-22 02:45:20,788 autoreload C:\Users\arold\OneDrive\Desktop\Projets\projetsDjango\studentManager\studentManager\studentManagerApp\views.py changed, reloading.
INFO 2025-11-22 02:45:21,624 autoreload Watching for file changes with StatReloader
INFO 2025-11-22 02:45:23,043 autoreload C:\Users\arold\OneDrive\Desktop\Projets\projetsDjango\studentManager\studentManager\studentManagerApp\views.py changed, reloading.
INFO 2025-11-22 02:45:23,572 autoreload Watching for file changes with StatReloader
INFO 2025-11-22 02:45:32,228 autoreload C:\Users\arold\OneDrive\Desktop\Projets\projetsDjango\studentManager\studentManager\studentManagerApp\views.py changed, reloading.
INFO 2025-11-22 02:45:32,957 autoreload Watching for file changes with StatReloader
INFO 2025-11-22 02:45:41,649 autoreload C:\Users\arold\OneDrive\Desktop\Projets\projetsDjango\studentManager\studentManager\studentManagerApp\views.py changed, reloading.
INFO 2025-11-22 02:45:42,178 autoreload Watching for file changes with StatReloader
INFO 2025-11-22 02:45:45,730 autoreload C:\Users\arold\OneDrive\Desktop\Projets\projetsDjango\studentManager\studentManager\studentManagerApp\views.py changed, reloading.
INFO 2025-11-22 02:45:46,258 autoreload Watching for file changes with StatReloader
INFO 2025-11-22 02:45:48,673 autoreload C:\Users\arold\OneDrive\Desktop\Projets\projetsDjango\studentManager\studentManager\studentManagerApp\views.py changed, reloading.
INFO 2025-11-22 02:45:49,239 autoreload Watching for file changes with StatReloader
INFO 2025-11-22 02:45:51,638 autoreload C:\Users\arold\OneDrive\Desktop\Projets\projetsDjango\studentManager\studentManager\studentManagerApp\views.py changed, reloading.
INFO 2025-11-22 02:45:52,156 autoreload Watching for file changes with StatReloader
INFO 2025-11-22 02:46:23,423 autoreload C:\Users\arold\OneDrive\Desktop\Projets\projetsDjango\studentManager\studentManager\studentManagerApp\views.py changed, reloading.
INFO 2025-11-22 02:46:23,960 autoreload Watching for file changes with StatReloader
INFO 2025-11-22 02:46:29,547 autoreload C:\Users\arold\OneDrive\Desktop\Projets\projetsDjango\studentManager\studentManager\studentManagerApp\views.py changed, reloading.
INFO 2025-11-22 02:46:30,070 autoreload Watching for file changes with StatReloader
INFO 2025-11-22 02:46:32,255 autoreload C:\Users\arold\OneDrive\Desktop\Projets\projetsDjango\studentManager\studentManager\studentManagerApp\views.py changed, reloading.
INFO 2025-11-22 02:46:32,760 autoreload Watching for file changes with StatReloader
INFO 2025-11-22 02:46:37,021 autoreload C:\Users\arold\OneDrive\Desktop\Projets\projetsDjango\studentManager\studentManager\studentManagerApp\views.py changed, reloading.
INFO 2025-11-22 02:46:37,656 autoreload Watching for file changes with StatReloader
INFO 2025-11-22 02:46:39,843 autoreload C:\Users\arold\OneDrive\Desktop\Projets\projetsDjango\studentManager\studentManager\studentManagerApp\views.py changed, reloading.
INFO 2025-11-22 02:46:40,338 autoreload Watching for file changes with StatReloader
INFO 2025-11-22 02:46:42,549 autoreload C:\Users\arold\OneDrive\Desktop\Projets\projetsDjango\studentManager\studentManager\studentManagerApp\views.py changed, reloading.
INFO 2025-11-22 02:46:43,226 autoreload Watching for file changes with StatReloader
INFO 2025-11-22 02:46:44,421 autoreload C:\Users\arold\OneDrive\Desktop\Projets\projetsDjango\studentManager\studentManager\studentManagerApp\views.py changed, reloading.
INFO 2025-11-22 02:46:45,033 autoreload Watching for file changes with StatReloader
INFO 2025-11-22 02:46:46,200 autoreload C:\Users\arold\OneDrive\Desktop\Projets\projetsDjango\studentManager\studentManager\studentManagerApp\views.py changed, reloading.
INFO 2025-11-22 02:46:46,699 autoreload Watching for file changes with StatReloader
INFO 2025-11-22 02:46:50,934 autoreload C:\Users\arold\OneDrive\Desktop\Projets\projetsDjango\studentManager\studentManager\studentManagerApp\views.py changed, reloading.
INFO 2025-11-22 02:46:51,537 autoreload Watching for file changes with StatReloader
INFO 2025-11-22 02:46:54,768 autoreload C:\Users\arold\OneDrive\Desktop\Projets\projetsDjango\studentManager\studentManager\studentManagerApp\views.py changed, reloading.
INFO 2025-11-22 02:46:55,511 autoreload Watching for file changes with StatReloader
INFO 2025-11-22 02:46:56,724 autoreload C:\Users\arold\OneDrive\Desktop\Projets\projetsDjango\studentManager\studentManager\studentManagerApp\views.py changed, reloading.
INFO 2025-11-22 02:46:57,269 autoreload Watching for file changes with StatReloader
INFO 2025-11-22 02:46:59,483 autoreload C:\Users\arold\OneDrive\Desktop\Projets\projetsDjango\studentManager\studentManager\studentManagerApp\views.py changed, reloading.
INFO 2025-11-22 02:46:59,992 autoreload Watching for file changes with StatReloader
INFO 2025-11-22 02:48:25,072 autoreload C:\Users\arold\OneDrive\Desktop\Projets\projetsDjango\studentManager\studentManager\studentManagerApp\views.py changed, reloading.
INFO 2025-11-22 02:48:25,773 autoreload Watching for file changes with StatReloader
INFO 2025-11-22 02:48:27,207 autoreload C:\Users\arold\OneDrive\Desktop\Projets\projetsDjango\studentManager\studentManager\studentManagerApp\views.py changed, reloading.
INFO 2025-11-22 02:48:27,795 autoreload Watching for file changes with StatReloader
INFO 2025-11-22 02:48:29,003 autoreload C:\Users\arold\OneDrive\Desktop\Projets\projetsDjango\studentManager\studentManager\studentManagerApp\views.py changed, reloading.
INFO 2025-11-22 02:48:29,610 autoreload Watching for file changes with StatReloader
INFO 2025-11-22 02:48:31,031 autoreload C:\Users\arold\OneDrive\Desktop\Projets\projetsDjango\studentManager\studentManager\studentManagerApp\views.py changed, reloading.
INFO 2025-11-22 02:48:31,747 autoreload Watching for file changes with StatReloader
INFO 2025-11-22 02:48:33,151 autoreload C:\Users\arold\OneDrive\Desktop\Projets\projetsDjango\studentManager\studentManager\studentManagerApp\views.py changed, reloading.
INFO 2025-11-22 02:48:33,664 autoreload Watching for file changes with StatReloader
INFO 2025-11-22 02:48:36,130 autoreload C:\Users\arold\OneDrive\Desktop\Projets\projetsDjango\studentManager\studentManager\studentManagerApp\views.py changed, reloading.
INFO 2025-11-22 02:48:36,705 autoreload Watching for file changes with StatReloader
INFO 2025-11-22 02:48:39,126 autoreload C:\Users\arold\OneDrive\Desktop\Projets\projetsDjango\studentManager\studentManager\studentManagerApp\views.py changed, reloading.
INFO 2025-11-22 02:48:39,772 autoreload Watching for file changes with StatReloader
INFO 2025-11-22 02:48:41,167 autoreload C:\Users\arold\OneDrive\Desktop\Projets\projetsDjango\studentManager\studentManager\studentManagerApp\views.py changed, reloading.
INFO 2025-11-22 02:48:41,683 autoreload Watching for file changes with StatReloader
INFO 2025-11-22 02:49:01,600 autoreload C:\Users\arold\OneDrive\Desktop\Projets\projetsDjango\studentManager\studentManager\studentManagerApp\views.py changed, reloading.
INFO 2025-11-22 02:49:02,307 autoreload Watching for file changes with StatReloader
INFO 2025-11-22 02:49:43,955 autoreload C:\Users\arold\OneDrive\Desktop\Projets\projetsDjango\studentManager\studentManager\studentManagerApp\views.py changed, reloading.
INFO 2025-11-22 02:49:44,654 autoreload Watching for file changes with StatReloader
INFO 2025-11-22 02:49:46,092 autoreload C:\Users\arold\OneDrive\Desktop\Projets\projetsDjango\studentManager\studentManager\studentManagerApp\views.py changed, reloading.
INFO 2025-11-22 02:49:46,784 autoreload Watching for file changes with StatReloader
INFO 2025-11-22 02:49:49,340 autoreload C:\Users\arold\OneDrive\Desktop\Projets\projetsDjango\studentManager\studentManager\studentManagerApp\views.py changed, reloading.
INFO 2025-11-22 02:49:50,111 autoreload Watching for file changes with StatReloader
INFO 2025-11-22 02:49:54,641 autoreload C:\Users\arold\OneDrive\Desktop\Projets\projetsDjango\studentManager\studentManager\studentManagerApp\views.py changed, reloading.
INFO 2025-11-22 02:49:55,183 autoreload Watching for file changes with StatReloader
INFO 2025-11-22 02:49:59,636 autoreload C:\Users\arold\OneDrive\Desktop\Projets\projetsDjango\studentManager\studentManager\studentManagerApp\views.py changed, reloading.
INFO 2025-11-22 02:50:00,176 autoreload Watching for file changes with StatReloader
INFO 2025-11-22 02:50:05,680 autoreload C:\Users\arold\OneDrive\Desktop\Projets\projetsDjango\studentManager\studentManager\studentManagerApp\views.py changed, reloading.
INFO 2025-11-22 02:50:06,199 autoreload Watching for file changes with StatReloader
INFO 2025-11-22 02:50:09,678 autoreload C:\Users\arold\OneDrive\Desktop\Projets\projetsDjango\studentManager\studentManager\studentManagerApp\views.py changed, reloading.
INFO 2025-11-22 02:50:10,216 autoreload Watching for file changes with StatReloader
INFO 2025-11-22 02:50:30,040 autoreload C:\Users\arold\OneDrive\Desktop\Projets\projetsDjango\studentManager\studentManager\studentManagerApp\views.py changed, reloading.
INFO 2025-11-22 02:50:30,574 autoreload Watching for file changes with StatReloader
INFO 2025-11-22 02:50:33,053 autoreload C:\Users\arold\OneDrive\Desktop\Projets\projetsDjango\studentManager\studentManager\studentManagerApp\views.py changed, reloading.
INFO 2025-11-22 02:50:33,645 autoreload Watching for file changes with StatReloader
INFO 2025-11-22 02:50:34,828 autoreload C:\Users\arold\OneDrive\Desktop\Projets\projetsDjango\studentManager\studentManager\studentManagerApp\views.py changed, reloading.
INFO 2025-11-22 02:50:35,413 autoreload Watching for file changes with StatReloader
INFO 2025-11-22 02:50:38,883 autoreload C:\Users\arold\OneDrive\Desktop\Projets\projetsDjango\studentManager\studentManager\studentManagerApp\views.py changed, reloading.
INFO 2025-11-22 02:50:39,472 autoreload Watching for file changes with StatReloader
INFO 2025-11-22 02:50:49,104 autoreload C:\Users\arold\OneDrive\Desktop\Projets\projetsDjango\studentManager\studentManager\studentManagerApp\views.py changed, reloading.
INFO 2025-11-22 02:50:49,625 autoreload Watching for file changes with StatReloader
INFO 2025-11-22 02:51:03,428 autoreload C:\Users\arold\OneDrive\Desktop\Projets\projetsDjango\studentManager\studentManager\studentManagerApp\views.py changed, reloading.
INFO 2025-11-22 02:51:04,175 autoreload Watching for file changes with StatReloader
INFO 2025-11-22 02:51:05,606 autoreload C:\Users\arold\OneDrive\Desktop\Projets\projetsDjango\studentManager\studentManager\studentManagerApp\views.py changed, reloading.
INFO 2025-11-22 02:51:06,262 autoreload Watching for file changes with StatReloader
INFO 2025-11-22 02:51:08,797 autoreload C:\Users\arold\OneDrive\Desktop\Projets\projetsDjango\studentManager\studentManager\studentManagerApp\views.py changed, reloading.
INFO 2025-11-22 02:51:09,348 autoreload Watching for file changes with StatReloader
INFO 2025-11-22 02:51:14,846 autoreload C:\Users\arold\OneDrive\Desktop\Projets\projetsDjango\studentManager\studentManager\studentManagerApp\views.py changed, reloading.
INFO 2025-11-22 02:51:15,419 autoreload Watching for file changes with StatReloader
INFO 2025-11-22 02:51:19,866 autoreload C:\Users\arold\OneDrive\Desktop\Projets\projetsDjango\studentManager\studentManager\studentManagerApp\views.py changed, reloading.
INFO 2025-11-22 02:51:20,494 autoreload Watching for file changes with StatReloader
INFO 2025-11-22 02:51:38,318 autoreload C:\Users\arold\OneDrive\Desktop\Projets\projetsDjango\studentManager\studentManager\studentManagerApp\views.py changed, reloading.
INFO 2025-11-22 02:51:38,974 autoreload Watching for file changes with StatReloader
INFO 2025-11-22 02:51:40,380 autoreload C:\Users\arold\OneDrive\Desktop\Projets\projetsDjango\studentManager\studentManager\studentManagerApp\views.py changed, reloading.
INFO 2025-11-22 02:51:41,055 autoreload Watching for file changes with StatReloader
INFO 2025-11-22 02:51:42,485 autoreload C:\Users\arold\OneDrive\Desktop\Projets\projetsDjango\studentManager\studentManager\studentManagerApp\views.py changed, reloading.
INFO 2025-11-22 02:51:42,994 autoreload Watching for file changes with StatReloader
INFO 2025-11-22 02:51:46,607 autoreload C:\Users\arold\OneDrive\Desktop\Projets\projetsDjango\studentManager\studentManager\studentManagerApp\views.py changed, reloading.
INFO 2025-11-22 02:51:47,223 autoreload Watching for file changes with StatReloader
INFO 2025-11-22 02:51:49,710 autoreload C:\Users\arold\OneDrive\Desktop\Projets\projetsDjango\studentManager\studentManager\studentManagerApp\views.py changed, reloading.
INFO 2025-11-22 02:51:50,256 autoreload Watching for file changes with StatReloader
INFO 2025-11-22 02:51:53,707 autoreload C:\Users\arold\OneDrive\Desktop\Projets\projetsDjango\studentManager\studentManager\studentManagerApp\views.py changed, reloading.
INFO 2025-11-22 02:51:54,257 autoreload Watching for file changes with StatReloader
INFO 2025-11-22 02:52:02,910 autoreload C:\Users\arold\OneDrive\Desktop\Projets\projetsDjango\studentManager\studentManager\studentManagerApp\views.py changed, reloading.
INFO 2025-11-22 02:52:03,553 autoreload Watching for file changes with StatReloader
INFO 2025-11-22 02:52:04,832 autoreload C:\Users\arold\OneDrive\Desktop\Projets\projetsDjango\studentManager\studentManager\studentManagerApp\views.py changed, reloading.
INFO 2025-11-22 02:52:05,445 autoreload Watching for file changes with StatReloader
INFO 2025-11-22 02:52:06,898 autoreload C:\Users\arold\OneDrive\Desktop\Projets\projetsDjango\studentManager\studentManager\studentManagerApp\views.py changed, reloading.
INFO 2025-11-22 02:52:07,420 autoreload Watching for file changes with StatReloader
INFO 2025-11-22 02:52:35,632 autoreload C:\Users\arold\OneDrive\Desktop\Projets\projetsDjango\studentManager\studentManager\studentManagerApp\views.py changed, reloading.
INFO 2025-11-22 02:52:36,267 autoreload Watching for file changes with StatReloader
INFO 2025-11-22 02:52:38,780 autoreload C:\Users\arold\OneDrive\Desktop\Projets\projetsDjango\studentManager\studentManager\studentManagerApp\views.py changed, reloading.
INFO 2025-11-22 02:52:39,478 autoreload Watching for file changes with StatReloader
INFO 2025-11-22 02:52:40,863 autoreload C:\Users\arold\OneDrive\Desktop\Projets\projetsDjango\studentManager\studentManager\studentManagerApp\views.py changed, reloading.
INFO 2025-11-22 02:52:41,386 autoreload Watching for file changes with StatReloader
INFO 2025-11-22 02:52:43,815 autoreload C:\Users\arold\OneDrive\Desktop\Projets\projetsDjango\studentManager\studentManager\studentManagerApp\views.py changed, reloading.
INFO 2025-11-22 02:52:44,520 autoreload Watching for file changes with StatReloader
INFO 2025-11-22 02:52:45,957 autoreload C:\Users\arold\OneDrive\Desktop\Projets\projetsDjango\studentManager\studentManager\studentManagerApp\views.py changed, reloading.
INFO 2025-11-22 02:52:46,461 autoreload Watching for file changes with StatReloader
INFO 2025-11-22 02:52:48,686 autoreload C:\Users\arold\OneDrive\Desktop\Projets\projetsDjango\studentManager\studentManager\studentManagerApp\views.py changed, reloading.
INFO 2025-11-22 02:52:49,175 autoreload Watching for file changes with StatReloader
INFO 2025-11-22 02:52:51,587 autoreload C:\Users\arold\OneDrive\Desktop\Projets\projetsDjango\studentManager\studentManager\studentManagerApp\views.py changed, reloading.
INFO 2025-11-22 02:52:52,180 autoreload Watching for file changes with StatReloader
INFO 2025-11-22 02:53:04,833 autoreload C:\Users\arold\OneDrive\Desktop\Projets\projetsDjango\studentManager\studentManager\studentManagerApp\views.py changed, reloading.
INFO 2025-11-22 02:53:05,455 autoreload Watching for file changes with StatReloader
INFO 2025-11-22 02:53:11,067 autoreload C:\Users\arold\OneDrive\Desktop\Projets\projetsDjango\studentManager\studentManager\studentManagerApp\views.py changed, reloading.
INFO 2025-11-22 02:53:11,737 autoreload Watching for file changes with StatReloader
INFO 2025-11-22 02:53:13,200 autoreload C:\Users\arold\OneDrive\Desktop\Projets\projetsDjango\studentManager\studentManager\studentManagerApp\views.py changed, reloading.
INFO 2025-11-22 02:53:13,734 autoreload Watching for file changes with StatReloader
INFO 2025-11-22 02:53:15,931 autoreload C:\Users\arold\OneDrive\Desktop\Projets\projetsDjango\studentManager\studentManager\studentManagerApp\views.py changed, reloading.
INFO 2025-11-22 02:53:16,621 autoreload Watching for file changes with StatReloader
INFO 2025-11-22 02:53:17,803 autoreload C:\Users\arold\OneDrive\Desktop\Projets\projetsDjango\studentManager\studentManager\studentManagerApp\views.py changed, reloading.
INFO 2025-11-22 02:53:18,306 autoreload Watching for file changes with StatReloader
INFO 2025-11-22 02:53:20,512 autoreload C:\Users\arold\OneDrive\Desktop\Projets\projetsDjango\studentManager\studentManager\studentManagerApp\views.py changed, reloading.
INFO 2025-11-22 02:53:21,020 autoreload Watching for file changes with StatReloader
INFO 2025-11-22 02:53:22,207 autoreload C:\Users\arold\OneDrive\Desktop\Projets\projetsDjango\studentManager\studentManager\studentManagerApp\views.py changed, reloading.
INFO 2025-11-22 02:53:22,739 autoreload Watching for file changes with StatReloader
INFO 2025-11-22 02:53:27,969 autoreload C:\Users\arold\OneDrive\Desktop\Projets\projetsDjango\studentManager\studentManager\studentManagerApp\views.py changed, reloading.
INFO 2025-11-22 02:53:28,470 autoreload Watching for file changes with StatReloader
INFO 2025-11-22 02:53:30,705 autoreload C:\Users\arold\OneDrive\Desktop\Projets\projetsDjango\studentManager\studentManager\studentManagerApp\views.py changed, reloading.
INFO 2025-11-22 02:53:31,228 autoreload Watching for file changes with StatReloader
INFO 2025-11-22 02:53:39,592 autoreload C:\Users\arold\OneDrive\Desktop\Projets\projetsDjango\studentManager\studentManager\studentManagerApp\views.py changed, reloading.
INFO 2025-11-22 02:53:40,111 autoreload Watching for file changes with StatReloader
INFO 2025-11-22 02:53:42,326 autoreload C:\Users\arold\OneDrive\Desktop\Projets\projetsDjango\studentManager\studentManager\studentManagerApp\views.py changed, reloading.
INFO 2025-11-22 02:53:42,925 autoreload Watching for file changes with StatReloader
INFO 2025-11-22 02:53:44,095 autoreload C:\Users\arold\OneDrive\Desktop\Projets\projetsDjango\studentManager\studentManager\studentManagerApp\views.py changed, reloading.
INFO 2025-11-22 02:53:44,636 autoreload Watching for file changes with StatReloader
INFO 2025-11-22 02:53:47,926 autoreload C:\Users\arold\OneDrive\Desktop\Projets\projetsDjango\studentManager\studentManager\studentManagerApp\views.py changed, reloading.
INFO 2025-11-22 02:53:48,493 autoreload Watching for file changes with StatReloader
INFO 2025-11-22 02:53:49,901 autoreload C:\Users\arold\OneDrive\Desktop\Projets\projetsDjango\studentManager\studentManager\studentManagerApp\views.py changed, reloading.
INFO 2025-11-22 02:53:50,418 autoreload Watching for file changes with StatReloader
INFO 2025-11-22 02:53:53,861 autoreload C:\Users\arold\OneDrive\Desktop\Projets\projetsDjango\studentManager\studentManager\studentManagerApp\views.py changed, reloading.
INFO 2025-11-22 02:53:54,504 autoreload Watching for file changes with StatReloader
INFO 2025-11-22 02:53:55,708 autoreload C:\Users\arold\OneDrive\Desktop\Projets\projetsDjango\studentManager\studentManager\studentManagerApp\views.py changed, reloading.
INFO 2025-11-22 02:53:56,248 autoreload Watching for file changes with StatReloader
INFO 2025-11-22 02:54:00,561 autoreload C:\Users\arold\OneDrive\Desktop\Projets\projetsDjango\studentManager\studentManager\studentManagerApp\views.py changed, reloading.
INFO 2025-11-22 02:54:01,112 autoreload Watching for file changes with StatReloader
INFO 2025-11-22 02:54:02,337 autoreload C:\Users\arold\OneDrive\Desktop\Projets\projetsDjango\studentManager\studentManager\studentManagerApp\views.py changed, reloading.
INFO 2025-11-22 02:54:02,851 autoreload Watching for file changes with StatReloader
INFO 2025-11-22 02:54:11,417 autoreload C:\Users\arold\OneDrive\Desktop\Projets\projetsDjango\studentManager\studentManager\studentManagerApp\views.py changed, reloading.
INFO 2025-11-22 02:54:12,194 autoreload Watching for file changes with StatReloader
INFO 2025-11-22 02:54:14,796 autoreload C:\Users\arold\OneDrive\Desktop\Projets\projetsDjango\studentManager\studentManager\studentManagerApp\views.py changed, reloading.
INFO 2025-11-22 02:54:15,359 autoreload Watching for file changes with StatReloader
INFO 2025-11-22 02:54:38,333 autoreload C:\Users\arold\OneDrive\Desktop\Projets\projetsDjango\studentManager\studentManager\studentManagerApp\views.py changed, reloading.
INFO 2025-11-22 02:54:39,088 autoreload Watching for file changes with StatReloader
INFO 2025-11-22 02:54:40,536 autoreload C:\Users\arold\OneDrive\Desktop\Projets\projetsDjango\studentManager\studentManager\studentManagerApp\views.py changed, reloading.
INFO 2025-11-22 02:54:41,212 autoreload Watching for file changes with StatReloader
INFO 2025-11-22 02:54:43,704 autoreload C:\Users\arold\OneDrive\Desktop\Projets\projetsDjango\studentManager\studentManager\studentManagerApp\views.py changed, reloading.
INFO 2025-11-22 02:54:44,245 autoreload Watching for file changes with StatReloader
INFO 2025-11-22 02:54:50,743 autoreload C:\Users\arold\OneDrive\Desktop\Projets\projetsDjango\studentManager\studentManager\studentManagerApp\views.py changed, reloading.
INFO 2025-11-22 02:54:51,446 autoreload Watching for file changes with StatReloader
INFO 2025-11-22 02:54:54,010 autoreload C:\Users\arold\OneDrive\Desktop\Projets\projetsDjango\studentManager\studentManager\studentManagerApp\views.py changed, reloading.
INFO 2025-11-22 02:54:54,608 autoreload Watching for file changes with StatReloader
INFO 2025-11-22 02:54:56,989 autoreload C:\Users\arold\OneDrive\Desktop\Projets\projetsDjango\studentManager\studentManager\studentManagerApp\views.py changed, reloading.
INFO 2025-11-22 02:54:57,607 autoreload Watching for file changes with StatReloader
INFO 2025-11-22 02:55:03,079 autoreload C:\Users\arold\OneDrive\Desktop\Projets\projetsDjango\studentManager\studentManager\studentManagerApp\views.py changed, reloading.
INFO 2025-11-22 02:55:03,846 autoreload Watching for file changes with StatReloader
INFO 2025-11-22 02:55:05,321 autoreload C:\Users\arold\OneDrive\Desktop\Projets\projetsDjango\studentManager\studentManager\studentManagerApp\views.py changed, reloading.
INFO 2025-11-22 02:55:05,922 autoreload Watching for file changes with StatReloader
INFO 2025-11-22 02:55:07,435 autoreload C:\Users\arold\OneDrive\Desktop\Projets\projetsDjango\studentManager\studentManager\studentManagerApp\views.py changed, reloading.
INFO 2025-11-22 02:55:07,997 autoreload Watching for file changes with StatReloader
INFO 2025-11-22 02:55:10,403 autoreload C:\Users\arold\OneDrive\Desktop\Projets\projetsDjango\studentManager\studentManager\studentManagerApp\views.py changed, reloading.
INFO 2025-11-22 02:55:11,085 autoreload Watching for file changes with StatReloader
INFO 2025-11-22 02:55:20,672 basehttp "GET /edit-page/administrateur/1 HTTP/1.1" 200 58163
INFO 2025-11-22 02:55:20,808 basehttp "GET /static/studentManagerApp/JS/edit-page.js HTTP/1.1" 200 13638
INFO 2025-11-22 02:55:42,369 views Modification de la note: Djeufack Kafack, EDP, CC (ancienne note: Note object (89) => Nouvelle note: 16.5)
INFO 2025-11-22 02:55:42,377 views Modification de la note: Dzeuffo Tadong, EDP, CC (ancienne note: Note object (90) => Nouvelle note: 15)
INFO 2025-11-22 02:55:42,384 views Modification de la note: Tchounkeu Ngia, EDP, CC (ancienne note: Note object (91) => Nouvelle note: 10)
INFO 2025-11-22 02:55:42,389 views Modification de la note: Houaffieu, EDP, CC (ancienne note: Note object (92) => Nouvelle note: 10)
INFO 2025-11-22 02:55:42,393 views Modification de la note: Kuate Fotso, EDP, CC (ancienne note: Note object (93) => Nouvelle note: 14.5)
INFO 2025-11-22 02:55:42,398 views Modification de la note: Koumbou dogmegni, EDP, CC (ancienne note: Note object (94) => Nouvelle note: 11)
INFO 2025-11-22 02:55:42,402 views Modification de la note: Kouang Wafo, EDP, CC (ancienne note: Note object (95) => Nouvelle note: 10.5)
INFO 2025-11-22 02:55:42,408 views Modification de la note: Maeva Franne, EDP, CC (ancienne note: Note object (96) => Nouvelle note: 12)
INFO 2025-11-22 02:55:42,413 views Modification de la note: Mahamat Abatcha, EDP, CC (ancienne note: Note object (97) => Nouvelle note: 14)
INFO 2025-11-22 02:55:42,419 views Modification de la note: Ngoho Tchebe, EDP, CC (ancienne note: Note object (98) => Nouvelle note: 9)
INFO 2025-11-22 02:55:42,424 views Modification de la note: Njoya tawat, EDP, CC (ancienne note: Note object (99) => Nouvelle note: 10)
INFO 2025-11-22 02:55:42,435 basehttp "POST /enregistrer-notes/ HTTP/1.1" 200 55
INFO 2025-11-22 02:56:53,945 autoreload C:\Users\arold\OneDrive\Desktop\Projets\projetsDjango\studentManager\studentManager\studentManagerApp\views.py changed, reloading.
INFO 2025-11-22 02:56:54,777 autoreload Watching for file changes with StatReloader
INFO 2025-11-22 02:56:56,334 autoreload C:\Users\arold\OneDrive\Desktop\Projets\projetsDjango\studentManager\studentManager\studentManagerApp\views.py changed, reloading.
INFO 2025-11-22 02:56:56,973 autoreload Watching for file changes with StatReloader
INFO 2025-11-22 02:56:59,465 autoreload C:\Users\arold\OneDrive\Desktop\Projets\projetsDjango\studentManager\studentManager\studentManagerApp\views.py changed, reloading.
INFO 2025-11-22 02:57:00,177 autoreload Watching for file changes with StatReloader
INFO 2025-11-22 02:57:01,354 autoreload C:\Users\arold\OneDrive\Desktop\Projets\projetsDjango\studentManager\studentManager\studentManagerApp\views.py changed, reloading.
INFO 2025-11-22 02:57:01,918 autoreload Watching for file changes with StatReloader
INFO 2025-11-22 02:57:04,581 autoreload C:\Users\arold\OneDrive\Desktop\Projets\projetsDjango\studentManager\studentManager\studentManagerApp\views.py changed, reloading.
INFO 2025-11-22 02:57:05,194 autoreload Watching for file changes with StatReloader
INFO 2025-11-22 02:57:19,704 autoreload C:\Users\arold\OneDrive\Desktop\Projets\projetsDjango\studentManager\studentManager\studentManagerApp\views.py changed, reloading.
INFO 2025-11-22 02:57:20,327 autoreload Watching for file changes with StatReloader
INFO 2025-11-22 02:57:28,041 basehttp "GET /edit-page/administrateur/1 HTTP/1.1" 200 58164
INFO 2025-11-22 02:57:40,121 views Modification de la note: Houaffieu, Analyse 4, SN (ancienne note: 1.0 => Nouvelle note: 10)
INFO 2025-11-22 02:57:40,151 basehttp "POST /enregistrer-notes/ HTTP/1.1" 200 55
INFO 2025-11-22 02:58:40,547 views Ajout de la note: Dzeuffo Tadong, initiation á  MATLAB, SN (note: 13)
INFO 2025-11-22 02:58:40,587 basehttp "POST /enregistrer-notes/ HTTP/1.1" 200 55
INFO 2025-11-24 08:03:51,463 autoreload Watching for file changes with StatReloader
INFO 2025-11-24 08:04:06,282 basehttp "GET / HTTP/1.1" 302 0
INFO 2025-11-24 08:04:06,320 basehttp "GET /home-page/administrateur/1 HTTP/1.1" 200 696
WARNING 2025-11-24 08:04:06,488 log Not Found: /favicon.ico
WARNING 2025-11-24 08:04:06,489 basehttp "GET /favicon.ico HTTP/1.1" 404 3553
INFO 2025-11-24 08:04:08,469 basehttp "GET /edit-page/administrateur/1 HTTP/1.1" 200 58165
INFO 2025-11-24 08:04:08,646 basehttp "GET /static/studentManagerApp/JS/edit-page.js HTTP/1.1" 200 13638
INFO 2025-11-24 08:22:35,185 basehttp "GET /edit-page/administrateur/1 HTTP/1.1" 200 58165
WARNING 2025-11-24 08:22:54,885 log Not Found: /.well-known/appspecific/com.chrome.devtools.json
WARNING 2025-11-24 08:22:54,888 basehttp "GET /.well-known/appspecific/com.chrome.devtools.json HTTP/1.1" 404 3664
INFO 2025-11-24 08:23:46,045 basehttp "GET /edit-page/administrateur/1 HTTP/1.1" 200 58165
INFO 2025-11-24 08:23:46,082 basehttp "GET /static/studentManagerApp/JS/edit-page.js HTTP/1.1" 200 14057
INFO 2025-11-24 08:27:46,588 basehttp "GET /edit-page/administrateur/1 HTTP/1.1" 200 58165
INFO 2025-11-24 08:27:46,615 basehttp "GET /static/studentManagerApp/JS/edit-page.js HTTP/1.1" 200 14103
WARNING 2025-11-24 08:28:21,767 log Not Found: /.well-known/appspecific/com.chrome.devtools.json
WARNING 2025-11-24 08:28:21,769 basehttp "GET /.well-known/appspecific/com.chrome.devtools.json HTTP/1.1" 404 3664
INFO 2025-11-24 08:29:50,539 basehttp "GET /edit-page/administrateur/1 HTTP/1.1" 200 58165
WARNING 2025-11-24 08:29:50,576 log Not Found: /.well-known/appspecific/com.chrome.devtools.json
WARNING 2025-11-24 08:29:50,579 basehttp "GET /.well-known/appspecific/com.chrome.devtools.json HTTP/1.1" 404 3664
INFO 2025-11-24 08:29:50,581 basehttp "GET /static/studentManagerApp/JS/edit-page.js HTTP/1.1" 200 13852
INFO 2025-11-24 08:30:21,002 views Ajout de la note: Houaffieu, EDP, SN (note: 16)
INFO 2025-11-24 08:30:21,039 basehttp "POST /enregistrer-notes/ HTTP/1.1" 200 55
INFO 2025-11-25 07:07:14,970 autoreload Watching for file changes with StatReloader
INFO 2025-11-25 07:07:19,519 basehttp "GET / HTTP/1.1" 200 955
INFO 2025-11-25 07:07:53,365 views Connexion réussie de l'utilisateur Djeufack Kafack (administrateur).
INFO 2025-11-25 07:07:53,371 basehttp "POST / HTTP/1.1" 302 0
INFO 2025-11-25 07:07:53,492 basehttp "GET /home-page/administrateur/1 HTTP/1.1" 200 696
INFO 2025-11-25 07:07:59,308 basehttp "GET /admin/login/?next=/admin/ HTTP/1.1" 200 4173
INFO 2025-11-25 07:08:00,105 basehttp "GET /static/admin/css/base.css HTTP/1.1" 200 22120
INFO 2025-11-25 07:08:00,114 basehttp "GET /static/admin/css/responsive.css HTTP/1.1" 200 16565
INFO 2025-11-25 07:08:00,122 basehttp "GET /static/admin/css/login.css HTTP/1.1" 200 951
INFO 2025-11-25 07:08:00,132 basehttp "GET /static/admin/css/dark_mode.css HTTP/1.1" 200 2808
INFO 2025-11-25 07:08:00,149 basehttp "GET /static/admin/css/nav_sidebar.css HTTP/1.1" 200 2810
INFO 2025-11-25 07:08:00,154 basehttp "GET /static/admin/js/theme.js HTTP/1.1" 200 1653
INFO 2025-11-25 07:08:00,166 basehttp "GET /static/admin/js/nav_sidebar.js HTTP/1.1" 200 3063
INFO 2025-11-25 07:08:15,390 basehttp "POST /admin/login/?next=/admin/ HTTP/1.1" 302 0
INFO 2025-11-25 07:08:15,531 basehttp "GET /admin/ HTTP/1.1" 200 15252
INFO 2025-11-25 07:08:15,657 basehttp "GET /static/admin/css/dashboard.css HTTP/1.1" 200 441
INFO 2025-11-25 07:08:15,701 basehttp "GET /static/admin/img/icon-addlink.svg HTTP/1.1" 200 331
INFO 2025-11-25 07:08:15,704 basehttp "GET /static/admin/img/icon-deletelink.svg HTTP/1.1" 200 392
INFO 2025-11-25 07:08:15,709 basehttp "GET /static/admin/img/icon-changelink.svg HTTP/1.1" 200 380
INFO 2025-11-25 07:08:19,393 basehttp "GET /admin/studentManagerApp/sessionutilisateur/ HTTP/1.1" 200 26857
INFO 2025-11-25 07:08:19,534 basehttp "GET /static/admin/css/changelists.css HTTP/1.1" 200 6878
INFO 2025-11-25 07:08:19,562 basehttp "GET /static/admin/js/core.js HTTP/1.1" 200 6208
INFO 2025-11-25 07:08:19,576 basehttp "GET /static/admin/js/jquery.init.js HTTP/1.1" 200 347
INFO 2025-11-25 07:08:19,597 basehttp "GET /static/admin/js/admin/RelatedObjectLookups.js HTTP/1.1" 200 9777
INFO 2025-11-25 07:08:19,608 basehttp "GET /static/admin/js/urlify.js HTTP/1.1" 200 7887
INFO 2025-11-25 07:08:19,620 basehttp "GET /static/admin/js/actions.js HTTP/1.1" 200 8076
INFO 2025-11-25 07:08:19,637 basehttp "GET /admin/jsi18n/ HTTP/1.1" 200 3342
INFO 2025-11-25 07:08:19,621 basehttp "GET /static/admin/js/prepopulate.js HTTP/1.1" 200 1531
INFO 2025-11-25 07:08:19,670 basehttp "GET /static/admin/js/vendor/jquery/jquery.js HTTP/1.1" 200 285314
INFO 2025-11-25 07:08:19,705 basehttp "GET /static/admin/js/vendor/xregexp/xregexp.js HTTP/1.1" 200 325171
INFO 2025-11-25 07:08:19,720 basehttp "GET /static/admin/js/filters.js HTTP/1.1" 200 978
INFO 2025-11-25 07:08:19,771 basehttp "GET /static/admin/img/sorting-icons.svg HTTP/1.1" 200 1097
INFO 2025-11-25 07:08:19,782 basehttp "GET /static/admin/img/icon-viewlink.svg HTTP/1.1" 200 581
INFO 2025-11-25 07:08:19,786 basehttp "GET /static/admin/img/tooltag-add.svg HTTP/1.1" 200 331
INFO 2025-11-25 07:08:34,159 basehttp "POST /admin/studentManagerApp/sessionutilisateur/ HTTP/1.1" 302 0
INFO 2025-11-25 07:08:34,218 basehttp "GET /admin/login/?next=/admin/studentManagerApp/sessionutilisateur/ HTTP/1.1" 200 4247
INFO 2025-11-25 07:08:40,112 basehttp "GET /admin/studentManagerApp/sessionutilisateur/ HTTP/1.1" 302 0
INFO 2025-11-25 07:08:40,145 basehttp "GET /admin/login/?next=/admin/studentManagerApp/sessionutilisateur/ HTTP/1.1" 200 4247
INFO 2025-11-25 07:08:55,713 basehttp "POST /admin/login/?next=/admin/studentManagerApp/sessionutilisateur/ HTTP/1.1" 302 0
INFO 2025-11-25 07:08:55,852 basehttp "GET /admin/studentManagerApp/sessionutilisateur/ HTTP/1.1" 200 26857
INFO 2025-11-25 07:08:55,967 basehttp "GET /admin/jsi18n/ HTTP/1.1" 200 3342
INFO 2025-11-25 07:09:09,056 basehttp "POST /admin/studentManagerApp/sessionutilisateur/ HTTP/1.1" 302 0
INFO 2025-11-25 07:09:09,110 basehttp "GET /admin/login/?next=/admin/studentManagerApp/sessionutilisateur/ HTTP/1.1" 200 4247
INFO 2025-11-25 07:09:22,340 basehttp "POST /admin/login/?next=/admin/studentManagerApp/sessionutilisateur/ HTTP/1.1" 302 0
INFO 2025-11-25 07:09:22,458 basehttp "GET /admin/studentManagerApp/sessionutilisateur/ HTTP/1.1" 200 26857
INFO 2025-11-25 07:09:22,579 basehttp "GET /admin/jsi18n/ HTTP/1.1" 200 3342
INFO 2025-11-25 07:09:32,625 basehttp "POST /admin/studentManagerApp/sessionutilisateur/ HTTP/1.1" 302 0
INFO 2025-11-25 07:09:32,689 basehttp "GET /admin/login/?next=/admin/studentManagerApp/sessionutilisateur/ HTTP/1.1" 200 4247
INFO 2025-11-25 07:09:46,942 basehttp "POST /admin/login/?next=/admin/studentManagerApp/sessionutilisateur/ HTTP/1.1" 302 0
INFO 2025-11-25 07:09:47,057 basehttp "GET /admin/studentManagerApp/sessionutilisateur/ HTTP/1.1" 200 26857
INFO 2025-11-25 07:09:47,173 basehttp "GET /admin/jsi18n/ HTTP/1.1" 200 3342
INFO 2025-11-25 07:09:55,803 basehttp "GET /admin/studentManagerApp/sessionutilisateur/7/change/ HTTP/1.1" 302 0
INFO 2025-11-25 07:09:55,843 basehttp "GET /admin/login/?next=/admin/studentManagerApp/sessionutilisateur/7/change/ HTTP/1.1" 200 4265
INFO 2025-11-25 07:10:08,901 basehttp "POST /admin/login/?next=/admin/studentManagerApp/sessionutilisateur/7/change/ HTTP/1.1" 302 0
INFO 2025-11-25 07:10:09,044 basehttp "GET /admin/studentManagerApp/sessionutilisateur/7/change/ HTTP/1.1" 200 17093
INFO 2025-11-25 07:10:09,184 basehttp "GET /static/admin/css/forms.css HTTP/1.1" 200 8525
INFO 2025-11-25 07:10:09,205 basehttp "GET /static/admin/js/calendar.js HTTP/1.1" 200 9141
INFO 2025-11-25 07:10:09,208 basehttp "GET /static/admin/js/prepopulate_init.js HTTP/1.1" 200 586
INFO 2025-11-25 07:10:09,211 basehttp "GET /static/admin/js/admin/DateTimeShortcuts.js HTTP/1.1" 200 19319
INFO 2025-11-25 07:10:09,213 basehttp "GET /static/admin/css/widgets.css HTTP/1.1" 200 11991
INFO 2025-11-25 07:10:09,221 basehttp "GET /admin/jsi18n/ HTTP/1.1" 200 3342
INFO 2025-11-25 07:10:09,233 basehttp "GET /static/admin/js/change_form.js HTTP/1.1" 200 606
INFO 2025-11-25 07:10:09,318 basehttp "GET /static/admin/img/icon-calendar.svg HTTP/1.1" 200 1086
INFO 2025-11-25 07:10:09,323 basehttp "GET /static/admin/img/icon-clock.svg HTTP/1.1" 200 677
INFO 2025-11-25 07:10:12,211 basehttp "GET /admin/studentManagerApp/sessionutilisateur/7/delete/ HTTP/1.1" 200 11470
INFO 2025-11-25 07:10:12,312 basehttp "GET /static/admin/js/cancel.js HTTP/1.1" 200 884
INFO 2025-11-25 07:10:14,175 basehttp "POST /admin/studentManagerApp/sessionutilisateur/7/delete/ HTTP/1.1" 302 0
INFO 2025-11-25 07:10:14,289 basehttp "GET /admin/studentManagerApp/sessionutilisateur/ HTTP/1.1" 200 26541
INFO 2025-11-25 07:10:14,485 basehttp "GET /admin/jsi18n/ HTTP/1.1" 200 3342
INFO 2025-11-25 07:10:14,559 basehttp "GET /static/admin/img/icon-yes.svg HTTP/1.1" 200 436
INFO 2025-11-25 07:10:17,233 basehttp "GET /admin/studentManagerApp/sessionutilisateur/8/change/ HTTP/1.1" 302 0
INFO 2025-11-25 07:10:17,275 basehttp "GET /admin/login/?next=/admin/studentManagerApp/sessionutilisateur/8/change/ HTTP/1.1" 200 4265
INFO 2025-11-25 07:10:20,540 basehttp "GET /admin/studentManagerApp/sessionutilisateur/ HTTP/1.1" 302 0
INFO 2025-11-25 07:10:20,573 basehttp "GET /admin/login/?next=/admin/studentManagerApp/sessionutilisateur/ HTTP/1.1" 200 4247
INFO 2025-11-25 07:12:12,733 basehttp "GET /edit-page/administrateur/1 HTTP/1.1" 200 58165
INFO 2025-11-25 07:12:12,880 basehttp "GET /static/studentManagerApp/JS/edit-page.js HTTP/1.1" 200 13852
INFO 2025-11-25 07:16:21,013 basehttp "GET /edit-page/administrateur/1 HTTP/1.1" 200 58165
WARNING 2025-11-25 07:16:37,911 log Not Found: /.well-known/appspecific/com.chrome.devtools.json
WARNING 2025-11-25 07:16:37,914 basehttp "GET /.well-known/appspecific/com.chrome.devtools.json HTTP/1.1" 404 3664
INFO 2025-11-25 07:17:05,469 basehttp "GET /edit-page/administrateur/1 HTTP/1.1" 200 58165
INFO 2025-11-25 07:17:05,542 basehttp "GET /static/studentManagerApp/JS/edit-page.js HTTP/1.1" 200 14084
WARNING 2025-11-25 07:18:36,219 log Not Found: /.well-known/appspecific/com.chrome.devtools.json
WARNING 2025-11-25 07:18:36,221 basehttp "GET /.well-known/appspecific/com.chrome.devtools.json HTTP/1.1" 404 3664
INFO 2025-11-25 07:20:38,174 basehttp "GET /edit-page/administrateur/1 HTTP/1.1" 200 58165
WARNING 2025-11-25 07:21:01,059 log Not Found: /.well-known/appspecific/com.chrome.devtools.json
WARNING 2025-11-25 07:21:01,061 basehttp "GET /.well-known/appspecific/com.chrome.devtools.json HTTP/1.1" 404 3664
INFO 2025-11-25 07:21:34,150 basehttp "GET /edit-page/administrateur/1 HTTP/1.1" 200 58165
WARNING 2025-11-25 07:21:34,286 log Not Found: /.well-known/appspecific/com.chrome.devtools.json
WARNING 2025-11-25 07:21:34,289 basehttp "GET /.well-known/appspecific/com.chrome.devtools.json HTTP/1.1" 404 3664
INFO 2025-11-25 07:23:51,547 basehttp "GET /edit-page/administrateur/1 HTTP/1.1" 200 58165
INFO 2025-11-25 07:23:51,612 basehttp "GET /static/studentManagerApp/JS/edit-page.js HTTP/1.1" 200 14173
WARNING 2025-11-25 07:24:06,344 log Not Found: /.well-known/appspecific/com.chrome.devtools.json
WARNING 2025-11-25 07:24:06,346 basehttp "GET /.well-known/appspecific/com.chrome.devtools.json HTTP/1.1" 404 3664
INFO 2025-11-25 07:27:36,490 basehttp "GET /edit-page/administrateur/1 HTTP/1.1" 200 58165
INFO 2025-11-25 07:27:36,560 basehttp "GET /static/studentManagerApp/JS/edit-page.js HTTP/1.1" 200 14137
INFO 2025-11-25 07:27:43,000 basehttp "POST /enregistrer-notes/ HTTP/1.1" 200 55
WARNING 2025-11-25 07:27:59,273 log Not Found: /.well-known/appspecific/com.chrome.devtools.json
WARNING 2025-11-25 07:27:59,275 basehttp "GET /.well-known/appspecific/com.chrome.devtools.json HTTP/1.1" 404 3664
INFO 2025-11-26 05:01:43,655 autoreload Watching for file changes with StatReloader
INFO 2025-11-26 05:01:48,363 basehttp "GET / HTTP/1.1" 302 0
INFO 2025-11-26 05:01:48,422 basehttp "GET /home-page/administrateur/1 HTTP/1.1" 200 696
INFO 2025-11-26 05:01:50,887 basehttp "GET /edit-page/administrateur/1 HTTP/1.1" 200 58165
INFO 2025-11-26 05:01:51,145 basehttp "GET /static/studentManagerApp/JS/edit-page.js HTTP/1.1" 200 14137
WARNING 2025-11-26 05:02:06,890 log Not Found: /.well-known/appspecific/com.chrome.devtools.json
WARNING 2025-11-26 05:02:06,897 basehttp "GET /.well-known/appspecific/com.chrome.devtools.json HTTP/1.1" 404 3664
INFO 2025-11-27 07:23:21,554 autoreload Watching for file changes with StatReloader
INFO 2025-11-27 07:23:26,458 basehttp "GET / HTTP/1.1" 302 0
INFO 2025-11-27 07:23:26,533 basehttp "GET /home-page/administrateur/1 HTTP/1.1" 200 696
INFO 2025-11-27 07:23:30,413 basehttp "GET /edit-page/administrateur/1 HTTP/1.1" 200 58165
INFO 2025-11-27 07:23:30,627 basehttp "GET /static/studentManagerApp/JS/edit-page.js HTTP/1.1" 200 14706
WARNING 2025-11-27 07:23:49,979 log Not Found: /.well-known/appspecific/com.chrome.devtools.json
WARNING 2025-11-27 07:23:49,984 basehttp "GET /.well-known/appspecific/com.chrome.devtools.json HTTP/1.1" 404 3664
INFO 2025-11-27 07:26:03,018 basehttp "GET /edit-page/administrateur/1 HTTP/1.1" 200 58165
INFO 2025-11-27 07:26:03,107 basehttp "GET /static/studentManagerApp/JS/edit-page.js HTTP/1.1" 200 14862
WARNING 2025-11-27 07:26:03,299 log Not Found: /.well-known/appspecific/com.chrome.devtools.json
WARNING 2025-11-27 07:26:03,300 basehttp "GET /.well-known/appspecific/com.chrome.devtools.json HTTP/1.1" 404 3664
WARNING 2025-11-27 07:26:27,281 log Not Found: /.well-known/appspecific/com.chrome.devtools.json
WARNING 2025-11-27 07:26:27,282 basehttp "GET /.well-known/appspecific/com.chrome.devtools.json HTTP/1.1" 404 3664
INFO 2025-11-27 07:30:48,369 basehttp "GET /edit-page/administrateur/1 HTTP/1.1" 200 58165
INFO 2025-11-27 07:30:48,458 basehttp "GET /static/studentManagerApp/JS/edit-page.js HTTP/1.1" 200 14926
WARNING 2025-11-27 07:31:00,042 log Not Found: /.well-known/appspecific/com.chrome.devtools.json
WARNING 2025-11-27 07:31:00,044 basehttp "GET /.well-known/appspecific/com.chrome.devtools.json HTTP/1.1" 404 3664
INFO 2025-12-06 08:30:59,016 autoreload Watching for file changes with StatReloader
INFO 2025-12-06 08:31:08,644 basehttp "GET / HTTP/1.1" 200 955
WARNING 2025-12-06 08:31:08,868 log Not Found: /favicon.ico
WARNING 2025-12-06 08:31:08,870 basehttp "GET /favicon.ico HTTP/1.1" 404 3553
INFO 2025-12-06 08:31:25,251 views Connexion réussie de l'utilisateur Djeufack Kafack (administrateur).
INFO 2025-12-06 08:31:25,253 basehttp "POST / HTTP/1.1" 302 0
INFO 2025-12-06 08:31:25,286 basehttp "GET /home-page/administrateur/1 HTTP/1.1" 200 696
INFO 2025-12-06 08:31:26,870 basehttp "GET /edit-page/administrateur/1 HTTP/1.1" 200 58165
INFO 2025-12-06 08:31:27,039 basehttp "GET /static/studentManagerApp/JS/edit-page.js HTTP/1.1" 200 14926
WARNING 2025-12-06 08:31:42,503 log Not Found: /.well-known/appspecific/com.chrome.devtools.json
WARNING 2025-12-06 08:31:42,505 basehttp "GET /.well-known/appspecific/com.chrome.devtools.json HTTP/1.1" 404 3664
INFO 2025-12-06 08:36:00,809 basehttp "GET /edit-page/administrateur/1 HTTP/1.1" 200 58165
WARNING 2025-12-06 08:36:12,457 log Not Found: /.well-known/appspecific/com.chrome.devtools.json
WARNING 2025-12-06 08:36:12,458 basehttp "GET /.well-known/appspecific/com.chrome.devtools.json HTTP/1.1" 404 3664
INFO 2025-12-06 08:36:28,525 basehttp "GET /edit-page/administrateur/1 HTTP/1.1" 200 58165
INFO 2025-12-06 08:36:28,559 basehttp "GET /static/studentManagerApp/JS/edit-page.js HTTP/1.1" 200 14993
WARNING 2025-12-06 08:36:41,306 log Not Found: /.well-known/appspecific/com.chrome.devtools.json
WARNING 2025-12-06 08:36:41,308 basehttp "GET /.well-known/appspecific/com.chrome.devtools.json HTTP/1.1" 404 3664
INFO 2025-12-06 08:40:09,143 basehttp "GET /edit-page/administrateur/1 HTTP/1.1" 200 58165
INFO 2025-12-06 08:40:09,180 basehttp "GET /static/studentManagerApp/JS/edit-page.js HTTP/1.1" 200 14987
WARNING 2025-12-06 08:40:09,194 log Not Found: /.well-known/appspecific/com.chrome.devtools.json
WARNING 2025-12-06 08:40:09,196 basehttp "GET /.well-known/appspecific/com.chrome.devtools.json HTTP/1.1" 404 3664
WARNING 2025-12-06 08:41:01,873 log Not Found: /.well-known/appspecific/com.chrome.devtools.json
WARNING 2025-12-06 08:41:01,874 basehttp "GET /.well-known/appspecific/com.chrome.devtools.json HTTP/1.1" 404 3664
INFO 2025-12-06 08:41:03,729 basehttp "GET /edit-page/administrateur/1 HTTP/1.1" 200 58165
WARNING 2025-12-06 08:41:03,773 log Not Found: /.well-known/appspecific/com.chrome.devtools.json
WARNING 2025-12-06 08:41:03,774 basehttp "GET /.well-known/appspecific/com.chrome.devtools.json HTTP/1.1" 404 3664
INFO 2025-12-06 08:41:03,783 basehttp "GET /static/studentManagerApp/JS/edit-page.js HTTP/1.1" 200 15001
INFO 2025-12-06 08:44:34,495 basehttp "GET /edit-page/administrateur/1 HTTP/1.1" 200 58165
INFO 2025-12-06 08:44:34,527 basehttp "GET /static/studentManagerApp/JS/edit-page.js HTTP/1.1" 200 14993
WARNING 2025-12-06 08:44:47,259 log Not Found: /.well-known/appspecific/com.chrome.devtools.json
WARNING 2025-12-06 08:44:47,260 basehttp "GET /.well-known/appspecific/com.chrome.devtools.json HTTP/1.1" 404 3664
WARNING 2025-12-06 08:45:46,093 log Not Found: /.well-known/appspecific/com.chrome.devtools.json
WARNING 2025-12-06 08:45:46,096 basehttp "GET /.well-known/appspecific/com.chrome.devtools.json HTTP/1.1" 404 3664
INFO 2025-12-06 08:45:57,975 basehttp "GET /edit-page/administrateur/1 HTTP/1.1" 200 58165
INFO 2025-12-06 08:45:58,010 basehttp "GET /static/studentManagerApp/JS/edit-page.js HTTP/1.1" 200 14986
WARNING 2025-12-06 08:45:58,027 log Not Found: /.well-known/appspecific/com.chrome.devtools.json
WARNING 2025-12-06 08:45:58,029 basehttp "GET /.well-known/appspecific/com.chrome.devtools.json HTTP/1.1" 404 3664
INFO 2025-12-06 08:50:05,850 basehttp "GET /edit-page/administrateur/1 HTTP/1.1" 200 58165
INFO 2025-12-06 08:50:05,895 basehttp "GET /static/studentManagerApp/JS/edit-page.js HTTP/1.1" 200 14926
WARNING 2025-12-06 08:50:05,909 log Not Found: /.well-known/appspecific/com.chrome.devtools.json
WARNING 2025-12-06 08:50:05,911 basehttp "GET /.well-known/appspecific/com.chrome.devtools.json HTTP/1.1" 404 3664
INFO 2025-12-06 08:51:59,797 basehttp "GET /edit-page/administrateur/1 HTTP/1.1" 200 58165
INFO 2025-12-06 08:51:59,825 basehttp "GET /static/studentManagerApp/JS/edit-page.js HTTP/1.1" 304 0
INFO 2025-12-06 08:52:51,945 basehttp "GET /edit-page/administrateur/1 HTTP/1.1" 200 58165
INFO 2025-12-06 08:52:51,976 basehttp "GET /static/studentManagerApp/JS/edit-page.js HTTP/1.1" 200 14966
INFO 2025-12-06 08:52:53,325 basehttp "GET /edit-page/administrateur/1 HTTP/1.1" 200 58165
INFO 2025-12-06 08:52:53,358 basehttp "GET /static/studentManagerApp/JS/edit-page.js HTTP/1.1" 304 0
WARNING 2025-12-06 08:53:12,304 log Not Found: /.well-known/appspecific/com.chrome.devtools.json
WARNING 2025-12-06 08:53:12,305 basehttp "GET /.well-known/appspecific/com.chrome.devtools.json HTTP/1.1" 404 3664
INFO 2025-12-06 08:54:09,378 basehttp "GET /edit-page/administrateur/1 HTTP/1.1" 200 58165
WARNING 2025-12-06 08:54:09,422 log Not Found: /.well-known/appspecific/com.chrome.devtools.json
WARNING 2025-12-06 08:54:09,426 basehttp "GET /.well-known/appspecific/com.chrome.devtools.json HTTP/1.1" 404 3664
INFO 2025-12-06 08:54:09,429 basehttp "GET /static/studentManagerApp/JS/edit-page.js HTTP/1.1" 200 14926
INFO 2025-12-06 09:07:19,597 autoreload Watching for file changes with StatReloader
INFO 2025-12-06 09:12:24,544 basehttp "GET / HTTP/1.1" 302 0
INFO 2025-12-06 09:12:24,618 basehttp "GET /home-page/administrateur/1 HTTP/1.1" 200 696
WARNING 2025-12-06 09:12:24,861 log Not Found: /favicon.ico
WARNING 2025-12-06 09:12:24,862 basehttp "GET /favicon.ico HTTP/1.1" 404 3553
INFO 2025-12-06 09:12:44,837 basehttp "GET /home-page/administrateur/1 HTTP/1.1" 200 696
INFO 2025-12-06 09:12:46,456 basehttp "GET /edit-page/administrateur/1 HTTP/1.1" 200 58165
INFO 2025-12-06 09:12:46,583 basehttp "GET /static/studentManagerApp/JS/edit-page.js HTTP/1.1" 200 14992
WARNING 2025-12-06 09:12:59,233 log Not Found: /.well-known/appspecific/com.chrome.devtools.json
WARNING 2025-12-06 09:12:59,234 basehttp "GET /.well-known/appspecific/com.chrome.devtools.json HTTP/1.1" 404 3664
INFO 2025-12-06 09:13:50,709 basehttp "GET /edit-page/administrateur/1 HTTP/1.1" 200 58165
INFO 2025-12-06 09:13:50,760 basehttp "GET /static/studentManagerApp/JS/edit-page.js HTTP/1.1" 200 14993
WARNING 2025-12-06 09:13:50,777 log Not Found: /.well-known/appspecific/com.chrome.devtools.json
WARNING 2025-12-06 09:13:50,778 basehttp "GET /.well-known/appspecific/com.chrome.devtools.json HTTP/1.1" 404 3664
INFO 2025-12-06 09:14:51,702 basehttp "GET /edit-page/administrateur/1 HTTP/1.1" 200 58165
WARNING 2025-12-06 09:14:51,762 log Not Found: /.well-known/appspecific/com.chrome.devtools.json
INFO 2025-12-06 09:14:51,769 basehttp "GET /static/studentManagerApp/JS/edit-page.js HTTP/1.1" 200 14993
WARNING 2025-12-06 09:14:51,770 basehttp "GET /.well-known/appspecific/com.chrome.devtools.json HTTP/1.1" 404 3664
INFO 2025-12-06 09:15:48,625 basehttp "GET /edit-page/administrateur/1 HTTP/1.1" 200 58165
WARNING 2025-12-06 09:15:48,690 log Not Found: /.well-known/appspecific/com.chrome.devtools.json
WARNING 2025-12-06 09:15:48,691 basehttp "GET /.well-known/appspecific/com.chrome.devtools.json HTTP/1.1" 404 3664
INFO 2025-12-06 09:15:48,692 basehttp "GET /static/studentManagerApp/JS/edit-page.js HTTP/1.1" 200 14865
INFO 2025-12-06 09:22:52,019 autoreload C:\Users\arold\OneDrive\Desktop\Projets\projetsDjango\studentManager\studentManager\studentManagerApp\views.py changed, reloading.
INFO 2025-12-06 09:22:52,612 autoreload Watching for file changes with StatReloader
INFO 2025-12-06 09:22:54,136 autoreload C:\Users\arold\OneDrive\Desktop\Projets\projetsDjango\studentManager\studentManager\studentManagerApp\views.py changed, reloading.
INFO 2025-12-06 09:22:54,706 autoreload Watching for file changes with StatReloader
INFO 2025-12-06 09:22:56,199 autoreload C:\Users\arold\OneDrive\Desktop\Projets\projetsDjango\studentManager\studentManager\studentManagerApp\views.py changed, reloading.
INFO 2025-12-06 09:22:56,742 autoreload Watching for file changes with StatReloader
INFO 2025-12-06 09:22:59,167 autoreload C:\Users\arold\OneDrive\Desktop\Projets\projetsDjango\studentManager\studentManager\studentManagerApp\views.py changed, reloading.
INFO 2025-12-06 09:22:59,730 autoreload Watching for file changes with StatReloader
INFO 2025-12-06 09:23:01,158 autoreload C:\Users\arold\OneDrive\Desktop\Projets\projetsDjango\studentManager\studentManager\studentManagerApp\views.py changed, reloading.
INFO 2025-12-06 09:23:01,996 autoreload Watching for file changes with StatReloader
INFO 2025-12-06 09:23:12,532 autoreload C:\Users\arold\OneDrive\Desktop\Projets\projetsDjango\studentManager\studentManager\studentManagerApp\views.py changed, reloading.
INFO 2025-12-06 09:23:13,199 autoreload Watching for file changes with StatReloader
INFO 2025-12-06 09:23:38,384 autoreload C:\Users\arold\OneDrive\Desktop\Projets\projetsDjango\studentManager\studentManager\studentManagerApp\views.py changed, reloading.
INFO 2025-12-06 09:23:39,942 autoreload Watching for file changes with StatReloader
INFO 2025-12-06 09:23:44,709 autoreload C:\Users\arold\OneDrive\Desktop\Projets\projetsDjango\studentManager\studentManager\studentManagerApp\views.py changed, reloading.
INFO 2025-12-06 09:23:45,518 autoreload Watching for file changes with StatReloader
INFO 2025-12-06 09:23:46,720 autoreload C:\Users\arold\OneDrive\Desktop\Projets\projetsDjango\studentManager\studentManager\studentManagerApp\views.py changed, reloading.
INFO 2025-12-06 09:23:47,334 autoreload Watching for file changes with StatReloader
INFO 2025-12-06 09:23:56,707 autoreload C:\Users\arold\OneDrive\Desktop\Projets\projetsDjango\studentManager\studentManager\studentManagerApp\views.py changed, reloading.
INFO 2025-12-06 09:23:57,447 autoreload Watching for file changes with StatReloader
INFO 2025-12-06 09:24:04,850 autoreload C:\Users\arold\OneDrive\Desktop\Projets\projetsDjango\studentManager\studentManager\studentManagerApp\views.py changed, reloading.
INFO 2025-12-06 09:24:05,525 autoreload Watching for file changes with StatReloader
INFO 2025-12-06 09:24:12,979 autoreload C:\Users\arold\OneDrive\Desktop\Projets\projetsDjango\studentManager\studentManager\studentManagerApp\views.py changed, reloading.
INFO 2025-12-06 09:24:13,718 autoreload Watching for file changes with StatReloader
INFO 2025-12-06 09:24:16,018 autoreload C:\Users\arold\OneDrive\Desktop\Projets\projetsDjango\studentManager\studentManager\studentManagerApp\views.py changed, reloading.
INFO 2025-12-06 09:24:16,546 autoreload Watching for file changes with StatReloader
INFO 2025-12-06 09:24:21,850 autoreload C:\Users\arold\OneDrive\Desktop\Projets\projetsDjango\studentManager\studentManager\studentManagerApp\views.py changed, reloading.
INFO 2025-12-06 09:24:22,682 autoreload Watching for file changes with StatReloader
INFO 2025-12-06 09:24:24,980 autoreload C:\Users\arold\OneDrive\Desktop\Projets\projetsDjango\studentManager\studentManager\studentManagerApp\views.py changed, reloading.
INFO 2025-12-06 09:24:25,571 autoreload Watching for file changes with StatReloader
INFO 2025-12-06 09:24:27,800 autoreload C:\Users\arold\OneDrive\Desktop\Projets\projetsDjango\studentManager\studentManager\studentManagerApp\views.py changed, reloading.
INFO 2025-12-06 09:24:28,382 autoreload Watching for file changes with StatReloader
INFO 2025-12-06 09:24:35,804 autoreload C:\Users\arold\OneDrive\Desktop\Projets\projetsDjango\studentManager\studentManager\studentManagerApp\views.py changed, reloading.
INFO 2025-12-06 09:24:36,522 autoreload Watching for file changes with StatReloader
INFO 2025-12-06 09:24:38,895 autoreload C:\Users\arold\OneDrive\Desktop\Projets\projetsDjango\studentManager\studentManager\studentManagerApp\views.py changed, reloading.
INFO 2025-12-06 09:24:39,744 autoreload Watching for file changes with StatReloader
INFO 2025-12-06 09:24:45,051 autoreload C:\Users\arold\OneDrive\Desktop\Projets\projetsDjango\studentManager\studentManager\studentManagerApp\views.py changed, reloading.
INFO 2025-12-06 09:24:45,623 autoreload Watching for file changes with StatReloader
INFO 2025-12-06 09:24:52,024 autoreload C:\Users\arold\OneDrive\Desktop\Projets\projetsDjango\studentManager\studentManager\studentManagerApp\views.py changed, reloading.
INFO 2025-12-06 09:24:52,689 autoreload Watching for file changes with StatReloader
INFO 2025-12-06 09:24:53,905 autoreload C:\Users\arold\OneDrive\Desktop\Projets\projetsDjango\studentManager\studentManager\studentManagerApp\views.py changed, reloading.
INFO 2025-12-06 09:24:54,455 autoreload Watching for file changes with StatReloader
INFO 2025-12-06 09:24:55,634 autoreload C:\Users\arold\OneDrive\Desktop\Projets\projetsDjango\studentManager\studentManager\studentManagerApp\views.py changed, reloading.
INFO 2025-12-06 09:24:56,188 autoreload Watching for file changes with StatReloader
INFO 2025-12-06 09:24:57,355 autoreload C:\Users\arold\OneDrive\Desktop\Projets\projetsDjango\studentManager\studentManager\studentManagerApp\views.py changed, reloading.
INFO 2025-12-06 09:24:57,878 autoreload Watching for file changes with StatReloader
INFO 2025-12-06 09:24:59,055 autoreload C:\Users\arold\OneDrive\Desktop\Projets\projetsDjango\studentManager\studentManager\studentManagerApp\views.py changed, reloading.
INFO 2025-12-06 09:24:59,764 autoreload Watching for file changes with StatReloader
INFO 2025-12-06 09:25:00,932 autoreload C:\Users\arold\OneDrive\Desktop\Projets\projetsDjango\studentManager\studentManager\studentManagerApp\views.py changed, reloading.
INFO 2025-12-06 09:25:01,665 autoreload Watching for file changes with StatReloader
INFO 2025-12-06 09:25:24,325 autoreload C:\Users\arold\OneDrive\Desktop\Projets\projetsDjango\studentManager\studentManager\studentManagerApp\views.py changed, reloading.
INFO 2025-12-06 09:25:24,910 autoreload Watching for file changes with StatReloader
INFO 2025-12-06 09:25:28,163 autoreload C:\Users\arold\OneDrive\Desktop\Projets\projetsDjango\studentManager\studentManager\studentManagerApp\views.py changed, reloading.
INFO 2025-12-06 09:25:28,955 autoreload Watching for file changes with StatReloader
INFO 2025-12-06 09:25:56,847 autoreload C:\Users\arold\OneDrive\Desktop\Projets\projetsDjango\studentManager\studentManager\studentManagerApp\views.py changed, reloading.
INFO 2025-12-06 09:25:57,350 autoreload Watching for file changes with StatReloader
INFO 2025-12-06 09:25:58,826 autoreload C:\Users\arold\OneDrive\Desktop\Projets\projetsDjango\studentManager\studentManager\studentManagerApp\views.py changed, reloading.
INFO 2025-12-06 09:25:59,349 autoreload Watching for file changes with StatReloader
INFO 2025-12-06 09:26:03,858 autoreload C:\Users\arold\OneDrive\Desktop\Projets\projetsDjango\studentManager\studentManager\studentManagerApp\views.py changed, reloading.
INFO 2025-12-06 09:26:04,465 autoreload Watching for file changes with StatReloader
INFO 2025-12-06 09:26:05,937 autoreload C:\Users\arold\OneDrive\Desktop\Projets\projetsDjango\studentManager\studentManager\studentManagerApp\views.py changed, reloading.
INFO 2025-12-06 09:26:06,455 autoreload Watching for file changes with StatReloader
INFO 2025-12-06 09:26:10,040 autoreload C:\Users\arold\OneDrive\Desktop\Projets\projetsDjango\studentManager\studentManager\studentManagerApp\views.py changed, reloading.
INFO 2025-12-06 09:26:10,779 autoreload Watching for file changes with StatReloader
INFO 2025-12-06 09:26:12,157 autoreload C:\Users\arold\OneDrive\Desktop\Projets\projetsDjango\studentManager\studentManager\studentManagerApp\views.py changed, reloading.
INFO 2025-12-06 09:26:12,768 autoreload Watching for file changes with StatReloader
INFO 2025-12-06 09:26:16,250 autoreload C:\Users\arold\OneDrive\Desktop\Projets\projetsDjango\studentManager\studentManager\studentManagerApp\views.py changed, reloading.
INFO 2025-12-06 09:26:16,868 autoreload Watching for file changes with StatReloader
INFO 2025-12-06 09:26:27,431 autoreload C:\Users\arold\OneDrive\Desktop\Projets\projetsDjango\studentManager\studentManager\studentManagerApp\views.py changed, reloading.
INFO 2025-12-06 09:26:28,090 autoreload Watching for file changes with StatReloader
INFO 2025-12-06 09:26:29,651 autoreload C:\Users\arold\OneDrive\Desktop\Projets\projetsDjango\studentManager\studentManager\studentManagerApp\views.py changed, reloading.
INFO 2025-12-06 09:26:30,177 autoreload Watching for file changes with StatReloader
INFO 2025-12-06 09:26:34,594 autoreload C:\Users\arold\OneDrive\Desktop\Projets\projetsDjango\studentManager\studentManager\studentManagerApp\views.py changed, reloading.
INFO 2025-12-06 09:26:35,180 autoreload Watching for file changes with StatReloader
INFO 2025-12-06 09:26:40,686 autoreload C:\Users\arold\OneDrive\Desktop\Projets\projetsDjango\studentManager\studentManager\studentManagerApp\views.py changed, reloading.
INFO 2025-12-06 09:26:41,411 autoreload Watching for file changes with StatReloader
INFO 2025-12-06 09:26:42,801 autoreload C:\Users\arold\OneDrive\Desktop\Projets\projetsDjango\studentManager\studentManager\studentManagerApp\views.py changed, reloading.
INFO 2025-12-06 09:26:43,345 autoreload Watching for file changes with StatReloader
INFO 2025-12-06 09:26:45,784 autoreload C:\Users\arold\OneDrive\Desktop\Projets\projetsDjango\studentManager\studentManager\studentManagerApp\views.py changed, reloading.
INFO 2025-12-06 09:26:46,311 autoreload Watching for file changes with StatReloader
INFO 2025-12-06 09:26:48,802 autoreload C:\Users\arold\OneDrive\Desktop\Projets\projetsDjango\studentManager\studentManager\studentManagerApp\views.py changed, reloading.
INFO 2025-12-06 09:26:49,430 autoreload Watching for file changes with StatReloader
INFO 2025-12-06 09:26:50,846 autoreload C:\Users\arold\OneDrive\Desktop\Projets\projetsDjango\studentManager\studentManager\studentManagerApp\views.py changed, reloading.
INFO 2025-12-06 09:26:51,360 autoreload Watching for file changes with StatReloader
INFO 2025-12-06 09:26:53,756 autoreload C:\Users\arold\OneDrive\Desktop\Projets\projetsDjango\studentManager\studentManager\studentManagerApp\views.py changed, reloading.
INFO 2025-12-06 09:26:54,271 autoreload Watching for file changes with StatReloader
INFO 2025-12-06 09:26:56,655 autoreload C:\Users\arold\OneDrive\Desktop\Projets\projetsDjango\studentManager\studentManager\studentManagerApp\views.py changed, reloading.
INFO 2025-12-06 09:26:57,226 autoreload Watching for file changes with StatReloader
INFO 2025-12-06 09:26:58,681 autoreload C:\Users\arold\OneDrive\Desktop\Projets\projetsDjango\studentManager\studentManager\studentManagerApp\views.py changed, reloading.
INFO 2025-12-06 09:26:59,301 autoreload Watching for file changes with StatReloader
INFO 2025-12-06 09:27:00,791 autoreload C:\Users\arold\OneDrive\Desktop\Projets\projetsDjango\studentManager\studentManager\studentManagerApp\views.py changed, reloading.
INFO 2025-12-06 09:27:01,501 autoreload Watching for file changes with StatReloader
INFO 2025-12-06 09:27:02,889 autoreload C:\Users\arold\OneDrive\Desktop\Projets\projetsDjango\studentManager\studentManager\studentManagerApp\views.py changed, reloading.
INFO 2025-12-06 09:27:03,501 autoreload Watching for file changes with StatReloader
INFO 2025-12-06 09:27:26,497 autoreload C:\Users\arold\OneDrive\Desktop\Projets\projetsDjango\studentManager\studentManager\studentManagerApp\views.py changed, reloading.
INFO 2025-12-06 09:27:27,009 autoreload Watching for file changes with StatReloader
INFO 2025-12-06 09:27:30,502 autoreload C:\Users\arold\OneDrive\Desktop\Projets\projetsDjango\studentManager\studentManager\studentManagerApp\views.py changed, reloading.
INFO 2025-12-06 09:27:31,021 autoreload Watching for file changes with StatReloader
INFO 2025-12-06 09:27:33,196 autoreload C:\Users\arold\OneDrive\Desktop\Projets\projetsDjango\studentManager\studentManager\studentManagerApp\views.py changed, reloading.
INFO 2025-12-06 09:27:33,812 autoreload Watching for file changes with StatReloader
INFO 2025-12-06 09:27:34,987 autoreload C:\Users\arold\OneDrive\Desktop\Projets\projetsDjango\studentManager\studentManager\studentManagerApp\views.py changed, reloading.
INFO 2025-12-06 09:27:35,478 autoreload Watching for file changes with StatReloader
INFO 2025-12-06 09:27:46,055 autoreload C:\Users\arold\OneDrive\Desktop\Projets\projetsDjango\studentManager\studentManager\studentManagerApp\views.py changed, reloading.
INFO 2025-12-06 09:27:46,585 autoreload Watching for file changes with StatReloader
INFO 2025-12-06 09:28:01,321 autoreload C:\Users\arold\OneDrive\Desktop\Projets\projetsDjango\studentManager\studentManager\studentManagerApp\views.py changed, reloading.
INFO 2025-12-06 09:28:01,934 autoreload Watching for file changes with StatReloader
INFO 2025-12-06 09:28:13,354 autoreload C:\Users\arold\OneDrive\Desktop\Projets\projetsDjango\studentManager\studentManager\studentManagerApp\views.py changed, reloading.
INFO 2025-12-06 09:28:13,943 autoreload Watching for file changes with StatReloader
INFO 2025-12-06 09:28:16,127 autoreload C:\Users\arold\OneDrive\Desktop\Projets\projetsDjango\studentManager\studentManager\studentManagerApp\views.py changed, reloading.
INFO 2025-12-06 09:28:16,644 autoreload Watching for file changes with StatReloader
INFO 2025-12-06 09:28:25,993 autoreload C:\Users\arold\OneDrive\Desktop\Projets\projetsDjango\studentManager\studentManager\studentManagerApp\views.py changed, reloading.
INFO 2025-12-06 09:28:26,505 autoreload Watching for file changes with StatReloader
INFO 2025-12-06 09:28:28,719 autoreload C:\Users\arold\OneDrive\Desktop\Projets\projetsDjango\studentManager\studentManager\studentManagerApp\views.py changed, reloading.
INFO 2025-12-06 09:28:29,250 autoreload Watching for file changes with StatReloader
INFO 2025-12-06 09:28:34,502 autoreload C:\Users\arold\OneDrive\Desktop\Projets\projetsDjango\studentManager\studentManager\studentManagerApp\views.py changed, reloading.
INFO 2025-12-06 09:28:35,059 autoreload Watching for file changes with StatReloader
INFO 2025-12-06 09:28:40,521 autoreload C:\Users\arold\OneDrive\Desktop\Projets\projetsDjango\studentManager\studentManager\studentManagerApp\views.py changed, reloading.
INFO 2025-12-06 09:28:44,184 autoreload Watching for file changes with StatReloader
INFO 2025-12-06 09:28:46,798 autoreload C:\Users\arold\OneDrive\Desktop\Projets\projetsDjango\studentManager\studentManager\studentManagerApp\views.py changed, reloading.
INFO 2025-12-06 09:28:47,850 autoreload Watching for file changes with StatReloader
INFO 2025-12-06 09:28:51,322 autoreload C:\Users\arold\OneDrive\Desktop\Projets\projetsDjango\studentManager\studentManager\studentManagerApp\views.py changed, reloading.
INFO 2025-12-06 09:28:52,407 autoreload Watching for file changes with StatReloader
INFO 2025-12-06 09:28:57,972 autoreload C:\Users\arold\OneDrive\Desktop\Projets\projetsDjango\studentManager\studentManager\studentManagerApp\views.py changed, reloading.
INFO 2025-12-06 09:28:59,030 autoreload Watching for file changes with StatReloader
INFO 2025-12-06 09:29:00,219 autoreload C:\Users\arold\OneDrive\Desktop\Projets\projetsDjango\studentManager\studentManager\studentManagerApp\views.py changed, reloading.
INFO 2025-12-06 09:29:00,709 autoreload Watching for file changes with StatReloader
INFO 2025-12-06 09:29:03,931 autoreload C:\Users\arold\OneDrive\Desktop\Projets\projetsDjango\studentManager\studentManager\studentManagerApp\views.py changed, reloading.
INFO 2025-12-06 09:29:04,530 autoreload Watching for file changes with StatReloader
INFO 2025-12-06 09:29:10,821 autoreload C:\Users\arold\OneDrive\Desktop\Projets\projetsDjango\studentManager\studentManager\studentManagerApp\views.py changed, reloading.
INFO 2025-12-06 09:29:11,491 autoreload Watching for file changes with StatReloader
INFO 2025-12-06 09:29:12,681 autoreload C:\Users\arold\OneDrive\Desktop\Projets\projetsDjango\studentManager\studentManager\studentManagerApp\views.py changed, reloading.
INFO 2025-12-06 09:29:13,209 autoreload Watching for file changes with StatReloader
INFO 2025-12-06 09:29:14,396 autoreload C:\Users\arold\OneDrive\Desktop\Projets\projetsDjango\studentManager\studentManager\studentManagerApp\views.py changed, reloading.
INFO 2025-12-06 09:29:14,955 autoreload Watching for file changes with StatReloader
INFO 2025-12-06 09:29:16,133 autoreload C:\Users\arold\OneDrive\Desktop\Projets\projetsDjango\studentManager\studentManager\studentManagerApp\views.py changed, reloading.
INFO 2025-12-06 09:29:16,623 autoreload Watching for file changes with StatReloader
INFO 2025-12-06 09:29:19,768 autoreload C:\Users\arold\OneDrive\Desktop\Projets\projetsDjango\studentManager\studentManager\studentManagerApp\views.py changed, reloading.
INFO 2025-12-06 09:29:22,495 autoreload Watching for file changes with StatReloader
INFO 2025-12-06 09:29:27,098 autoreload C:\Users\arold\OneDrive\Desktop\Projets\projetsDjango\studentManager\studentManager\studentManagerApp\views.py changed, reloading.
INFO 2025-12-06 09:29:28,178 autoreload Watching for file changes with StatReloader
INFO 2025-12-06 09:29:32,074 autoreload C:\Users\arold\OneDrive\Desktop\Projets\projetsDjango\studentManager\studentManager\studentManagerApp\views.py changed, reloading.
INFO 2025-12-06 09:29:33,163 autoreload Watching for file changes with StatReloader
INFO 2025-12-06 09:29:37,280 autoreload C:\Users\arold\OneDrive\Desktop\Projets\projetsDjango\studentManager\studentManager\studentManagerApp\views.py changed, reloading.
INFO 2025-12-06 09:29:37,928 autoreload Watching for file changes with StatReloader
INFO 2025-12-06 09:29:39,353 autoreload C:\Users\arold\OneDrive\Desktop\Projets\projetsDjango\studentManager\studentManager\studentManagerApp\views.py changed, reloading.
INFO 2025-12-06 09:29:40,051 autoreload Watching for file changes with StatReloader
INFO 2025-12-06 09:29:41,244 autoreload C:\Users\arold\OneDrive\Desktop\Projets\projetsDjango\studentManager\studentManager\studentManagerApp\views.py changed, reloading.
INFO 2025-12-06 09:29:41,774 autoreload Watching for file changes with StatReloader
INFO 2025-12-06 09:29:53,426 autoreload C:\Users\arold\OneDrive\Desktop\Projets\projetsDjango\studentManager\studentManager\studentManagerApp\views.py changed, reloading.
INFO 2025-12-06 09:29:53,948 autoreload Watching for file changes with StatReloader
INFO 2025-12-06 09:29:55,635 autoreload C:\Users\arold\OneDrive\Desktop\Projets\projetsDjango\studentManager\studentManager\studentManagerApp\views.py changed, reloading.
INFO 2025-12-06 09:29:56,238 autoreload Watching for file changes with StatReloader
INFO 2025-12-06 09:29:57,766 autoreload C:\Users\arold\OneDrive\Desktop\Projets\projetsDjango\studentManager\studentManager\studentManagerApp\views.py changed, reloading.
INFO 2025-12-06 09:29:58,311 autoreload Watching for file changes with StatReloader
INFO 2025-12-06 09:29:59,684 autoreload C:\Users\arold\OneDrive\Desktop\Projets\projetsDjango\studentManager\studentManager\studentManagerApp\views.py changed, reloading.
INFO 2025-12-06 09:30:00,265 autoreload Watching for file changes with StatReloader
INFO 2025-12-06 09:30:02,688 autoreload C:\Users\arold\OneDrive\Desktop\Projets\projetsDjango\studentManager\studentManager\studentManagerApp\views.py changed, reloading.
INFO 2025-12-06 09:30:03,221 autoreload Watching for file changes with StatReloader
INFO 2025-12-06 09:30:19,981 autoreload C:\Users\arold\OneDrive\Desktop\Projets\projetsDjango\studentManager\studentManager\studentManagerApp\views.py changed, reloading.
INFO 2025-12-06 09:30:20,540 autoreload Watching for file changes with StatReloader
INFO 2025-12-06 09:30:31,244 autoreload C:\Users\arold\OneDrive\Desktop\Projets\projetsDjango\studentManager\studentManager\studentManagerApp\views.py changed, reloading.
INFO 2025-12-06 09:30:31,826 autoreload Watching for file changes with StatReloader
INFO 2025-12-06 09:35:18,526 autoreload C:\Users\arold\OneDrive\Desktop\Projets\projetsDjango\studentManager\studentManager\studentManagerApp\views.py changed, reloading.
INFO 2025-12-06 09:35:19,191 autoreload Watching for file changes with StatReloader
INFO 2025-12-06 09:35:21,406 autoreload C:\Users\arold\OneDrive\Desktop\Projets\projetsDjango\studentManager\studentManager\studentManagerApp\views.py changed, reloading.
INFO 2025-12-06 09:35:22,001 autoreload Watching for file changes with StatReloader
INFO 2025-12-06 09:35:31,425 autoreload C:\Users\arold\OneDrive\Desktop\Projets\projetsDjango\studentManager\studentManager\studentManagerApp\views.py changed, reloading.
INFO 2025-12-06 09:35:31,975 autoreload Watching for file changes with StatReloader
INFO 2025-12-06 09:35:34,499 autoreload C:\Users\arold\OneDrive\Desktop\Projets\projetsDjango\studentManager\studentManager\studentManagerApp\views.py changed, reloading.
INFO 2025-12-06 09:35:35,079 autoreload Watching for file changes with StatReloader
INFO 2025-12-06 09:35:36,331 autoreload C:\Users\arold\OneDrive\Desktop\Projets\projetsDjango\studentManager\studentManager\studentManagerApp\views.py changed, reloading.
INFO 2025-12-06 09:35:36,892 autoreload Watching for file changes with StatReloader
INFO 2025-12-06 09:35:41,420 autoreload C:\Users\arold\OneDrive\Desktop\Projets\projetsDjango\studentManager\studentManager\studentManagerApp\views.py changed, reloading.
INFO 2025-12-06 09:35:41,930 autoreload Watching for file changes with StatReloader
INFO 2025-12-06 09:37:33,184 autoreload C:\Users\arold\OneDrive\Desktop\Projets\projetsDjango\studentManager\studentManager\studentManager\urls.py changed, reloading.
INFO 2025-12-06 09:37:33,759 autoreload Watching for file changes with StatReloader
INFO 2025-12-06 09:37:38,330 autoreload C:\Users\arold\OneDrive\Desktop\Projets\projetsDjango\studentManager\studentManager\studentManager\urls.py changed, reloading.
INFO 2025-12-06 09:37:38,840 autoreload Watching for file changes with StatReloader
INFO 2025-12-06 09:37:44,375 autoreload C:\Users\arold\OneDrive\Desktop\Projets\projetsDjango\studentManager\studentManager\studentManager\urls.py changed, reloading.
INFO 2025-12-06 09:37:45,038 autoreload Watching for file changes with StatReloader
INFO 2025-12-06 09:37:52,744 autoreload C:\Users\arold\OneDrive\Desktop\Projets\projetsDjango\studentManager\studentManager\studentManager\urls.py changed, reloading.
INFO 2025-12-06 09:37:53,467 autoreload Watching for file changes with StatReloader
INFO 2025-12-06 09:37:56,075 autoreload C:\Users\arold\OneDrive\Desktop\Projets\projetsDjango\studentManager\studentManager\studentManager\urls.py changed, reloading.
INFO 2025-12-06 09:37:56,590 autoreload Watching for file changes with StatReloader
INFO 2025-12-06 09:48:11,261 basehttp "GET /edit-page/administrateur/1 HTTP/1.1" 200 58237
INFO 2025-12-06 09:48:11,367 basehttp "GET /static/studentManagerApp/JS/edit-page.js HTTP/1.1" 200 15010
INFO 2025-12-06 09:48:17,778 basehttp "POST /enregistrer-notes/ HTTP/1.1" 200 55
WARNING 2025-12-06 09:48:34,092 log Not Found: /.well-known/appspecific/com.chrome.devtools.json
WARNING 2025-12-06 09:48:34,093 basehttp "GET /.well-known/appspecific/com.chrome.devtools.json HTTP/1.1" 404 3869
WARNING 2025-12-06 09:49:26,754 log Not Found: /.well-known/appspecific/com.chrome.devtools.json
WARNING 2025-12-06 09:49:26,754 basehttp "GET /.well-known/appspecific/com.chrome.devtools.json HTTP/1.1" 404 3869
INFO 2025-12-06 09:49:40,702 basehttp "GET /edit-page/administrateur/1 HTTP/1.1" 200 58237
WARNING 2025-12-06 09:49:40,746 log Not Found: /.well-known/appspecific/com.chrome.devtools.json
WARNING 2025-12-06 09:49:40,749 basehttp "GET /.well-known/appspecific/com.chrome.devtools.json HTTP/1.1" 404 3869
INFO 2025-12-06 09:49:40,751 basehttp "GET /static/studentManagerApp/JS/edit-page.js HTTP/1.1" 200 15009
INFO 2025-12-09 10:49:33,936 autoreload Watching for file changes with StatReloader
INFO 2025-12-09 10:49:49,660 basehttp "GET / HTTP/1.1" 302 0
INFO 2025-12-09 10:49:49,721 basehttp "GET /home-page/administrateur/1 HTTP/1.1" 200 696
WARNING 2025-12-09 10:49:49,906 log Not Found: /favicon.ico
WARNING 2025-12-09 10:49:49,907 basehttp "GET /favicon.ico HTTP/1.1" 404 3758
INFO 2025-12-09 10:50:07,414 basehttp "GET /edit-page/administrateur/1 HTTP/1.1" 200 58237
INFO 2025-12-09 10:50:07,646 basehttp "GET /static/studentManagerApp/JS/edit-page.js HTTP/1.1" 200 15668
INFO 2025-12-09 10:50:08,942 basehttp "GET /home-page/administrateur/1 HTTP/1.1" 200 696
INFO 2025-12-09 10:50:10,256 basehttp "GET /edit-page/administrateur/1 HTTP/1.1" 200 58237
WARNING 2025-12-09 10:50:20,581 log Bad Request: /enregistrer-notes-etudiant/
WARNING 2025-12-09 10:50:20,582 basehttp "POST /enregistrer-notes-etudiant/ HTTP/1.1" 400 25
WARNING 2025-12-09 10:50:25,071 log Not Found: /.well-known/appspecific/com.chrome.devtools.json
WARNING 2025-12-09 10:50:25,072 basehttp "GET /.well-known/appspecific/com.chrome.devtools.json HTTP/1.1" 404 3869
INFO 2025-12-09 10:54:05,932 autoreload Watching for file changes with StatReloader
INFO 2025-12-09 10:54:14,779 basehttp "GET / HTTP/1.1" 302 0
INFO 2025-12-09 10:54:14,815 basehttp "GET /home-page/administrateur/1 HTTP/1.1" 200 696
INFO 2025-12-09 10:54:16,878 basehttp "GET /edit-page/administrateur/1 HTTP/1.1" 200 58237
INFO 2025-12-09 10:54:17,026 basehttp "GET /static/studentManagerApp/JS/edit-page.js HTTP/1.1" 200 15676
INFO 2025-12-09 10:54:18,851 basehttp "GET /tableau-notes/administrateur/1 HTTP/1.1" 200 56395
INFO 2025-12-09 10:54:20,507 basehttp "GET /edit-page/administrateur/1 HTTP/1.1" 200 58237
WARNING 2025-12-09 10:54:33,616 log Bad Request: /enregistrer-notes-etudiant/
WARNING 2025-12-09 10:54:33,618 basehttp "POST /enregistrer-notes-etudiant/ HTTP/1.1" 400 25
WARNING 2025-12-09 10:54:37,434 log Not Found: /.well-known/appspecific/com.chrome.devtools.json
WARNING 2025-12-09 10:54:37,435 basehttp "GET /.well-known/appspecific/com.chrome.devtools.json HTTP/1.1" 404 3869
INFO 2025-12-09 11:04:14,190 autoreload Watching for file changes with StatReloader
INFO 2025-12-09 11:04:19,463 basehttp "GET /edit-page/administrateur/1 HTTP/1.1" 200 58237
WARNING 2025-12-09 11:04:19,565 log Not Found: /.well-known/appspecific/com.chrome.devtools.json
WARNING 2025-12-09 11:04:19,570 basehttp "GET /.well-known/appspecific/com.chrome.devtools.json HTTP/1.1" 404 3869
INFO 2025-12-09 11:04:19,674 basehttp "GET /static/studentManagerApp/JS/edit-page.js HTTP/1.1" 200 15861
WARNING 2025-12-09 11:04:28,454 log Bad Request: /enregistrer-notes-etudiant/
WARNING 2025-12-09 11:04:28,457 basehttp "POST /enregistrer-notes-etudiant/ HTTP/1.1" 400 25
INFO 2025-12-09 11:05:44,864 autoreload C:\Users\arold\OneDrive\Desktop\Projets\projetsDjango\studentManager\studentManager\studentManagerApp\views.py changed, reloading.
INFO 2025-12-09 11:05:46,727 autoreload Watching for file changes with StatReloader
INFO 2025-12-09 11:05:48,841 autoreload C:\Users\arold\OneDrive\Desktop\Projets\projetsDjango\studentManager\studentManager\studentManagerApp\views.py changed, reloading.
INFO 2025-12-09 11:05:50,406 autoreload Watching for file changes with StatReloader
INFO 2025-12-09 11:05:56,599 autoreload C:\Users\arold\OneDrive\Desktop\Projets\projetsDjango\studentManager\studentManager\studentManagerApp\views.py changed, reloading.
INFO 2025-12-09 11:05:58,342 autoreload Watching for file changes with StatReloader
INFO 2025-12-09 11:06:03,667 autoreload C:\Users\arold\OneDrive\Desktop\Projets\projetsDjango\studentManager\studentManager\studentManagerApp\views.py changed, reloading.
INFO 2025-12-09 11:06:05,548 autoreload Watching for file changes with StatReloader
INFO 2025-12-09 11:06:08,598 autoreload C:\Users\arold\OneDrive\Desktop\Projets\projetsDjango\studentManager\studentManager\studentManagerApp\views.py changed, reloading.
INFO 2025-12-09 11:06:10,275 autoreload Watching for file changes with StatReloader
INFO 2025-12-09 11:06:12,305 autoreload C:\Users\arold\OneDrive\Desktop\Projets\projetsDjango\studentManager\studentManager\studentManagerApp\views.py changed, reloading.
INFO 2025-12-09 11:06:13,642 autoreload Watching for file changes with StatReloader
INFO 2025-12-09 11:06:15,701 autoreload C:\Users\arold\OneDrive\Desktop\Projets\projetsDjango\studentManager\studentManager\studentManagerApp\views.py changed, reloading.
INFO 2025-12-09 11:06:16,840 autoreload Watching for file changes with StatReloader
INFO 2025-12-09 11:06:22,203 basehttp "GET /edit-page/administrateur/1 HTTP/1.1" 200 58237
WARNING 2025-12-09 11:06:22,380 log Not Found: /.well-known/appspecific/com.chrome.devtools.json
WARNING 2025-12-09 11:06:22,389 basehttp "GET /.well-known/appspecific/com.chrome.devtools.json HTTP/1.1" 404 3869
INFO 2025-12-09 11:06:22,389 basehttp "GET /static/studentManagerApp/JS/edit-page.js HTTP/1.1" 304 0
WARNING 2025-12-09 11:06:31,218 log Bad Request: /enregistrer-notes-etudiant/
WARNING 2025-12-09 11:06:31,220 basehttp "POST /enregistrer-notes-etudiant/ HTTP/1.1" 400 25
INFO 2025-12-09 11:10:51,366 basehttp "GET /edit-page/administrateur/1 HTTP/1.1" 200 58237
WARNING 2025-12-09 11:10:51,567 log Not Found: /.well-known/appspecific/com.chrome.devtools.json
WARNING 2025-12-09 11:10:51,570 basehttp "GET /.well-known/appspecific/com.chrome.devtools.json HTTP/1.1" 404 3869
INFO 2025-12-09 11:10:51,684 basehttp "GET /static/studentManagerApp/JS/edit-page.js HTTP/1.1" 200 15861
WARNING 2025-12-09 11:11:10,625 log Bad Request: /enregistrer-notes-etudiant/
WARNING 2025-12-09 11:11:10,627 basehttp "POST /enregistrer-notes-etudiant/ HTTP/1.1" 400 25
WARNING 2025-12-09 11:11:41,355 log Method Not Allowed: /enregistrer-notes-etudiant/
WARNING 2025-12-09 11:11:41,356 basehttp "GET /enregistrer-notes-etudiant/ HTTP/1.1" 405 44
INFO 2025-12-09 11:12:29,621 autoreload C:\Users\arold\OneDrive\Desktop\Projets\projetsDjango\studentManager\studentManager\studentManagerApp\views.py changed, reloading.
INFO 2025-12-09 11:12:30,904 autoreload Watching for file changes with StatReloader
INFO 2025-12-09 11:12:39,076 autoreload C:\Users\arold\OneDrive\Desktop\Projets\projetsDjango\studentManager\studentManager\studentManagerApp\views.py changed, reloading.
INFO 2025-12-09 11:12:40,375 autoreload Watching for file changes with StatReloader
INFO 2025-12-09 11:12:50,607 autoreload C:\Users\arold\OneDrive\Desktop\Projets\projetsDjango\studentManager\studentManager\studentManagerApp\views.py changed, reloading.
INFO 2025-12-09 11:12:51,937 autoreload Watching for file changes with StatReloader
INFO 2025-12-09 11:13:00,741 basehttp "GET /edit-page/administrateur/1 HTTP/1.1" 200 58237
INFO 2025-12-09 11:13:00,839 basehttp "GET /static/studentManagerApp/JS/edit-page.js HTTP/1.1" 304 0
WARNING 2025-12-09 11:13:10,284 log Bad Request: /enregistrer-notes-etudiant/
WARNING 2025-12-09 11:13:10,285 basehttp "POST /enregistrer-notes-etudiant/ HTTP/1.1" 400 25
WARNING 2025-12-09 11:13:14,233 log Not Found: /.well-known/appspecific/com.chrome.devtools.json
WARNING 2025-12-09 11:13:14,235 basehttp "GET /.well-known/appspecific/com.chrome.devtools.json HTTP/1.1" 404 3869
INFO 2025-12-09 11:13:43,475 autoreload C:\Users\arold\OneDrive\Desktop\Projets\projetsDjango\studentManager\studentManager\studentManagerApp\views.py changed, reloading.
INFO 2025-12-09 11:13:44,960 autoreload Watching for file changes with StatReloader
INFO 2025-12-09 11:13:49,613 autoreload C:\Users\arold\OneDrive\Desktop\Projets\projetsDjango\studentManager\studentManager\studentManagerApp\views.py changed, reloading.
INFO 2025-12-09 11:13:50,682 autoreload Watching for file changes with StatReloader
INFO 2025-12-09 11:13:54,669 basehttp "GET /edit-page/administrateur/1 HTTP/1.1" 200 58237
WARNING 2025-12-09 11:13:54,807 log Not Found: /.well-known/appspecific/com.chrome.devtools.json
WARNING 2025-12-09 11:13:54,810 basehttp "GET /.well-known/appspecific/com.chrome.devtools.json HTTP/1.1" 404 3869
INFO 2025-12-09 11:13:54,836 basehttp "GET /static/studentManagerApp/JS/edit-page.js HTTP/1.1" 304 0
INFO 2025-12-09 11:14:04,389 basehttp "POST /enregistrer-notes/ HTTP/1.1" 200 55
WARNING 2025-12-09 11:14:16,168 log Bad Request: /enregistrer-notes-etudiant/
WARNING 2025-12-09 11:14:16,170 basehttp "POST /enregistrer-notes-etudiant/ HTTP/1.1" 400 25
INFO 2025-12-09 11:14:33,071 autoreload C:\Users\arold\OneDrive\Desktop\Projets\projetsDjango\studentManager\studentManager\studentManagerApp\views.py changed, reloading.
INFO 2025-12-09 11:14:34,109 autoreload Watching for file changes with StatReloader
INFO 2025-12-09 11:14:45,072 basehttp "GET /edit-page/administrateur/1 HTTP/1.1" 200 58237
WARNING 2025-12-09 11:14:45,172 log Not Found: /.well-known/appspecific/com.chrome.devtools.json
WARNING 2025-12-09 11:14:45,175 basehttp "GET /.well-known/appspecific/com.chrome.devtools.json HTTP/1.1" 404 3869
INFO 2025-12-09 11:14:45,389 basehttp "GET /static/studentManagerApp/JS/edit-page.js HTTP/1.1" 304 0
WARNING 2025-12-09 11:14:55,570 log Bad Request: /enregistrer-notes-etudiant/
WARNING 2025-12-09 11:14:55,572 basehttp "POST /enregistrer-notes-etudiant/ HTTP/1.1" 400 25
WARNING 2025-12-09 11:19:50,886 log Bad Request: /enregistrer-notes-etudiant/
WARNING 2025-12-09 11:19:50,888 basehttp "POST /enregistrer-notes-etudiant/ HTTP/1.1" 400 25
INFO 2025-12-10 09:33:56,114 autoreload Watching for file changes with StatReloader
INFO 2025-12-10 09:34:17,096 basehttp "GET / HTTP/1.1" 302 0
INFO 2025-12-10 09:34:17,168 basehttp "GET /home-page/administrateur/1 HTTP/1.1" 200 696
WARNING 2025-12-10 09:34:17,356 log Not Found: /favicon.ico
WARNING 2025-12-10 09:34:17,357 basehttp "GET /favicon.ico HTTP/1.1" 404 3758
INFO 2025-12-10 09:34:20,676 basehttp "GET /edit-page/administrateur/1 HTTP/1.1" 200 58237
INFO 2025-12-10 09:34:20,889 basehttp "GET /static/studentManagerApp/JS/edit-page.js HTTP/1.1" 200 15761
WARNING 2025-12-10 09:34:48,002 log Bad Request: /enregistrer-notes-etudiant/
WARNING 2025-12-10 09:34:48,003 basehttp "POST /enregistrer-notes-etudiant/ HTTP/1.1" 400 25
WARNING 2025-12-10 09:34:52,196 log Not Found: /.well-known/appspecific/com.chrome.devtools.json
WARNING 2025-12-10 09:34:52,197 basehttp "GET /.well-known/appspecific/com.chrome.devtools.json HTTP/1.1" 404 3869
WARNING 2025-12-10 09:41:36,100 log Not Found: /.well-known/appspecific/com.chrome.devtools.json
WARNING 2025-12-10 09:41:36,101 basehttp "GET /.well-known/appspecific/com.chrome.devtools.json HTTP/1.1" 404 3869
INFO 2025-12-10 09:45:13,387 autoreload C:\Users\arold\OneDrive\Desktop\Projets\projetsDjango\studentManager\studentManager\studentManager\urls.py changed, reloading.
INFO 2025-12-10 09:45:14,252 autoreload Watching for file changes with StatReloader
INFO 2025-12-10 09:45:15,543 autoreload C:\Users\arold\OneDrive\Desktop\Projets\projetsDjango\studentManager\studentManager\studentManager\urls.py changed, reloading.
INFO 2025-12-10 09:45:16,130 autoreload Watching for file changes with StatReloader
INFO 2025-12-10 09:45:24,175 basehttp "GET /edit-page/administrateur/1 HTTP/1.1" 200 58237
WARNING 2025-12-10 09:45:24,271 log Not Found: /.well-known/appspecific/com.chrome.devtools.json
WARNING 2025-12-10 09:45:24,273 basehttp "GET /.well-known/appspecific/com.chrome.devtools.json HTTP/1.1" 404 3869
INFO 2025-12-10 09:45:35,474 basehttp "POST /enregistrer-notes-etudiant/ HTTP/1.1" 200 41
WARNING 2025-12-10 09:45:38,527 log Not Found: /.well-known/appspecific/com.chrome.devtools.json
WARNING 2025-12-10 09:45:38,529 basehttp "GET /.well-known/appspecific/com.chrome.devtools.json HTTP/1.1" 404 3869
INFO 2025-12-10 09:50:24,523 basehttp "GET /edit-page/administrateur/1 HTTP/1.1" 200 58237
INFO 2025-12-10 09:50:25,973 basehttp "GET /edit-page/administrateur/1 HTTP/1.1" 200 58237
INFO 2025-12-10 09:50:39,645 basehttp "POST /enregistrer-notes-etudiant/ HTTP/1.1" 200 41
WARNING 2025-12-10 09:50:42,984 log Not Found: /.well-known/appspecific/com.chrome.devtools.json
WARNING 2025-12-10 09:50:42,986 basehttp "GET /.well-known/appspecific/com.chrome.devtools.json HTTP/1.1" 404 3869
INFO 2025-12-10 09:51:17,328 basehttp "GET /edit-page/administrateur/1 HTTP/1.1" 200 58237
INFO 2025-12-10 09:51:17,440 basehttp "GET /static/studentManagerApp/JS/edit-page.js HTTP/1.1" 200 15758
INFO 2025-12-10 09:51:34,320 basehttp "POST /enregistrer-notes-etudiant/ HTTP/1.1" 200 41
WARNING 2025-12-10 09:51:37,433 log Not Found: /.well-known/appspecific/com.chrome.devtools.json
WARNING 2025-12-10 09:51:37,434 basehttp "GET /.well-known/appspecific/com.chrome.devtools.json HTTP/1.1" 404 3869
INFO 2025-12-10 09:55:34,677 basehttp "GET /edit-page/administrateur/1 HTTP/1.1" 200 58237
INFO 2025-12-10 09:55:34,726 basehttp "GET /static/studentManagerApp/JS/edit-page.js HTTP/1.1" 200 15985
INFO 2025-12-10 09:55:44,613 basehttp "POST /enregistrer-notes-etudiant/ HTTP/1.1" 200 41
WARNING 2025-12-10 09:55:47,581 log Not Found: /.well-known/appspecific/com.chrome.devtools.json
WARNING 2025-12-10 09:55:47,582 basehttp "GET /.well-known/appspecific/com.chrome.devtools.json HTTP/1.1" 404 3869
INFO 2025-12-10 09:56:14,520 basehttp "GET /edit-page/administrateur/1 HTTP/1.1" 200 58237
WARNING 2025-12-10 09:56:14,563 log Not Found: /.well-known/appspecific/com.chrome.devtools.json
WARNING 2025-12-10 09:56:14,566 basehttp "GET /.well-known/appspecific/com.chrome.devtools.json HTTP/1.1" 404 3869
INFO 2025-12-10 09:56:14,571 basehttp "GET /static/studentManagerApp/JS/edit-page.js HTTP/1.1" 200 15985
INFO 2025-12-10 09:56:28,560 basehttp "POST /enregistrer-notes-etudiant/ HTTP/1.1" 200 41
WARNING 2025-12-10 09:56:31,693 log Not Found: /.well-known/appspecific/com.chrome.devtools.json
WARNING 2025-12-10 09:56:31,694 basehttp "GET /.well-known/appspecific/com.chrome.devtools.json HTTP/1.1" 404 3869
INFO 2025-12-11 09:36:05,575 autoreload Watching for file changes with StatReloader
INFO 2025-12-11 09:37:16,171 basehttp "GET / HTTP/1.1" 302 0
INFO 2025-12-11 09:37:16,297 basehttp "GET /home-page/administrateur/1 HTTP/1.1" 200 696
INFO 2025-12-11 09:37:18,501 basehttp "GET /edit-page/administrateur/1 HTTP/1.1" 200 58237
INFO 2025-12-11 09:37:18,990 basehttp "GET /static/studentManagerApp/JS/edit-page.js HTTP/1.1" 200 15985
INFO 2025-12-11 09:37:32,724 basehttp "POST /enregistrer-notes-etudiant/ HTTP/1.1" 200 41
WARNING 2025-12-11 09:37:38,825 log Not Found: /.well-known/appspecific/com.chrome.devtools.json
WARNING 2025-12-11 09:37:38,827 basehttp "GET /.well-known/appspecific/com.chrome.devtools.json HTTP/1.1" 404 3869
WARNING 2025-12-11 09:40:41,844 log Not Found: /.well-known/appspecific/com.chrome.devtools.json
WARNING 2025-12-11 09:40:41,849 basehttp "GET /.well-known/appspecific/com.chrome.devtools.json HTTP/1.1" 404 3869
INFO 2025-12-11 09:42:54,211 basehttp "POST /enregistrer-notes-etudiant/ HTTP/1.1" 200 41
INFO 2025-12-11 09:43:14,025 basehttp "GET /edit-page/administrateur/1 HTTP/1.1" 200 58237
INFO 2025-12-11 09:43:14,110 basehttp "GET /static/studentManagerApp/JS/edit-page.js HTTP/1.1" 200 16076
INFO 2025-12-11 09:43:17,198 basehttp "GET /tableau-notes/administrateur/1 HTTP/1.1" 200 56395
INFO 2025-12-11 09:43:21,242 basehttp "GET /edit-page/administrateur/1 HTTP/1.1" 200 58237
INFO 2025-12-11 09:43:21,326 basehttp "GET /static/studentManagerApp/JS/edit-page.js HTTP/1.1" 304 0
INFO 2025-12-11 09:44:52,085 basehttp "POST /enregistrer-notes-etudiant/ HTTP/1.1" 200 41
INFO 2025-12-11 09:45:40,028 basehttp "GET /edit-page/administrateur/1 HTTP/1.1" 200 58237
INFO 2025-12-11 09:45:40,066 basehttp "GET /static/studentManagerApp/JS/edit-page.js HTTP/1.1" 200 16110
INFO 2025-12-11 09:45:48,671 basehttp "POST /enregistrer-notes-etudiant/ HTTP/1.1" 200 41
WARNING 2025-12-11 09:45:52,785 log Not Found: /.well-known/appspecific/com.chrome.devtools.json
WARNING 2025-12-11 09:45:52,786 basehttp "GET /.well-known/appspecific/com.chrome.devtools.json HTTP/1.1" 404 3869
INFO 2025-12-11 09:47:06,369 basehttp "POST /enregistrer-notes-etudiant/ HTTP/1.1" 200 41
INFO 2025-12-11 10:22:43,676 basehttp "GET /home-page/administrateur/1 HTTP/1.1" 200 696
INFO 2025-12-12 19:42:24,250 autoreload Watching for file changes with StatReloader
INFO 2025-12-12 19:42:30,196 basehttp "GET / HTTP/1.1" 302 0
INFO 2025-12-12 19:42:30,279 basehttp "GET /home-page/administrateur/1 HTTP/1.1" 200 696
WARNING 2025-12-12 19:42:30,555 log Not Found: /favicon.ico
WARNING 2025-12-12 19:42:30,557 basehttp "GET /favicon.ico HTTP/1.1" 404 3758
INFO 2025-12-12 19:42:33,406 basehttp "GET /edit-page/administrateur/1 HTTP/1.1" 200 58237
INFO 2025-12-12 19:42:33,829 basehttp "GET /static/studentManagerApp/JS/edit-page.js HTTP/1.1" 200 16193
INFO 2025-12-12 19:42:35,653 basehttp "GET /tableau-notes/administrateur/1 HTTP/1.1" 200 56395
INFO 2025-12-12 19:43:06,821 basehttp "GET /edit-page/administrateur/1 HTTP/1.1" 200 58237
INFO 2025-12-12 19:43:06,928 basehttp "GET /static/studentManagerApp/JS/edit-page.js HTTP/1.1" 304 0
INFO 2025-12-12 19:43:23,764 views Modification de la note: Houaffieu, Analyse 4, CC (ancienne note: 8.0 => Nouvelle note: 18)
INFO 2025-12-12 19:43:23,839 basehttp "POST /enregistrer-notes/ HTTP/1.1" 200 55
INFO 2025-12-12 19:43:31,258 basehttp "GET /edit-page/administrateur/1 HTTP/1.1" 200 58238
INFO 2025-12-12 19:43:31,376 basehttp "GET /static/studentManagerApp/JS/edit-page.js HTTP/1.1" 304 0
INFO 2025-12-12 19:46:10,763 autoreload Watching for file changes with StatReloader
INFO 2025-12-12 19:46:28,331 basehttp "GET / HTTP/1.1" 302 0
INFO 2025-12-12 19:46:28,383 basehttp "GET /home-page/administrateur/1 HTTP/1.1" 200 696
INFO 2025-12-12 19:46:31,908 basehttp "GET /edit-page/administrateur/1 HTTP/1.1" 200 58238
INFO 2025-12-12 19:46:32,125 basehttp "GET /static/studentManagerApp/JS/edit-page.js HTTP/1.1" 200 16138
WARNING 2025-12-12 19:47:27,072 log Not Found: /.well-known/appspecific/com.chrome.devtools.json
WARNING 2025-12-12 19:47:27,073 basehttp "GET /.well-known/appspecific/com.chrome.devtools.json HTTP/1.1" 404 3869
INFO 2025-12-12 19:50:18,838 basehttp "POST /enregistrer-notes/ HTTP/1.1" 200 55
INFO 2025-12-12 19:51:44,340 views Modification de la note: Kouang Wafo, Anglais, CC (ancienne note: 11.0 => Nouvelle note: 12)
INFO 2025-12-12 19:51:44,381 basehttp "POST /enregistrer-notes/ HTTP/1.1" 200 55
INFO 2025-12-13 09:33:43,834 autoreload Watching for file changes with StatReloader
INFO 2025-12-13 09:33:59,697 basehttp "GET / HTTP/1.1" 200 955
WARNING 2025-12-13 09:33:59,964 log Not Found: /favicon.ico
WARNING 2025-12-13 09:33:59,966 basehttp "GET /favicon.ico HTTP/1.1" 404 3758
INFO 2025-12-13 09:34:18,451 basehttp "GET / HTTP/1.1" 200 955
INFO 2025-12-13 09:34:30,937 views Connexion réussie de l'utilisateur Djeufack Kafack (administrateur).
INFO 2025-12-13 09:34:30,939 basehttp "POST / HTTP/1.1" 302 0
INFO 2025-12-13 09:34:30,992 basehttp "GET /home-page/administrateur/1 HTTP/1.1" 200 696
INFO 2025-12-13 09:34:32,825 basehttp "GET /edit-page/administrateur/1 HTTP/1.1" 200 58238
INFO 2025-12-13 09:34:32,940 basehttp "GET /static/studentManagerApp/JS/edit-page.js HTTP/1.1" 304 0
INFO 2025-12-13 09:35:57,328 basehttp "POST /enregistrer-notes-etudiant/ HTTP/1.1" 200 41
WARNING 2025-12-13 09:36:07,415 log Not Found: /.well-known/appspecific/com.chrome.devtools.json
WARNING 2025-12-13 09:36:07,417 basehttp "GET /.well-known/appspecific/com.chrome.devtools.json HTTP/1.1" 404 3869
INFO 2025-12-13 09:36:33,758 basehttp "POST /enregistrer-notes-etudiant/ HTTP/1.1" 200 41
INFO 2025-12-13 09:39:19,663 autoreload C:\Users\arold\OneDrive\Desktop\Projets\projetsDjango\studentManager\studentManager\studentManagerApp\views.py changed, reloading.
INFO 2025-12-13 09:39:21,525 autoreload Watching for file changes with StatReloader
INFO 2025-12-13 09:39:55,493 autoreload C:\Users\arold\OneDrive\Desktop\Projets\projetsDjango\studentManager\studentManager\studentManagerApp\views.py changed, reloading.
INFO 2025-12-13 09:39:56,876 autoreload Watching for file changes with StatReloader
INFO 2025-12-13 09:40:28,062 autoreload C:\Users\arold\OneDrive\Desktop\Projets\projetsDjango\studentManager\studentManager\studentManagerApp\views.py changed, reloading.
INFO 2025-12-13 09:40:29,197 autoreload Watching for file changes with StatReloader
INFO 2025-12-13 09:56:11,677 autoreload Watching for file changes with StatReloader
INFO 2025-12-13 09:57:00,401 basehttp "GET / HTTP/1.1" 200 955
INFO 2025-12-13 09:57:11,513 views Connexion réussie de l'utilisateur Djeufack Kafack (administrateur).
INFO 2025-12-13 09:57:11,515 basehttp "POST / HTTP/1.1" 302 0
INFO 2025-12-13 09:57:11,566 basehttp "GET /home-page/administrateur/1 HTTP/1.1" 200 696
INFO 2025-12-13 09:57:13,499 basehttp "GET /edit-page/administrateur/1 HTTP/1.1" 200 58238
INFO 2025-12-13 09:57:13,775 basehttp "GET /static/studentManagerApp/JS/edit-page.js HTTP/1.1" 200 16138
INFO 2025-12-13 09:57:49,111 views Modification de la note: Koumbou dogmegni, Anglais, SN (ancienne note: 15.0 => Nouvelle note: 17)
INFO 2025-12-13 09:57:49,164 basehttp "POST /enregistrer-notes/ HTTP/1.1" 200 55
INFO 2025-12-17 12:32:19,502 autoreload Watching for file changes with StatReloader
INFO 2025-12-17 12:32:25,194 basehttp "GET / HTTP/1.1" 302 0
INFO 2025-12-17 12:32:25,292 basehttp "GET /home-page/administrateur/1 HTTP/1.1" 200 696
WARNING 2025-12-17 12:32:25,678 log Not Found: /favicon.ico
WARNING 2025-12-17 12:32:25,680 basehttp "GET /favicon.ico HTTP/1.1" 404 3758
INFO 2025-12-17 12:32:39,988 basehttp "GET /edit-page/administrateur/1 HTTP/1.1" 200 58238
INFO 2025-12-17 12:32:40,455 basehttp "GET /static/studentManagerApp/JS/edit-page.js HTTP/1.1" 200 16138
INFO 2025-12-17 12:36:12,638 basehttp "GET /admin HTTP/1.1" 301 0
INFO 2025-12-17 12:36:12,705 basehttp "GET /admin/ HTTP/1.1" 302 0
INFO 2025-12-17 12:36:12,855 basehttp "GET /admin/login/?next=/admin/ HTTP/1.1" 200 4173
INFO 2025-12-17 12:36:13,022 basehttp "GET /static/admin/css/base.css HTTP/1.1" 200 22120
INFO 2025-12-17 12:36:13,043 basehttp "GET /static/admin/css/dark_mode.css HTTP/1.1" 200 2808
INFO 2025-12-17 12:36:13,044 basehttp "GET /static/admin/js/theme.js HTTP/1.1" 200 1653
INFO 2025-12-17 12:36:13,045 basehttp "GET /static/admin/css/login.css HTTP/1.1" 200 951
INFO 2025-12-17 12:36:13,047 basehttp "GET /static/admin/css/nav_sidebar.css HTTP/1.1" 200 2810
INFO 2025-12-17 12:36:13,058 basehttp "GET /static/admin/css/responsive.css HTTP/1.1" 200 16565
INFO 2025-12-17 12:36:13,116 basehttp "GET /static/admin/js/nav_sidebar.js HTTP/1.1" 200 3063
INFO 2025-12-17 12:36:28,231 basehttp "POST /admin/login/?next=/admin/ HTTP/1.1" 302 0
INFO 2025-12-17 12:36:28,329 basehttp "GET /admin/ HTTP/1.1" 200 15193
INFO 2025-12-17 12:36:28,447 basehttp "GET /static/admin/css/dashboard.css HTTP/1.1" 200 441
INFO 2025-12-17 12:36:28,502 basehttp "GET /static/admin/img/icon-addlink.svg HTTP/1.1" 200 331
INFO 2025-12-17 12:36:28,504 basehttp "GET /static/admin/img/icon-changelink.svg HTTP/1.1" 200 380
INFO 2025-12-17 12:36:28,506 basehttp "GET /static/admin/img/icon-deletelink.svg HTTP/1.1" 200 392
INFO 2025-12-17 12:36:32,396 basehttp "GET /admin/studentManagerApp/matiere/ HTTP/1.1" 200 18410
INFO 2025-12-17 12:36:32,640 basehttp "GET /static/admin/css/changelists.css HTTP/1.1" 200 6878
INFO 2025-12-17 12:36:32,654 basehttp "GET /static/admin/js/jquery.init.js HTTP/1.1" 200 347
INFO 2025-12-17 12:36:32,660 basehttp "GET /static/admin/js/admin/RelatedObjectLookups.js HTTP/1.1" 200 9777
INFO 2025-12-17 12:36:32,671 basehttp "GET /static/admin/js/actions.js HTTP/1.1" 200 8076
INFO 2025-12-17 12:36:32,674 basehttp "GET /static/admin/js/core.js HTTP/1.1" 200 6208
INFO 2025-12-17 12:36:32,687 basehttp "GET /static/admin/js/urlify.js HTTP/1.1" 200 7887
INFO 2025-12-17 12:36:32,690 basehttp "GET /static/admin/js/prepopulate.js HTTP/1.1" 200 1531
INFO 2025-12-17 12:36:32,697 basehttp "GET /admin/jsi18n/ HTTP/1.1" 200 3342
INFO 2025-12-17 12:36:32,722 basehttp "GET /static/admin/js/vendor/jquery/jquery.js HTTP/1.1" 200 285314
INFO 2025-12-17 12:36:32,745 basehttp "GET /static/admin/js/vendor/xregexp/xregexp.js HTTP/1.1" 200 325171
INFO 2025-12-17 12:36:32,750 basehttp "GET /static/admin/js/filters.js HTTP/1.1" 200 978
INFO 2025-12-17 12:36:32,813 basehttp "GET /static/admin/img/tooltag-add.svg HTTP/1.1" 200 331
INFO 2025-12-17 12:36:32,814 basehttp "GET /static/admin/img/sorting-icons.svg HTTP/1.1" 200 1097
INFO 2025-12-17 12:36:32,819 basehttp "GET /static/admin/img/icon-viewlink.svg HTTP/1.1" 200 581
INFO 2025-12-17 12:36:36,973 basehttp "GET /admin/studentManagerApp/note/ HTTP/1.1" 302 0
INFO 2025-12-17 12:36:37,047 basehttp "GET /admin/login/?next=/admin/studentManagerApp/note/ HTTP/1.1" 200 4219
INFO 2025-12-17 12:36:50,950 basehttp "POST /admin/login/?next=/admin/studentManagerApp/note/ HTTP/1.1" 302 0
INFO 2025-12-17 12:36:51,227 basehttp "GET /admin/studentManagerApp/note/ HTTP/1.1" 200 58544
INFO 2025-12-17 12:36:51,318 basehttp "GET /admin/jsi18n/ HTTP/1.1" 200 3342
INFO 2025-12-17 12:37:19,287 basehttp "GET /admin/studentManagerApp/note/?evaluation_id__evaluation_id__exact=2 HTTP/1.1" 302 0
INFO 2025-12-17 12:37:19,328 basehttp "GET /admin/login/?next=/admin/studentManagerApp/note/%3Fevaluation_id__evaluation_id__exact%3D2 HTTP/1.1" 200 4299
INFO 2025-12-17 12:37:36,482 basehttp "POST /admin/login/?next=/admin/studentManagerApp/note/%3Fevaluation_id__evaluation_id__exact%3D2 HTTP/1.1" 302 0
INFO 2025-12-17 12:37:36,596 basehttp "GET /admin/studentManagerApp/note/?evaluation_id__evaluation_id__exact=2 HTTP/1.1" 200 21750
INFO 2025-12-17 12:37:36,743 basehttp "GET /admin/jsi18n/ HTTP/1.1" 200 3342
INFO 2025-12-17 12:37:49,158 basehttp "GET /admin/studentManagerApp/note/?evaluation_id__evaluation_id__exact=15 HTTP/1.1" 302 0
INFO 2025-12-17 12:37:49,203 basehttp "GET /admin/login/?next=/admin/studentManagerApp/note/%3Fevaluation_id__evaluation_id__exact%3D15 HTTP/1.1" 200 4301
INFO 2025-12-17 12:38:02,089 basehttp "POST /admin/login/?next=/admin/studentManagerApp/note/%3Fevaluation_id__evaluation_id__exact%3D15 HTTP/1.1" 302 0
INFO 2025-12-17 12:38:02,207 basehttp "GET /admin/studentManagerApp/note/?evaluation_id__evaluation_id__exact=15 HTTP/1.1" 200 21976
INFO 2025-12-17 12:38:02,339 basehttp "GET /admin/jsi18n/ HTTP/1.1" 200 3342
WARNING 2025-12-17 12:38:55,989 log Forbidden (CSRF token from the 'X-Csrftoken' HTTP header incorrect.): /enregistrer-notes/
WARNING 2025-12-17 12:38:55,991 basehttp "POST /enregistrer-notes/ HTTP/1.1" 403 2538
WARNING 2025-12-17 12:39:03,374 log Forbidden (CSRF token from the 'X-Csrftoken' HTTP header incorrect.): /enregistrer-notes/
WARNING 2025-12-17 12:39:03,376 basehttp "POST /enregistrer-notes/ HTTP/1.1" 403 2538
WARNING 2025-12-17 12:39:41,691 log Forbidden (CSRF token from the 'X-Csrftoken' HTTP header incorrect.): /enregistrer-notes/
WARNING 2025-12-17 12:39:41,693 basehttp "POST /enregistrer-notes/ HTTP/1.1" 403 2538
WARNING 2025-12-17 12:39:48,223 log Not Found: /.well-known/appspecific/com.chrome.devtools.json
WARNING 2025-12-17 12:39:48,224 basehttp "GET /.well-known/appspecific/com.chrome.devtools.json HTTP/1.1" 404 3869
WARNING 2025-12-17 12:41:09,692 log Forbidden (CSRF token from the 'X-Csrftoken' HTTP header incorrect.): /enregistrer-notes/
WARNING 2025-12-17 12:41:09,694 basehttp "POST /enregistrer-notes/ HTTP/1.1" 403 2538
INFO 2025-12-17 12:41:13,767 basehttp "GET /edit-page/administrateur/1 HTTP/1.1" 200 58238
INFO 2025-12-17 12:41:30,976 basehttp "POST /enregistrer-notes-etudiant/ HTTP/1.1" 200 41
INFO 2025-12-17 12:41:32,685 basehttp "POST /enregistrer-notes-etudiant/ HTTP/1.1" 200 41
INFO 2025-12-17 12:42:08,190 views Ajout de la note: Maeva Franne, Anglais, SN (note: 14)
INFO 2025-12-17 12:42:08,229 basehttp "POST /enregistrer-notes/ HTTP/1.1" 200 55
INFO 2025-12-17 12:43:23,184 views Modification de la note: Djeufack Kafack, Programmation structurée, SN (ancienne note: 19.0 => Nouvelle note: 18)
INFO 2025-12-17 12:43:23,230 views Ajout de la note: Houaffieu, Programmation structurée, SN (note: 14)
INFO 2025-12-17 12:43:23,331 basehttp "POST /enregistrer-notes/ HTTP/1.1" 200 55
INFO 2025-12-17 12:44:02,151 basehttp "GET /tableau-notes/administrateur/1 HTTP/1.1" 200 56411
INFO 2025-12-17 12:44:14,545 basehttp "GET /edit-page/administrateur/1 HTTP/1.1" 200 58238
INFO 2025-12-17 12:44:15,938 basehttp "GET /home-page/administrateur/1 HTTP/1.1" 200 696
INFO 2025-12-17 12:44:18,063 basehttp "GET /tableau-notes/administrateur/1 HTTP/1.1" 200 56411
INFO 2025-12-17 12:44:22,534 basehttp "GET /home-page/administrateur/1 HTTP/1.1" 200 696
INFO 2025-12-17 12:44:29,161 basehttp "GET /edit-page/administrateur/1 HTTP/1.1" 200 58238
INFO 2025-12-17 12:44:50,786 basehttp "GET /admin/ HTTP/1.1" 302 0
INFO 2025-12-17 12:44:50,842 basehttp "GET /admin/login/?next=/admin/ HTTP/1.1" 200 4173
INFO 2025-12-17 12:45:03,845 basehttp "POST /admin/login/?next=/admin/ HTTP/1.1" 302 0
INFO 2025-12-17 12:45:03,908 basehttp "GET /admin/ HTTP/1.1" 200 15193
INFO 2025-12-17 12:45:06,691 basehttp "GET /admin/studentManagerApp/etudiant/ HTTP/1.1" 200 17144
INFO 2025-12-17 12:45:06,938 basehttp "GET /admin/jsi18n/ HTTP/1.1" 200 3342
INFO 2025-12-17 12:45:12,738 basehttp "GET /admin/studentManagerApp/note/ HTTP/1.1" 302 0
INFO 2025-12-17 12:45:12,832 basehttp "GET /admin/login/?next=/admin/studentManagerApp/note/ HTTP/1.1" 200 4219
INFO 2025-12-17 12:45:25,759 basehttp "POST /admin/login/?next=/admin/studentManagerApp/note/ HTTP/1.1" 302 0
INFO 2025-12-17 12:45:26,028 basehttp "GET /admin/studentManagerApp/note/ HTTP/1.1" 200 58547
INFO 2025-12-17 12:45:26,156 basehttp "GET /admin/jsi18n/ HTTP/1.1" 200 3342
INFO 2025-12-17 12:45:31,353 basehttp "GET /admin/studentManagerApp/matiere/ HTTP/1.1" 200 18410
INFO 2025-12-17 12:45:31,516 basehttp "GET /admin/jsi18n/ HTTP/1.1" 200 3342
INFO 2025-12-17 12:45:33,201 basehttp "GET /admin/studentManagerApp/evaluation/ HTTP/1.1" 302 0
INFO 2025-12-17 12:45:33,302 basehttp "GET /admin/login/?next=/admin/studentManagerApp/evaluation/ HTTP/1.1" 200 4231
INFO 2025-12-17 12:45:46,283 basehttp "POST /admin/login/?next=/admin/studentManagerApp/evaluation/ HTTP/1.1" 302 0
INFO 2025-12-17 12:45:46,371 basehttp "GET /admin/studentManagerApp/evaluation/ HTTP/1.1" 200 21609
INFO 2025-12-17 12:45:46,503 basehttp "GET /admin/jsi18n/ HTTP/1.1" 200 3342
INFO 2025-12-17 12:45:48,818 basehttp "GET /admin/studentManagerApp/enseignant/ HTTP/1.1" 200 14953
INFO 2025-12-17 12:45:49,089 basehttp "GET /admin/jsi18n/ HTTP/1.1" 200 3342
INFO 2025-12-17 12:45:50,738 basehttp "GET /admin/studentManagerApp/administrateur/ HTTP/1.1" 200 14920
INFO 2025-12-17 12:45:50,870 basehttp "GET /admin/jsi18n/ HTTP/1.1" 200 3342
INFO 2025-12-17 12:45:53,057 basehttp "GET /admin/studentManagerApp/enseignant/ HTTP/1.1" 200 14953
INFO 2025-12-17 12:45:53,179 basehttp "GET /admin/jsi18n/ HTTP/1.1" 200 3342
INFO 2025-12-17 12:45:54,268 basehttp "GET /admin/studentManagerApp/etudiant/ HTTP/1.1" 302 0
INFO 2025-12-17 12:45:54,349 basehttp "GET /admin/login/?next=/admin/studentManagerApp/etudiant/ HTTP/1.1" 200 4227
INFO 2025-12-17 12:46:09,147 basehttp "POST /admin/login/?next=/admin/studentManagerApp/etudiant/ HTTP/1.1" 302 0
INFO 2025-12-17 12:46:09,250 basehttp "GET /admin/studentManagerApp/etudiant/ HTTP/1.1" 200 17144
INFO 2025-12-17 12:46:09,410 basehttp "GET /admin/jsi18n/ HTTP/1.1" 200 3342
INFO 2025-12-17 12:46:11,222 basehttp "GET /admin/studentManagerApp/evaluation/ HTTP/1.1" 200 21609
INFO 2025-12-17 12:46:11,500 basehttp "GET /admin/jsi18n/ HTTP/1.1" 200 3342
INFO 2025-12-17 12:46:13,097 basehttp "GET /admin/studentManagerApp/etudiant/ HTTP/1.1" 200 17144
INFO 2025-12-17 12:46:13,220 basehttp "GET /admin/jsi18n/ HTTP/1.1" 200 3342
INFO 2025-12-17 12:46:14,723 basehttp "GET /admin/studentManagerApp/evaluation/ HTTP/1.1" 200 21609
INFO 2025-12-17 12:46:14,896 basehttp "GET /admin/jsi18n/ HTTP/1.1" 200 3342
INFO 2025-12-17 12:46:16,217 basehttp "GET /admin/studentManagerApp/matiere/ HTTP/1.1" 302 0
INFO 2025-12-17 12:46:16,303 basehttp "GET /admin/login/?next=/admin/studentManagerApp/matiere/ HTTP/1.1" 200 4225
WARNING 2025-12-17 12:46:31,710 log Forbidden (CSRF token from the 'X-Csrftoken' HTTP header incorrect.): /enregistrer-notes/
WARNING 2025-12-17 12:46:31,712 basehttp "POST /enregistrer-notes/ HTTP/1.1" 403 2538
WARNING 2025-12-17 12:47:06,517 log Forbidden (CSRF token from the 'X-Csrftoken' HTTP header incorrect.): /enregistrer-notes-etudiant/
WARNING 2025-12-17 12:47:06,519 basehttp "POST /enregistrer-notes-etudiant/ HTTP/1.1" 403 2538
INFO 2025-12-17 12:47:28,147 basehttp "GET /edit-page/administrateur/1 HTTP/1.1" 200 58238
INFO 2025-12-17 12:47:40,462 views Modification de la note: Ngoho Tchebe, EDP, CC (ancienne note: 9.0 => Nouvelle note: 19)
INFO 2025-12-17 12:47:40,489 basehttp "POST /enregistrer-notes/ HTTP/1.1" 200 55
INFO 2025-12-17 12:47:56,510 basehttp "POST /admin/login/?next=/admin/studentManagerApp/matiere/ HTTP/1.1" 200 4393
INFO 2025-12-17 12:48:06,974 basehttp "POST /admin/login/?next=/admin/studentManagerApp/matiere/ HTTP/1.1" 302 0
INFO 2025-12-17 12:48:07,051 basehttp "GET /admin/studentManagerApp/matiere/ HTTP/1.1" 200 18410
INFO 2025-12-17 12:48:07,193 basehttp "GET /admin/jsi18n/ HTTP/1.1" 200 3342
WARNING 2025-12-17 12:48:13,311 log Forbidden (CSRF token from the 'X-Csrftoken' HTTP header incorrect.): /enregistrer-notes/
WARNING 2025-12-17 12:48:13,313 basehttp "POST /enregistrer-notes/ HTTP/1.1" 403 2538
WARNING 2025-12-17 12:48:20,859 log Forbidden (CSRF token from the 'X-Csrftoken' HTTP header incorrect.): /enregistrer-notes/
WARNING 2025-12-17 12:48:20,861 basehttp "POST /enregistrer-notes/ HTTP/1.1" 403 2538
INFO 2025-12-17 12:49:40,392 autoreload C:\Users\arold\OneDrive\Desktop\Projets\projetsDjango\studentManager\studentManager\studentManagerApp\views.py changed, reloading.
INFO 2025-12-17 12:49:44,427 autoreload Watching for file changes with StatReloader
INFO 2025-12-17 12:49:50,437 basehttp "GET /edit-page/administrateur/1 HTTP/1.1" 200 58239
INFO 2025-12-17 12:50:06,059 views Ajout de la note: Koumbou dogmegni, EDP, SN (note: 14)
INFO 2025-12-17 12:50:06,116 basehttp "POST /enregistrer-notes/ HTTP/1.1" 200 55
INFO 2025-12-17 12:50:37,026 basehttp "GET /admin/login/?next=/admin/ HTTP/1.1" 200 4173
INFO 2025-12-17 12:50:50,735 basehttp "POST /admin/login/?next=/admin/ HTTP/1.1" 302 0
INFO 2025-12-17 12:50:50,842 basehttp "GET /admin/ HTTP/1.1" 200 15193
INFO 2025-12-17 12:50:54,681 basehttp "POST /enregistrer-notes/ HTTP/1.1" 200 55
WARNING 2025-12-17 12:51:06,390 log Forbidden (CSRF token from the 'X-Csrftoken' HTTP header incorrect.): /enregistrer-notes-etudiant/
WARNING 2025-12-17 12:51:06,392 basehttp "POST /enregistrer-notes-etudiant/ HTTP/1.1" 403 2538
INFO 2025-12-17 12:51:45,346 autoreload C:\Users\arold\OneDrive\Desktop\Projets\projetsDjango\studentManager\studentManager\studentManagerApp\views.py changed, reloading.
INFO 2025-12-17 12:51:46,881 autoreload Watching for file changes with StatReloader
INFO 2025-12-17 13:08:30,594 autoreload Watching for file changes with StatReloader
INFO 2025-12-17 13:08:37,130 basehttp "GET /home-page/administrateur/1 HTTP/1.1" 200 696
INFO 2025-12-17 13:08:38,590 basehttp "GET /edit-page/administrateur/1 HTTP/1.1" 200 58239
ERROR 2025-12-17 13:09:02,854 log Internal Server Error: /enregistrer-notes-etudiant/
Traceback (most recent call last):
  File "C:\Users\arold\OneDrive\Desktop\Projets\projetsDjango\studentManager\.venv\Lib\site-packages\django\core\handlers\exception.py", line 55, in inner
    response = get_response(request)
  File "C:\Users\arold\OneDrive\Desktop\Projets\projetsDjango\studentManager\.venv\Lib\site-packages\django\core\handlers\base.py", line 197, in _get_response
    response = wrapped_callback(request, *callback_args, **callback_kwargs)
  File "C:\Users\arold\OneDrive\Desktop\Projets\projetsDjango\studentManager\.venv\Lib\site-packages\django\views\decorators\csrf.py", line 65, in _view_wrapper
    return view_func(request, *args, **kwargs)
  File "C:\Users\arold\OneDrive\Desktop\Projets\projetsDjango\studentManager\studentManager\studentManagerApp\views.py", line 334, in enregistrer_notes_etudiant
    matiere_id = int(data["matiere_id"])
                     ~~~~^^^^^^^^^^^^^^
KeyError: 'matiere_id'
ERROR 2025-12-17 13:09:02,861 basehttp "POST /enregistrer-notes-etudiant/ HTTP/1.1" 500 75143
INFO 2025-12-17 13:09:11,348 basehttp "GET /admin/ HTTP/1.1" 302 0
INFO 2025-12-17 13:09:11,466 basehttp "GET /admin/login/?next=/admin/ HTTP/1.1" 200 4173
INFO 2025-12-17 13:09:17,342 basehttp "GET /edit-page/administrateur/1 HTTP/1.1" 200 58239
INFO 2025-12-17 13:09:18,273 basehttp "GET /edit-page/administrateur/1 HTTP/1.1" 200 58239
INFO 2025-12-17 13:09:48,571 basehttp "GET /home-page/administrateur/1 HTTP/1.1" 200 696
INFO 2025-12-17 13:09:50,351 basehttp "GET /edit-page/administrateur/1 HTTP/1.1" 200 58239
INFO 2025-12-17 13:09:50,705 basehttp "GET /static/studentManagerApp/JS/edit-page.js HTTP/1.1" 200 16137
INFO 2025-12-17 13:10:15,469 autoreload C:\Users\arold\OneDrive\Desktop\Projets\projetsDjango\studentManager\studentManager\studentManagerApp\views.py changed, reloading.
INFO 2025-12-17 13:10:16,839 autoreload Watching for file changes with StatReloader
INFO 2025-12-17 13:11:15,225 autoreload C:\Users\arold\OneDrive\Desktop\Projets\projetsDjango\studentManager\studentManager\studentManagerApp\views.py changed, reloading.
INFO 2025-12-17 13:11:17,244 autoreload Watching for file changes with StatReloader
INFO 2025-12-17 13:11:25,161 autoreload C:\Users\arold\OneDrive\Desktop\Projets\projetsDjango\studentManager\studentManager\studentManagerApp\views.py changed, reloading.
INFO 2025-12-17 13:11:26,851 autoreload Watching for file changes with StatReloader
INFO 2025-12-17 13:11:32,294 autoreload C:\Users\arold\OneDrive\Desktop\Projets\projetsDjango\studentManager\studentManager\studentManagerApp\views.py changed, reloading.
INFO 2025-12-17 13:11:34,372 autoreload Watching for file changes with StatReloader
INFO 2025-12-17 13:11:36,599 autoreload C:\Users\arold\OneDrive\Desktop\Projets\projetsDjango\studentManager\studentManager\studentManagerApp\views.py changed, reloading.
INFO 2025-12-17 13:11:39,058 autoreload Watching for file changes with StatReloader
INFO 2025-12-17 13:12:02,274 basehttp "GET / HTTP/1.1" 302 0
INFO 2025-12-17 13:12:02,348 basehttp "GET /home-page/administrateur/1 HTTP/1.1" 200 696
INFO 2025-12-17 13:12:04,822 basehttp "GET /edit-page/administrateur/1 HTTP/1.1" 200 58239
ERROR 2025-12-17 13:12:21,437 log Internal Server Error: /enregistrer-notes-etudiant/
Traceback (most recent call last):
  File "C:\Users\arold\OneDrive\Desktop\Projets\projetsDjango\studentManager\.venv\Lib\site-packages\django\core\handlers\exception.py", line 55, in inner
    response = get_response(request)
  File "C:\Users\arold\OneDrive\Desktop\Projets\projetsDjango\studentManager\.venv\Lib\site-packages\django\core\handlers\base.py", line 197, in _get_response
    response = wrapped_callback(request, *callback_args, **callback_kwargs)
  File "C:\Users\arold\OneDrive\Desktop\Projets\projetsDjango\studentManager\.venv\Lib\site-packages\django\views\decorators\csrf.py", line 65, in _view_wrapper
    return view_func(request, *args, **kwargs)
  File "C:\Users\arold\OneDrive\Desktop\Projets\projetsDjango\studentManager\studentManager\studentManagerApp\views.py", line 336, in enregistrer_notes_etudiant
    type_evaluation = data["type_evaluation"]
                      ~~~~^^^^^^^^^^^^^^^^^^^
KeyError: 'type_evaluation'
ERROR 2025-12-17 13:12:21,446 basehttp "POST /enregistrer-notes-etudiant/ HTTP/1.1" 500 75372
ERROR 2025-12-17 13:13:54,258 log Internal Server Error: /enregistrer-notes-etudiant/
Traceback (most recent call last):
  File "C:\Users\arold\OneDrive\Desktop\Projets\projetsDjango\studentManager\.venv\Lib\site-packages\django\core\handlers\exception.py", line 55, in inner
    response = get_response(request)
  File "C:\Users\arold\OneDrive\Desktop\Projets\projetsDjango\studentManager\.venv\Lib\site-packages\django\core\handlers\base.py", line 197, in _get_response
    response = wrapped_callback(request, *callback_args, **callback_kwargs)
  File "C:\Users\arold\OneDrive\Desktop\Projets\projetsDjango\studentManager\.venv\Lib\site-packages\django\views\decorators\csrf.py", line 65, in _view_wrapper
    return view_func(request, *args, **kwargs)
  File "C:\Users\arold\OneDrive\Desktop\Projets\projetsDjango\studentManager\studentManager\studentManagerApp\views.py", line 336, in enregistrer_notes_etudiant
    type_evaluation = data["type_evaluation"]
                      ~~~~^^^^^^^^^^^^^^^^^^^
KeyError: 'type_evaluation'
ERROR 2025-12-17 13:13:54,265 basehttp "POST /enregistrer-notes-etudiant/ HTTP/1.1" 500 75372
INFO 2025-12-17 13:14:14,493 basehttp "GET /edit-page/administrateur/1 HTTP/1.1" 200 58239
INFO 2025-12-17 13:14:14,717 basehttp "GET /static/studentManagerApp/JS/edit-page.js HTTP/1.1" 200 16137
INFO 2025-12-17 13:14:24,756 views Modification de la note: Njoya tawat, Anglais, CC (ancienne note: 9.0 => Nouvelle note: 19)
INFO 2025-12-17 13:14:24,778 basehttp "POST /enregistrer-notes/ HTTP/1.1" 200 55
INFO 2025-12-17 13:14:56,040 basehttp "POST /enregistrer-notes-etudiant/ HTTP/1.1" 200 41
WARNING 2025-12-17 13:16:59,489 log Not Found: /.well-known/appspecific/com.chrome.devtools.json
WARNING 2025-12-17 13:16:59,492 basehttp "GET /.well-known/appspecific/com.chrome.devtools.json HTTP/1.1" 404 3869
INFO 2025-12-17 13:21:16,242 basehttp "GET /edit-page/administrateur/1 HTTP/1.1" 200 58240
INFO 2025-12-17 13:21:16,310 basehttp "GET /static/studentManagerApp/JS/edit-page.js HTTP/1.1" 200 16095
INFO 2025-12-17 13:21:31,657 basehttp "POST /enregistrer-notes-etudiant/ HTTP/1.1" 200 41
INFO 2025-12-17 14:36:11,830 autoreload C:\Users\arold\OneDrive\Desktop\Projets\projetsDjango\studentManager\studentManager\studentManagerApp\views.py changed, reloading.
INFO 2025-12-17 14:36:13,208 autoreload Watching for file changes with StatReloader
INFO 2025-12-17 14:36:14,445 autoreload C:\Users\arold\OneDrive\Desktop\Projets\projetsDjango\studentManager\studentManager\studentManagerApp\views.py changed, reloading.
INFO 2025-12-17 14:36:15,081 autoreload Watching for file changes with StatReloader
INFO 2025-12-17 14:36:20,364 autoreload C:\Users\arold\OneDrive\Desktop\Projets\projetsDjango\studentManager\studentManager\studentManagerApp\views.py changed, reloading.
INFO 2025-12-17 14:36:20,916 autoreload Watching for file changes with StatReloader
INFO 2025-12-17 14:36:25,177 autoreload C:\Users\arold\OneDrive\Desktop\Projets\projetsDjango\studentManager\studentManager\studentManagerApp\views.py changed, reloading.
INFO 2025-12-17 14:36:26,141 autoreload Watching for file changes with StatReloader
INFO 2025-12-17 14:36:27,370 autoreload C:\Users\arold\OneDrive\Desktop\Projets\projetsDjango\studentManager\studentManager\studentManagerApp\views.py changed, reloading.
INFO 2025-12-17 14:36:28,241 autoreload Watching for file changes with StatReloader
INFO 2025-12-17 14:36:29,432 autoreload C:\Users\arold\OneDrive\Desktop\Projets\projetsDjango\studentManager\studentManager\studentManagerApp\views.py changed, reloading.
INFO 2025-12-17 14:36:29,981 autoreload Watching for file changes with StatReloader
INFO 2025-12-17 14:36:32,189 autoreload C:\Users\arold\OneDrive\Desktop\Projets\projetsDjango\studentManager\studentManager\studentManagerApp\views.py changed, reloading.
INFO 2025-12-17 14:36:32,885 autoreload Watching for file changes with StatReloader
INFO 2025-12-17 14:36:34,167 autoreload C:\Users\arold\OneDrive\Desktop\Projets\projetsDjango\studentManager\studentManager\studentManagerApp\views.py changed, reloading.
INFO 2025-12-17 14:36:35,059 autoreload Watching for file changes with StatReloader
INFO 2025-12-17 14:36:36,259 autoreload C:\Users\arold\OneDrive\Desktop\Projets\projetsDjango\studentManager\studentManager\studentManagerApp\views.py changed, reloading.
INFO 2025-12-17 14:36:36,784 autoreload Watching for file changes with StatReloader
INFO 2025-12-17 14:36:41,056 autoreload C:\Users\arold\OneDrive\Desktop\Projets\projetsDjango\studentManager\studentManager\studentManagerApp\views.py changed, reloading.
INFO 2025-12-17 14:36:41,940 autoreload Watching for file changes with StatReloader
INFO 2025-12-17 14:36:43,149 autoreload C:\Users\arold\OneDrive\Desktop\Projets\projetsDjango\studentManager\studentManager\studentManagerApp\views.py changed, reloading.
INFO 2025-12-17 14:36:43,705 autoreload Watching for file changes with StatReloader
INFO 2025-12-17 14:36:47,961 autoreload C:\Users\arold\OneDrive\Desktop\Projets\projetsDjango\studentManager\studentManager\studentManagerApp\views.py changed, reloading.
INFO 2025-12-17 14:36:48,591 autoreload Watching for file changes with StatReloader
INFO 2025-12-17 14:36:51,853 autoreload C:\Users\arold\OneDrive\Desktop\Projets\projetsDjango\studentManager\studentManager\studentManagerApp\views.py changed, reloading.
INFO 2025-12-17 14:36:52,457 autoreload Watching for file changes with StatReloader
INFO 2025-12-17 14:36:54,700 autoreload C:\Users\arold\OneDrive\Desktop\Projets\projetsDjango\studentManager\studentManager\studentManagerApp\views.py changed, reloading.
INFO 2025-12-17 14:36:55,292 autoreload Watching for file changes with StatReloader
INFO 2025-12-17 14:37:00,603 autoreload C:\Users\arold\OneDrive\Desktop\Projets\projetsDjango\studentManager\studentManager\studentManagerApp\views.py changed, reloading.
INFO 2025-12-17 14:37:01,245 autoreload Watching for file changes with StatReloader
INFO 2025-12-17 14:37:04,479 autoreload C:\Users\arold\OneDrive\Desktop\Projets\projetsDjango\studentManager\studentManager\studentManagerApp\views.py changed, reloading.
INFO 2025-12-17 14:37:05,343 autoreload Watching for file changes with StatReloader
INFO 2025-12-17 14:37:09,693 autoreload C:\Users\arold\OneDrive\Desktop\Projets\projetsDjango\studentManager\studentManager\studentManagerApp\views.py changed, reloading.
INFO 2025-12-17 14:37:10,242 autoreload Watching for file changes with StatReloader
INFO 2025-12-17 14:37:16,594 autoreload C:\Users\arold\OneDrive\Desktop\Projets\projetsDjango\studentManager\studentManager\studentManagerApp\views.py changed, reloading.
INFO 2025-12-17 14:37:17,166 autoreload Watching for file changes with StatReloader
INFO 2025-12-17 14:37:18,348 autoreload C:\Users\arold\OneDrive\Desktop\Projets\projetsDjango\studentManager\studentManager\studentManagerApp\views.py changed, reloading.
INFO 2025-12-17 14:37:18,947 autoreload Watching for file changes with StatReloader
INFO 2025-12-17 14:37:22,170 autoreload C:\Users\arold\OneDrive\Desktop\Projets\projetsDjango\studentManager\studentManager\studentManagerApp\views.py changed, reloading.
INFO 2025-12-17 14:37:23,157 autoreload Watching for file changes with StatReloader
INFO 2025-12-17 14:37:24,380 autoreload C:\Users\arold\OneDrive\Desktop\Projets\projetsDjango\studentManager\studentManager\studentManagerApp\views.py changed, reloading.
INFO 2025-12-17 14:37:24,979 autoreload Watching for file changes with StatReloader
INFO 2025-12-17 14:37:30,280 autoreload C:\Users\arold\OneDrive\Desktop\Projets\projetsDjango\studentManager\studentManager\studentManagerApp\views.py changed, reloading.
INFO 2025-12-17 14:37:30,827 autoreload Watching for file changes with StatReloader
INFO 2025-12-17 14:38:00,712 autoreload C:\Users\arold\OneDrive\Desktop\Projets\projetsDjango\studentManager\studentManager\studentManagerApp\views.py changed, reloading.
INFO 2025-12-17 14:38:01,325 autoreload Watching for file changes with StatReloader
INFO 2025-12-17 14:38:03,559 autoreload C:\Users\arold\OneDrive\Desktop\Projets\projetsDjango\studentManager\studentManager\studentManagerApp\views.py changed, reloading.
INFO 2025-12-17 14:38:04,231 autoreload Watching for file changes with StatReloader
INFO 2025-12-17 14:38:11,589 autoreload C:\Users\arold\OneDrive\Desktop\Projets\projetsDjango\studentManager\studentManager\studentManagerApp\views.py changed, reloading.
INFO 2025-12-17 14:38:12,533 autoreload Watching for file changes with StatReloader
INFO 2025-12-17 14:38:13,747 autoreload C:\Users\arold\OneDrive\Desktop\Projets\projetsDjango\studentManager\studentManager\studentManagerApp\views.py changed, reloading.
INFO 2025-12-17 14:38:14,494 autoreload Watching for file changes with StatReloader
INFO 2025-12-17 14:38:17,741 autoreload C:\Users\arold\OneDrive\Desktop\Projets\projetsDjango\studentManager\studentManager\studentManagerApp\views.py changed, reloading.
INFO 2025-12-17 14:38:18,449 autoreload Watching for file changes with StatReloader
INFO 2025-12-17 14:38:29,875 autoreload C:\Users\arold\OneDrive\Desktop\Projets\projetsDjango\studentManager\studentManager\studentManagerApp\views.py changed, reloading.
INFO 2025-12-17 14:38:30,414 autoreload Watching for file changes with StatReloader
INFO 2025-12-17 14:38:34,030 autoreload C:\Users\arold\OneDrive\Desktop\Projets\projetsDjango\studentManager\studentManager\studentManagerApp\views.py changed, reloading.
INFO 2025-12-17 14:38:34,632 autoreload Watching for file changes with StatReloader
INFO 2025-12-17 14:38:38,148 autoreload C:\Users\arold\OneDrive\Desktop\Projets\projetsDjango\studentManager\studentManager\studentManagerApp\views.py changed, reloading.
INFO 2025-12-17 14:38:38,701 autoreload Watching for file changes with StatReloader
INFO 2025-12-17 14:38:43,221 autoreload C:\Users\arold\OneDrive\Desktop\Projets\projetsDjango\studentManager\studentManager\studentManagerApp\views.py changed, reloading.
INFO 2025-12-17 14:38:43,885 autoreload Watching for file changes with StatReloader
INFO 2025-12-17 14:38:45,298 autoreload C:\Users\arold\OneDrive\Desktop\Projets\projetsDjango\studentManager\studentManager\studentManagerApp\views.py changed, reloading.
INFO 2025-12-17 14:38:46,205 autoreload Watching for file changes with StatReloader
INFO 2025-12-17 14:38:47,729 autoreload C:\Users\arold\OneDrive\Desktop\Projets\projetsDjango\studentManager\studentManager\studentManagerApp\views.py changed, reloading.
INFO 2025-12-17 14:38:48,299 autoreload Watching for file changes with StatReloader
INFO 2025-12-17 14:39:28,885 autoreload C:\Users\arold\OneDrive\Desktop\Projets\projetsDjango\studentManager\studentManager\studentManagerApp\views.py changed, reloading.
INFO 2025-12-17 14:39:29,432 autoreload Watching for file changes with StatReloader
INFO 2025-12-17 14:39:30,635 autoreload C:\Users\arold\OneDrive\Desktop\Projets\projetsDjango\studentManager\studentManager\studentManagerApp\views.py changed, reloading.
INFO 2025-12-17 14:39:31,196 autoreload Watching for file changes with StatReloader
INFO 2025-12-17 14:39:33,447 autoreload C:\Users\arold\OneDrive\Desktop\Projets\projetsDjango\studentManager\studentManager\studentManagerApp\views.py changed, reloading.
INFO 2025-12-17 14:39:33,977 autoreload Watching for file changes with StatReloader
INFO 2025-12-17 14:39:38,489 autoreload C:\Users\arold\OneDrive\Desktop\Projets\projetsDjango\studentManager\studentManager\studentManagerApp\views.py changed, reloading.
INFO 2025-12-17 14:39:39,084 autoreload Watching for file changes with StatReloader
INFO 2025-12-17 14:39:46,736 autoreload C:\Users\arold\OneDrive\Desktop\Projets\projetsDjango\studentManager\studentManager\studentManagerApp\views.py changed, reloading.
INFO 2025-12-17 14:39:47,285 autoreload Watching for file changes with StatReloader
INFO 2025-12-17 14:40:03,154 autoreload C:\Users\arold\OneDrive\Desktop\Projets\projetsDjango\studentManager\studentManager\studentManagerApp\views.py changed, reloading.
INFO 2025-12-17 14:40:03,997 autoreload Watching for file changes with StatReloader
INFO 2025-12-17 14:40:07,538 autoreload C:\Users\arold\OneDrive\Desktop\Projets\projetsDjango\studentManager\studentManager\studentManagerApp\views.py changed, reloading.
INFO 2025-12-17 14:40:08,501 autoreload Watching for file changes with StatReloader
INFO 2025-12-17 14:40:11,040 autoreload C:\Users\arold\OneDrive\Desktop\Projets\projetsDjango\studentManager\studentManager\studentManagerApp\views.py changed, reloading.
INFO 2025-12-17 14:40:11,802 autoreload Watching for file changes with StatReloader
INFO 2025-12-17 14:40:13,250 autoreload C:\Users\arold\OneDrive\Desktop\Projets\projetsDjango\studentManager\studentManager\studentManagerApp\views.py changed, reloading.
INFO 2025-12-17 14:40:13,796 autoreload Watching for file changes with StatReloader
INFO 2025-12-17 14:40:18,359 autoreload C:\Users\arold\OneDrive\Desktop\Projets\projetsDjango\studentManager\studentManager\studentManagerApp\views.py changed, reloading.
INFO 2025-12-17 14:40:18,928 autoreload Watching for file changes with StatReloader
INFO 2025-12-17 14:40:21,369 autoreload C:\Users\arold\OneDrive\Desktop\Projets\projetsDjango\studentManager\studentManager\studentManagerApp\views.py changed, reloading.
INFO 2025-12-17 14:40:21,943 autoreload Watching for file changes with StatReloader
INFO 2025-12-17 14:40:28,470 autoreload C:\Users\arold\OneDrive\Desktop\Projets\projetsDjango\studentManager\studentManager\studentManagerApp\views.py changed, reloading.
INFO 2025-12-17 14:40:29,103 autoreload Watching for file changes with StatReloader
INFO 2025-12-17 14:40:31,720 autoreload C:\Users\arold\OneDrive\Desktop\Projets\projetsDjango\studentManager\studentManager\studentManagerApp\views.py changed, reloading.
INFO 2025-12-17 14:40:32,677 autoreload Watching for file changes with StatReloader
INFO 2025-12-17 14:40:34,136 autoreload C:\Users\arold\OneDrive\Desktop\Projets\projetsDjango\studentManager\studentManager\studentManagerApp\views.py changed, reloading.
INFO 2025-12-17 14:40:34,884 autoreload Watching for file changes with StatReloader
INFO 2025-12-17 14:40:36,329 autoreload C:\Users\arold\OneDrive\Desktop\Projets\projetsDjango\studentManager\studentManager\studentManagerApp\views.py changed, reloading.
INFO 2025-12-17 14:40:37,040 autoreload Watching for file changes with StatReloader
INFO 2025-12-17 14:41:07,862 autoreload C:\Users\arold\OneDrive\Desktop\Projets\projetsDjango\studentManager\studentManager\studentManagerApp\views.py changed, reloading.
INFO 2025-12-17 14:41:08,392 autoreload Watching for file changes with StatReloader
INFO 2025-12-17 14:41:36,615 autoreload C:\Users\arold\OneDrive\Desktop\Projets\projetsDjango\studentManager\studentManager\studentManagerApp\views.py changed, reloading.
INFO 2025-12-17 14:41:37,205 autoreload Watching for file changes with StatReloader
INFO 2025-12-17 14:41:42,778 autoreload C:\Users\arold\OneDrive\Desktop\Projets\projetsDjango\studentManager\studentManager\studentManagerApp\views.py changed, reloading.
INFO 2025-12-17 14:41:43,523 autoreload Watching for file changes with StatReloader
INFO 2025-12-17 14:41:44,952 autoreload C:\Users\arold\OneDrive\Desktop\Projets\projetsDjango\studentManager\studentManager\studentManagerApp\views.py changed, reloading.
INFO 2025-12-17 14:41:45,612 autoreload Watching for file changes with StatReloader
INFO 2025-12-17 14:41:52,188 autoreload C:\Users\arold\OneDrive\Desktop\Projets\projetsDjango\studentManager\studentManager\studentManagerApp\views.py changed, reloading.
INFO 2025-12-17 14:41:52,764 autoreload Watching for file changes with StatReloader
INFO 2025-12-17 14:41:55,246 autoreload C:\Users\arold\OneDrive\Desktop\Projets\projetsDjango\studentManager\studentManager\studentManagerApp\views.py changed, reloading.
INFO 2025-12-17 14:41:56,203 autoreload Watching for file changes with StatReloader
INFO 2025-12-17 14:41:57,748 autoreload C:\Users\arold\OneDrive\Desktop\Projets\projetsDjango\studentManager\studentManager\studentManagerApp\views.py changed, reloading.
INFO 2025-12-17 14:41:58,984 autoreload Watching for file changes with StatReloader
INFO 2025-12-17 14:42:00,789 autoreload C:\Users\arold\OneDrive\Desktop\Projets\projetsDjango\studentManager\studentManager\studentManagerApp\views.py changed, reloading.
INFO 2025-12-17 14:42:01,931 autoreload Watching for file changes with StatReloader
INFO 2025-12-17 14:42:03,652 autoreload C:\Users\arold\OneDrive\Desktop\Projets\projetsDjango\studentManager\studentManager\studentManagerApp\views.py changed, reloading.
INFO 2025-12-17 14:42:04,320 autoreload Watching for file changes with StatReloader
ERROR 2025-12-17 14:42:20,744 log Internal Server Error: /enregistrer-notes-etudiant/
Traceback (most recent call last):
  File "C:\Users\arold\OneDrive\Desktop\Projets\projetsDjango\studentManager\.venv\Lib\site-packages\django\core\handlers\exception.py", line 55, in inner
    response = get_response(request)
  File "C:\Users\arold\OneDrive\Desktop\Projets\projetsDjango\studentManager\.venv\Lib\site-packages\django\core\handlers\base.py", line 197, in _get_response
    response = wrapped_callback(request, *callback_args, **callback_kwargs)
  File "C:\Users\arold\OneDrive\Desktop\Projets\projetsDjango\studentManager\.venv\Lib\site-packages\django\views\decorators\csrf.py", line 65, in _view_wrapper
    return view_func(request, *args, **kwargs)
  File "C:\Users\arold\OneDrive\Desktop\Projets\projetsDjango\studentManager\studentManager\studentManagerApp\views.py", line 336, in enregistrer_notes_etudiant
    type_evaluation = data["type_evaluation"]
                      ~~~~^^^^^^^^^^^^^^^^^^^
KeyError: 'type_evaluation'
ERROR 2025-12-17 14:42:20,749 basehttp "POST /enregistrer-notes-etudiant/ HTTP/1.1" 500 75233
INFO 2025-12-17 14:42:24,330 basehttp "GET /edit-page/administrateur/1 HTTP/1.1" 200 58240
ERROR 2025-12-17 14:42:37,709 log Internal Server Error: /enregistrer-notes-etudiant/
Traceback (most recent call last):
  File "C:\Users\arold\OneDrive\Desktop\Projets\projetsDjango\studentManager\.venv\Lib\site-packages\django\core\handlers\exception.py", line 55, in inner
    response = get_response(request)
  File "C:\Users\arold\OneDrive\Desktop\Projets\projetsDjango\studentManager\.venv\Lib\site-packages\django\core\handlers\base.py", line 197, in _get_response
    response = wrapped_callback(request, *callback_args, **callback_kwargs)
  File "C:\Users\arold\OneDrive\Desktop\Projets\projetsDjango\studentManager\.venv\Lib\site-packages\django\views\decorators\csrf.py", line 65, in _view_wrapper
    return view_func(request, *args, **kwargs)
  File "C:\Users\arold\OneDrive\Desktop\Projets\projetsDjango\studentManager\studentManager\studentManagerApp\views.py", line 336, in enregistrer_notes_etudiant
    type_evaluation = data["type_evaluation"]
                      ~~~~^^^^^^^^^^^^^^^^^^^
KeyError: 'type_evaluation'
ERROR 2025-12-17 14:42:37,711 basehttp "POST /enregistrer-notes-etudiant/ HTTP/1.1" 500 75234
ERROR 2025-12-17 14:42:53,036 log Internal Server Error: /enregistrer-notes-etudiant/
Traceback (most recent call last):
  File "C:\Users\arold\OneDrive\Desktop\Projets\projetsDjango\studentManager\.venv\Lib\site-packages\django\core\handlers\exception.py", line 55, in inner
    response = get_response(request)
  File "C:\Users\arold\OneDrive\Desktop\Projets\projetsDjango\studentManager\.venv\Lib\site-packages\django\core\handlers\base.py", line 197, in _get_response
    response = wrapped_callback(request, *callback_args, **callback_kwargs)
  File "C:\Users\arold\OneDrive\Desktop\Projets\projetsDjango\studentManager\.venv\Lib\site-packages\django\views\decorators\csrf.py", line 65, in _view_wrapper
    return view_func(request, *args, **kwargs)
  File "C:\Users\arold\OneDrive\Desktop\Projets\projetsDjango\studentManager\studentManager\studentManagerApp\views.py", line 336, in enregistrer_notes_etudiant
    type_evaluation = data["type_evaluation"]
                      ~~~~^^^^^^^^^^^^^^^^^^^
KeyError: 'type_evaluation'
ERROR 2025-12-17 14:42:53,040 basehttp "POST /enregistrer-notes-etudiant/ HTTP/1.1" 500 75234
INFO 2025-12-17 14:43:35,708 basehttp "POST /enregistrer-notes-etudiant/ HTTP/1.1" 200 41
INFO 2025-12-17 14:44:04,092 autoreload C:\Users\arold\OneDrive\Desktop\Projets\projetsDjango\studentManager\studentManager\studentManagerApp\views.py changed, reloading.
INFO 2025-12-17 14:44:04,790 autoreload Watching for file changes with StatReloader
INFO 2025-12-17 14:44:10,439 autoreload C:\Users\arold\OneDrive\Desktop\Projets\projetsDjango\studentManager\studentManager\studentManagerApp\views.py changed, reloading.
INFO 2025-12-17 14:44:11,035 autoreload Watching for file changes with StatReloader
INFO 2025-12-17 14:44:18,714 autoreload C:\Users\arold\OneDrive\Desktop\Projets\projetsDjango\studentManager\studentManager\studentManagerApp\views.py changed, reloading.
INFO 2025-12-17 14:44:19,360 autoreload Watching for file changes with StatReloader
INFO 2025-12-17 14:44:27,726 basehttp "POST /enregistrer-notes-etudiant/ HTTP/1.1" 200 41
INFO 2025-12-17 14:44:58,662 basehttp "POST /enregistrer-notes-etudiant/ HTTP/1.1" 200 41
INFO 2025-12-17 14:46:46,584 autoreload C:\Users\arold\OneDrive\Desktop\Projets\projetsDjango\studentManager\studentManager\studentManagerApp\views.py changed, reloading.
INFO 2025-12-17 14:46:47,642 autoreload Watching for file changes with StatReloader
INFO 2025-12-17 14:46:49,228 autoreload C:\Users\arold\OneDrive\Desktop\Projets\projetsDjango\studentManager\studentManager\studentManagerApp\views.py changed, reloading.
INFO 2025-12-17 14:46:50,068 autoreload Watching for file changes with StatReloader
INFO 2025-12-17 14:46:51,498 autoreload C:\Users\arold\OneDrive\Desktop\Projets\projetsDjango\studentManager\studentManager\studentManagerApp\views.py changed, reloading.
INFO 2025-12-17 14:46:52,134 autoreload Watching for file changes with StatReloader
INFO 2025-12-17 14:46:53,715 autoreload C:\Users\arold\OneDrive\Desktop\Projets\projetsDjango\studentManager\studentManager\studentManagerApp\views.py changed, reloading.
INFO 2025-12-17 14:46:54,377 autoreload Watching for file changes with StatReloader
INFO 2025-12-17 14:46:59,699 autoreload C:\Users\arold\OneDrive\Desktop\Projets\projetsDjango\studentManager\studentManager\studentManagerApp\views.py changed, reloading.
INFO 2025-12-17 14:47:00,268 autoreload Watching for file changes with StatReloader
INFO 2025-12-17 14:47:12,994 autoreload C:\Users\arold\OneDrive\Desktop\Projets\projetsDjango\studentManager\studentManager\studentManagerApp\views.py changed, reloading.
INFO 2025-12-17 14:47:13,621 autoreload Watching for file changes with StatReloader
INFO 2025-12-17 14:47:33,663 autoreload C:\Users\arold\OneDrive\Desktop\Projets\projetsDjango\studentManager\studentManager\studentManagerApp\views.py changed, reloading.
INFO 2025-12-17 14:47:34,262 autoreload Watching for file changes with StatReloader
INFO 2025-12-17 14:47:36,772 autoreload C:\Users\arold\OneDrive\Desktop\Projets\projetsDjango\studentManager\studentManager\studentManagerApp\views.py changed, reloading.
INFO 2025-12-17 14:47:37,326 autoreload Watching for file changes with StatReloader
INFO 2025-12-17 14:47:54,176 autoreload C:\Users\arold\OneDrive\Desktop\Projets\projetsDjango\studentManager\studentManager\studentManagerApp\views.py changed, reloading.
INFO 2025-12-17 14:47:55,180 autoreload Watching for file changes with StatReloader
INFO 2025-12-17 14:47:56,859 autoreload C:\Users\arold\OneDrive\Desktop\Projets\projetsDjango\studentManager\studentManager\studentManagerApp\views.py changed, reloading.
INFO 2025-12-17 14:47:57,749 autoreload Watching for file changes with StatReloader
INFO 2025-12-17 14:48:00,383 autoreload C:\Users\arold\OneDrive\Desktop\Projets\projetsDjango\studentManager\studentManager\studentManagerApp\views.py changed, reloading.
INFO 2025-12-17 14:48:00,962 autoreload Watching for file changes with StatReloader
INFO 2025-12-17 14:48:02,387 autoreload C:\Users\arold\OneDrive\Desktop\Projets\projetsDjango\studentManager\studentManager\studentManagerApp\views.py changed, reloading.
INFO 2025-12-17 14:48:02,978 autoreload Watching for file changes with StatReloader
INFO 2025-12-17 14:49:51,290 autoreload C:\Users\arold\OneDrive\Desktop\Projets\projetsDjango\studentManager\studentManager\studentManagerApp\views.py changed, reloading.
INFO 2025-12-17 14:49:51,891 autoreload Watching for file changes with StatReloader
INFO 2025-12-17 14:49:55,436 autoreload C:\Users\arold\OneDrive\Desktop\Projets\projetsDjango\studentManager\studentManager\studentManagerApp\views.py changed, reloading.
INFO 2025-12-17 14:49:56,065 autoreload Watching for file changes with StatReloader
INFO 2025-12-17 14:50:02,703 autoreload C:\Users\arold\OneDrive\Desktop\Projets\projetsDjango\studentManager\studentManager\studentManagerApp\views.py changed, reloading.
INFO 2025-12-17 14:50:03,437 autoreload Watching for file changes with StatReloader
INFO 2025-12-17 14:50:06,057 autoreload C:\Users\arold\OneDrive\Desktop\Projets\projetsDjango\studentManager\studentManager\studentManagerApp\views.py changed, reloading.
INFO 2025-12-17 14:50:06,665 autoreload Watching for file changes with StatReloader
INFO 2025-12-17 14:51:14,002 autoreload C:\Users\arold\OneDrive\Desktop\Projets\projetsDjango\studentManager\studentManager\studentManagerApp\views.py changed, reloading.
INFO 2025-12-17 14:51:14,615 autoreload Watching for file changes with StatReloader
INFO 2025-12-17 14:51:18,171 autoreload C:\Users\arold\OneDrive\Desktop\Projets\projetsDjango\studentManager\studentManager\studentManagerApp\views.py changed, reloading.
INFO 2025-12-17 14:51:18,958 autoreload Watching for file changes with StatReloader
INFO 2025-12-17 14:51:20,367 autoreload C:\Users\arold\OneDrive\Desktop\Projets\projetsDjango\studentManager\studentManager\studentManagerApp\views.py changed, reloading.
INFO 2025-12-17 14:51:21,142 autoreload Watching for file changes with StatReloader
INFO 2025-12-17 14:51:22,581 autoreload C:\Users\arold\OneDrive\Desktop\Projets\projetsDjango\studentManager\studentManager\studentManagerApp\views.py changed, reloading.
INFO 2025-12-17 14:51:23,128 autoreload Watching for file changes with StatReloader
INFO 2025-12-17 14:51:27,663 autoreload C:\Users\arold\OneDrive\Desktop\Projets\projetsDjango\studentManager\studentManager\studentManagerApp\views.py changed, reloading.
INFO 2025-12-17 14:51:28,752 autoreload Watching for file changes with StatReloader
INFO 2025-12-17 14:51:33,031 autoreload C:\Users\arold\OneDrive\Desktop\Projets\projetsDjango\studentManager\studentManager\studentManagerApp\views.py changed, reloading.
INFO 2025-12-17 14:51:33,658 autoreload Watching for file changes with StatReloader
INFO 2025-12-17 14:51:49,527 autoreload C:\Users\arold\OneDrive\Desktop\Projets\projetsDjango\studentManager\studentManager\studentManagerApp\views.py changed, reloading.
INFO 2025-12-17 14:51:50,180 autoreload Watching for file changes with StatReloader
INFO 2025-12-17 14:51:55,484 autoreload C:\Users\arold\OneDrive\Desktop\Projets\projetsDjango\studentManager\studentManager\studentManagerApp\views.py changed, reloading.
INFO 2025-12-17 14:51:56,184 autoreload Watching for file changes with StatReloader
INFO 2025-12-17 14:51:57,411 autoreload C:\Users\arold\OneDrive\Desktop\Projets\projetsDjango\studentManager\studentManager\studentManagerApp\views.py changed, reloading.
INFO 2025-12-17 14:51:58,189 autoreload Watching for file changes with StatReloader
INFO 2025-12-17 14:52:00,683 autoreload C:\Users\arold\OneDrive\Desktop\Projets\projetsDjango\studentManager\studentManager\studentManagerApp\views.py changed, reloading.
INFO 2025-12-17 14:52:01,317 autoreload Watching for file changes with StatReloader
INFO 2025-12-17 14:52:09,986 autoreload C:\Users\arold\OneDrive\Desktop\Projets\projetsDjango\studentManager\studentManager\studentManagerApp\views.py changed, reloading.
INFO 2025-12-17 14:52:10,695 autoreload Watching for file changes with StatReloader
INFO 2025-12-17 14:52:12,132 autoreload C:\Users\arold\OneDrive\Desktop\Projets\projetsDjango\studentManager\studentManager\studentManagerApp\views.py changed, reloading.
INFO 2025-12-17 14:52:12,667 autoreload Watching for file changes with StatReloader
INFO 2025-12-17 14:52:19,281 autoreload C:\Users\arold\OneDrive\Desktop\Projets\projetsDjango\studentManager\studentManager\studentManagerApp\views.py changed, reloading.
INFO 2025-12-17 14:52:19,918 autoreload Watching for file changes with StatReloader
INFO 2025-12-17 14:52:23,465 autoreload C:\Users\arold\OneDrive\Desktop\Projets\projetsDjango\studentManager\studentManager\studentManagerApp\views.py changed, reloading.
INFO 2025-12-17 14:52:24,069 autoreload Watching for file changes with StatReloader
INFO 2025-12-17 14:52:27,651 autoreload C:\Users\arold\OneDrive\Desktop\Projets\projetsDjango\studentManager\studentManager\studentManagerApp\views.py changed, reloading.
INFO 2025-12-17 14:52:28,365 autoreload Watching for file changes with StatReloader
INFO 2025-12-17 14:52:29,822 autoreload C:\Users\arold\OneDrive\Desktop\Projets\projetsDjango\studentManager\studentManager\studentManagerApp\views.py changed, reloading.
INFO 2025-12-17 14:52:30,483 autoreload Watching for file changes with StatReloader
INFO 2025-12-17 14:52:31,937 autoreload C:\Users\arold\OneDrive\Desktop\Projets\projetsDjango\studentManager\studentManager\studentManagerApp\views.py changed, reloading.
INFO 2025-12-17 14:52:32,565 autoreload Watching for file changes with StatReloader
INFO 2025-12-17 14:52:37,557 basehttp "GET /edit-page/administrateur/1 HTTP/1.1" 200 58240
INFO 2025-12-17 14:52:37,601 basehttp "GET /static/studentManagerApp/JS/edit-page.js HTTP/1.1" 304 0
INFO 2025-12-17 14:52:44,135 basehttp "POST /enregistrer-notes-etudiant/ HTTP/1.1" 200 41
WARNING 2025-12-17 14:52:48,437 log Not Found: /.well-known/appspecific/com.chrome.devtools.json
WARNING 2025-12-17 14:52:48,438 basehttp "GET /.well-known/appspecific/com.chrome.devtools.json HTTP/1.1" 404 3869
INFO 2025-12-17 14:53:18,508 autoreload C:\Users\arold\OneDrive\Desktop\Projets\projetsDjango\studentManager\studentManager\studentManagerApp\views.py changed, reloading.
INFO 2025-12-17 14:53:19,155 autoreload Watching for file changes with StatReloader
INFO 2025-12-17 14:53:54,078 autoreload C:\Users\arold\OneDrive\Desktop\Projets\projetsDjango\studentManager\studentManager\studentManagerApp\views.py changed, reloading.
INFO 2025-12-17 14:53:54,729 autoreload Watching for file changes with StatReloader
INFO 2025-12-17 14:53:58,324 autoreload C:\Users\arold\OneDrive\Desktop\Projets\projetsDjango\studentManager\studentManager\studentManagerApp\views.py changed, reloading.
INFO 2025-12-17 14:53:58,995 autoreload Watching for file changes with StatReloader
INFO 2025-12-17 14:54:01,513 autoreload C:\Users\arold\OneDrive\Desktop\Projets\projetsDjango\studentManager\studentManager\studentManagerApp\views.py changed, reloading.
INFO 2025-12-17 14:54:02,635 autoreload Watching for file changes with StatReloader
INFO 2025-12-17 14:54:04,213 autoreload C:\Users\arold\OneDrive\Desktop\Projets\projetsDjango\studentManager\studentManager\studentManagerApp\views.py changed, reloading.
INFO 2025-12-17 14:54:04,783 autoreload Watching for file changes with StatReloader
INFO 2025-12-17 14:54:10,324 autoreload C:\Users\arold\OneDrive\Desktop\Projets\projetsDjango\studentManager\studentManager\studentManagerApp\views.py changed, reloading.
INFO 2025-12-17 14:54:10,915 autoreload Watching for file changes with StatReloader
INFO 2025-12-17 14:54:19,915 basehttp "POST /enregistrer-notes-etudiant/ HTTP/1.1" 200 41
INFO 2025-12-17 14:54:58,003 autoreload C:\Users\arold\OneDrive\Desktop\Projets\projetsDjango\studentManager\studentManager\studentManagerApp\views.py changed, reloading.
INFO 2025-12-17 14:54:58,622 autoreload Watching for file changes with StatReloader
INFO 2025-12-17 14:55:07,308 autoreload C:\Users\arold\OneDrive\Desktop\Projets\projetsDjango\studentManager\studentManager\studentManagerApp\views.py changed, reloading.
INFO 2025-12-17 14:55:07,885 autoreload Watching for file changes with StatReloader
INFO 2025-12-17 14:55:12,441 autoreload C:\Users\arold\OneDrive\Desktop\Projets\projetsDjango\studentManager\studentManager\studentManagerApp\views.py changed, reloading.
INFO 2025-12-17 14:55:13,156 autoreload Watching for file changes with StatReloader
INFO 2025-12-17 14:55:15,855 autoreload C:\Users\arold\OneDrive\Desktop\Projets\projetsDjango\studentManager\studentManager\studentManagerApp\views.py changed, reloading.
INFO 2025-12-17 14:55:16,560 autoreload Watching for file changes with StatReloader
INFO 2025-12-17 14:55:19,114 autoreload C:\Users\arold\OneDrive\Desktop\Projets\projetsDjango\studentManager\studentManager\studentManagerApp\views.py changed, reloading.
INFO 2025-12-17 14:55:19,649 autoreload Watching for file changes with StatReloader
INFO 2025-12-17 14:55:22,180 autoreload C:\Users\arold\OneDrive\Desktop\Projets\projetsDjango\studentManager\studentManager\studentManagerApp\views.py changed, reloading.
INFO 2025-12-17 14:55:22,887 autoreload Watching for file changes with StatReloader
INFO 2025-12-17 14:55:26,486 autoreload C:\Users\arold\OneDrive\Desktop\Projets\projetsDjango\studentManager\studentManager\studentManagerApp\views.py changed, reloading.
INFO 2025-12-17 14:55:27,198 autoreload Watching for file changes with StatReloader
INFO 2025-12-17 14:55:31,708 autoreload C:\Users\arold\OneDrive\Desktop\Projets\projetsDjango\studentManager\studentManager\studentManagerApp\views.py changed, reloading.
INFO 2025-12-17 14:55:32,453 autoreload Watching for file changes with StatReloader
INFO 2025-12-17 14:55:34,027 autoreload C:\Users\arold\OneDrive\Desktop\Projets\projetsDjango\studentManager\studentManager\studentManagerApp\views.py changed, reloading.
INFO 2025-12-17 14:55:34,714 autoreload Watching for file changes with StatReloader
INFO 2025-12-25 05:52:37,791 autoreload Watching for file changes with StatReloader
INFO 2025-12-25 05:52:50,604 basehttp "GET / HTTP/1.1" 200 955
WARNING 2025-12-25 05:52:50,782 log Not Found: /favicon.ico
WARNING 2025-12-25 05:52:50,785 basehttp "GET /favicon.ico HTTP/1.1" 404 3758
INFO 2025-12-25 05:53:12,108 views Connexion réussie de l'utilisateur Djeufack Kafack (administrateur).
INFO 2025-12-25 05:53:12,111 basehttp "POST / HTTP/1.1" 302 0
INFO 2025-12-25 05:53:12,146 basehttp "GET /home-page/administrateur/1 HTTP/1.1" 200 696
INFO 2025-12-25 05:53:13,949 basehttp "GET /edit-page/administrateur/1 HTTP/1.1" 200 58240
INFO 2025-12-25 05:53:14,163 basehttp "GET /static/studentManagerApp/JS/edit-page.js HTTP/1.1" 200 16095
INFO 2025-12-25 05:53:16,460 basehttp "GET /tableau-notes/administrateur/1 HTTP/1.1" 200 56423
INFO 2025-12-25 05:53:17,666 basehttp "GET /edit-page/administrateur/1 HTTP/1.1" 200 58240
INFO 2025-12-25 05:53:32,737 basehttp "POST /enregistrer-notes-etudiant/ HTTP/1.1" 200 41
WARNING 2025-12-25 05:53:38,646 log Not Found: /.well-known/appspecific/com.chrome.devtools.json
WARNING 2025-12-25 05:53:38,648 basehttp "GET /.well-known/appspecific/com.chrome.devtools.json HTTP/1.1" 404 3869
INFO 2025-12-25 05:54:27,287 basehttp "POST /enregistrer-notes-etudiant/ HTTP/1.1" 200 41
INFO 2025-12-25 05:55:48,842 autoreload C:\Users\arold\OneDrive\Desktop\Projets\projetsDjango\studentManager\studentManager\studentManagerApp\views.py changed, reloading.
INFO 2025-12-25 05:55:49,747 autoreload Watching for file changes with StatReloader
INFO 2025-12-25 05:55:51,498 autoreload C:\Users\arold\OneDrive\Desktop\Projets\projetsDjango\studentManager\studentManager\studentManagerApp\views.py changed, reloading.
INFO 2025-12-25 05:55:52,416 autoreload Watching for file changes with StatReloader
INFO 2025-12-25 06:06:21,794 autoreload Watching for file changes with StatReloader
INFO 2025-12-25 06:06:27,845 basehttp "GET / HTTP/1.1" 302 0
INFO 2025-12-25 06:06:27,880 basehttp "GET /home-page/administrateur/1 HTTP/1.1" 200 696
INFO 2025-12-25 06:06:32,844 basehttp "GET /edit-page/administrateur/1 HTTP/1.1" 200 58240
INFO 2025-12-25 06:06:55,377 basehttp "GET /admin/login/?next=/admin/ HTTP/1.1" 200 4173
INFO 2025-12-25 06:06:55,917 basehttp "GET /static/admin/css/dark_mode.css HTTP/1.1" 200 2808
INFO 2025-12-25 06:06:55,922 basehttp "GET /static/admin/css/base.css HTTP/1.1" 200 22120
INFO 2025-12-25 06:06:55,931 basehttp "GET /static/admin/js/theme.js HTTP/1.1" 200 1653
INFO 2025-12-25 06:06:55,932 basehttp "GET /static/admin/css/nav_sidebar.css HTTP/1.1" 200 2810
INFO 2025-12-25 06:06:55,933 basehttp "GET /static/admin/css/login.css HTTP/1.1" 200 951
INFO 2025-12-25 06:06:55,936 basehttp "GET /static/admin/css/responsive.css HTTP/1.1" 200 16565
INFO 2025-12-25 06:06:55,947 basehttp "GET /static/admin/js/nav_sidebar.js HTTP/1.1" 200 3063
INFO 2025-12-25 06:07:23,782 basehttp "POST /admin/login/?next=/admin/ HTTP/1.1" 302 0
INFO 2025-12-25 06:07:23,831 basehttp "GET /admin/ HTTP/1.1" 200 15193
INFO 2025-12-25 06:07:23,904 basehttp "GET /static/admin/css/dashboard.css HTTP/1.1" 200 441
INFO 2025-12-25 06:07:23,905 basehttp "GET /static/admin/img/icon-changelink.svg HTTP/1.1" 200 380
INFO 2025-12-25 06:07:23,905 basehttp "GET /static/admin/img/icon-addlink.svg HTTP/1.1" 200 331
INFO 2025-12-25 06:07:23,906 basehttp "GET /static/admin/img/icon-deletelink.svg HTTP/1.1" 200 392
INFO 2025-12-25 06:08:03,843 views Modification de la note: Tchounkeu Ngia, Analyse 4, SN (ancienne note: 10.0 => Nouvelle note: 12)
INFO 2025-12-25 06:08:03,882 views Ajout de la note: Tchounkeu Ngia, Programmation structurée, SN (note: 20)
INFO 2025-12-25 06:08:03,900 basehttp "POST /enregistrer-notes-etudiant/ HTTP/1.1" 200 55
INFO 2025-12-25 06:08:10,095 basehttp "GET /admin/studentManagerApp/note/ HTTP/1.1" 302 0
INFO 2025-12-25 06:08:10,121 basehttp "GET /admin/login/?next=/admin/studentManagerApp/note/ HTTP/1.1" 200 4219
INFO 2025-12-25 06:08:25,010 basehttp "POST /admin/login/?next=/admin/studentManagerApp/note/ HTTP/1.1" 302 0
INFO 2025-12-25 06:08:25,222 basehttp "GET /admin/studentManagerApp/note/ HTTP/1.1" 200 58552
INFO 2025-12-25 06:08:25,298 basehttp "GET /static/admin/css/changelists.css HTTP/1.1" 200 6878
INFO 2025-12-25 06:08:25,301 basehttp "GET /static/admin/js/core.js HTTP/1.1" 200 6208
INFO 2025-12-25 06:08:25,302 basehttp "GET /static/admin/js/admin/RelatedObjectLookups.js HTTP/1.1" 200 9777
INFO 2025-12-25 06:08:25,305 basehttp "GET /static/admin/js/jquery.init.js HTTP/1.1" 200 347
INFO 2025-12-25 06:08:25,313 basehttp "GET /static/admin/js/prepopulate.js HTTP/1.1" 200 1531
INFO 2025-12-25 06:08:25,314 basehttp "GET /static/admin/js/actions.js HTTP/1.1" 200 8076
INFO 2025-12-25 06:08:25,322 basehttp "GET /static/admin/js/urlify.js HTTP/1.1" 200 7887
INFO 2025-12-25 06:08:25,328 basehttp "GET /admin/jsi18n/ HTTP/1.1" 200 3342
INFO 2025-12-25 06:08:25,330 basehttp "GET /static/admin/js/vendor/jquery/jquery.js HTTP/1.1" 200 285314
INFO 2025-12-25 06:08:25,345 basehttp "GET /static/admin/js/vendor/xregexp/xregexp.js HTTP/1.1" 200 325171
INFO 2025-12-25 06:08:25,363 basehttp "GET /static/admin/js/filters.js HTTP/1.1" 200 978
INFO 2025-12-25 06:08:25,391 basehttp "GET /static/admin/img/sorting-icons.svg HTTP/1.1" 200 1097
INFO 2025-12-25 06:08:25,391 basehttp "GET /static/admin/img/tooltag-add.svg HTTP/1.1" 200 331
INFO 2025-12-25 06:08:25,396 basehttp "GET /static/admin/img/icon-viewlink.svg HTTP/1.1" 200 581
INFO 2025-12-25 06:10:21,289 basehttp "GET /admin/studentManagerApp/note/?evaluation_id__evaluation_id__exact=15 HTTP/1.1" 302 0
INFO 2025-12-25 06:10:21,305 basehttp "GET /admin/login/?next=/admin/studentManagerApp/note/%3Fevaluation_id__evaluation_id__exact%3D15 HTTP/1.1" 200 4301
INFO 2025-12-25 06:10:33,630 basehttp "POST /admin/login/?next=/admin/studentManagerApp/note/%3Fevaluation_id__evaluation_id__exact%3D15 HTTP/1.1" 302 0
INFO 2025-12-25 06:10:33,706 basehttp "GET /admin/studentManagerApp/note/?evaluation_id__evaluation_id__exact=15 HTTP/1.1" 200 21982
INFO 2025-12-25 06:10:33,790 basehttp "GET /admin/jsi18n/ HTTP/1.1" 200 3342
INFO 2025-12-25 06:10:48,235 views Modification de la note: Tchounkeu Ngia, Programmation structurée, SN (ancienne note: 20.0 => Nouvelle note: None)
INFO 2025-12-25 06:10:48,262 basehttp "POST /enregistrer-notes-etudiant/ HTTP/1.1" 200 55
INFO 2025-12-25 06:10:53,066 basehttp "GET /admin/studentManagerApp/note/?evaluation_id__evaluation_id__exact=15 HTTP/1.1" 302 0
INFO 2025-12-25 06:10:53,085 basehttp "GET /admin/login/?next=/admin/studentManagerApp/note/%3Fevaluation_id__evaluation_id__exact%3D15 HTTP/1.1" 200 4301
INFO 2025-12-25 06:11:06,561 basehttp "POST /admin/login/?next=/admin/studentManagerApp/note/%3Fevaluation_id__evaluation_id__exact%3D15 HTTP/1.1" 302 0
INFO 2025-12-25 06:11:06,633 basehttp "GET /admin/studentManagerApp/note/?evaluation_id__evaluation_id__exact=15 HTTP/1.1" 200 21979
INFO 2025-12-25 06:11:06,714 basehttp "GET /admin/jsi18n/ HTTP/1.1" 200 3342
INFO 2025-12-25 06:16:38,644 autoreload Watching for file changes with StatReloader
INFO 2025-12-25 06:16:42,824 basehttp "GET / HTTP/1.1" 302 0
INFO 2025-12-25 06:16:42,864 basehttp "GET /home-page/administrateur/1 HTTP/1.1" 200 696
INFO 2025-12-25 06:16:45,317 basehttp "GET /edit-page/administrateur/1 HTTP/1.1" 200 58240
INFO 2025-12-25 06:16:47,698 basehttp "GET /tableau-notes/administrateur/1 HTTP/1.1" 200 56423
INFO 2025-12-25 06:18:12,034 basehttp "GET /edit-page/administrateur/1 HTTP/1.1" 200 58240
INFO 2025-12-25 06:18:45,356 views Ajout de la note: Dzeuffo Tadong, Francais, SN (note: 13)
INFO 2025-12-25 06:18:45,384 basehttp "POST /enregistrer-notes-etudiant/ HTTP/1.1" 200 73
INFO 2025-12-25 06:19:03,091 basehttp "GET /tableau-notes/administrateur/1 HTTP/1.1" 200 56434
INFO 2025-12-25 06:19:09,944 basehttp "GET /home-page/administrateur/1 HTTP/1.1" 200 696
INFO 2025-12-25 06:19:10,937 basehttp "GET /edit-page/administrateur/1 HTTP/1.1" 200 58240
INFO 2025-12-25 06:19:27,549 views Ajout de la note: Kouang Wafo, Anglais, SN (note: 13)
INFO 2025-12-25 06:19:27,579 basehttp "POST /enregistrer-notes/ HTTP/1.1" 200 66
INFO 2025-12-25 06:19:44,551 basehttp "POST /enregistrer-notes/ HTTP/1.1" 200 66
INFO 2025-12-25 06:21:18,961 basehttp "POST /enregistrer-notes/ HTTP/1.1" 200 66
INFO 2025-12-25 06:41:12,742 autoreload Watching for file changes with StatReloader
INFO 2025-12-25 06:41:20,962 basehttp "GET /home-page/administrateur/1 HTTP/1.1" 200 696
INFO 2025-12-25 06:42:17,809 basehttp "GET /edit-page/administrateur/1 HTTP/1.1" 200 58240
INFO 2025-12-25 06:42:30,743 views Suppression de la note: Dzeuffo Tadong, initiation á  MATLAB, CC (ancienne note: 15.0)
INFO 2025-12-25 06:42:30,767 basehttp "POST /enregistrer-notes-etudiant/ HTTP/1.1" 200 73
WARNING 2025-12-25 06:42:36,368 log Not Found: /.well-known/appspecific/com.chrome.devtools.json
WARNING 2025-12-25 06:42:36,369 basehttp "GET /.well-known/appspecific/com.chrome.devtools.json HTTP/1.1" 404 3869
INFO 2025-12-25 06:44:16,733 basehttp "GET /edit-page/administrateur/1 HTTP/1.1" 200 58240
WARNING 2025-12-25 06:44:16,802 log Not Found: /.well-known/appspecific/com.chrome.devtools.json
WARNING 2025-12-25 06:44:16,804 basehttp "GET /.well-known/appspecific/com.chrome.devtools.json HTTP/1.1" 404 3869
INFO 2025-12-25 06:44:33,500 views Modification de la note: Kouang Wafo, Analyse 4, SN (ancienne note: 6.5 => Nouvelle note: 5)
INFO 2025-12-25 06:44:33,515 views Modification de la note: Maeva Franne, Analyse 4, SN (ancienne note: 3.0 => Nouvelle note: 13)
INFO 2025-12-25 06:44:33,540 basehttp "POST /enregistrer-notes/ HTTP/1.1" 200 68
INFO 2025-12-25 06:44:42,136 basehttp "GET /edit-page/administrateur/1 HTTP/1.1" 200 58241
INFO 2025-12-25 06:45:17,066 views Suppression de la note: Ngoho Tchebe, Analyse 4, SN (ancienne note: 0.0)
INFO 2025-12-25 06:45:17,087 basehttp "POST /enregistrer-notes/ HTTP/1.1" 200 68
WARNING 2025-12-25 06:45:27,707 log Not Found: /.well-known/appspecific/com.chrome.devtools.json
WARNING 2025-12-25 06:45:27,710 basehttp "GET /.well-known/appspecific/com.chrome.devtools.json HTTP/1.1" 404 3869
INFO 2025-12-25 06:45:46,054 views Suppression de la note: Djeufack Kafack, Programmation structurée, CC (ancienne note: 19.0)
INFO 2025-12-25 06:45:46,068 views Modification de la note: Djeufack Kafack, Projet tuteuré, CC (ancienne note: 17.0 => Nouvelle note: 18)
INFO 2025-12-25 06:45:46,081 basehttp "POST /enregistrer-notes-etudiant/ HTTP/1.1" 200 74
WARNING 2025-12-25 06:45:50,455 log Not Found: /.well-known/appspecific/com.chrome.devtools.json
WARNING 2025-12-25 06:45:50,457 basehttp "GET /.well-known/appspecific/com.chrome.devtools.json HTTP/1.1" 404 3869
INFO 2025-12-25 06:46:23,356 basehttp "GET /edit-page/administrateur/1 HTTP/1.1" 200 58242
INFO 2025-12-25 06:46:23,488 basehttp "GET /static/studentManagerApp/JS/edit-page.js HTTP/1.1" 200 15936
INFO 2025-12-25 06:46:26,209 basehttp "GET /home-page/administrateur/1 HTTP/1.1" 200 696
INFO 2025-12-25 06:46:27,669 basehttp "GET /edit-page/administrateur/1 HTTP/1.1" 200 58242
INFO 2025-12-25 06:47:03,369 views Ajout de la note: Dzeuffo Tadong, initiation á  MATLAB, CC (note: 12)
INFO 2025-12-25 06:47:03,386 basehttp "POST /enregistrer-notes-etudiant/ HTTP/1.1" 200 73
WARNING 2025-12-25 06:47:09,554 log Not Found: /.well-known/appspecific/com.chrome.devtools.json
WARNING 2025-12-25 06:47:09,556 basehttp "GET /.well-known/appspecific/com.chrome.devtools.json HTTP/1.1" 404 3869
INFO 2025-12-25 07:00:29,032 basehttp "GET /tableau-notes/administrateur/1 HTTP/1.1" 200 56430
INFO 2025-12-25 07:00:39,293 basehttp "GET /admin/ HTTP/1.1" 302 0
INFO 2025-12-25 07:00:39,381 basehttp "GET /admin/login/?next=/admin/ HTTP/1.1" 200 4173
INFO 2025-12-25 07:00:52,634 basehttp "POST /admin/login/?next=/admin/ HTTP/1.1" 302 0
INFO 2025-12-25 07:00:52,683 basehttp "GET /admin/ HTTP/1.1" 200 15193
INFO 2025-12-25 07:00:56,674 basehttp "GET /admin/studentManagerApp/sessionutilisateur/ HTTP/1.1" 200 28380
INFO 2025-12-25 07:00:56,759 basehttp "GET /admin/jsi18n/ HTTP/1.1" 200 3342
INFO 2025-12-25 07:12:27,696 basehttp "GET /edit-page/administrateur/1 HTTP/1.1" 200 58242
INFO 2025-12-25 07:12:27,979 basehttp "GET /static/studentManagerApp/JS/edit-page.js HTTP/1.1" 200 16005
INFO 2025-12-25 07:12:41,645 basehttp "POST /enregistrer-notes-etudiant/ HTTP/1.1" 200 73
WARNING 2025-12-25 07:12:47,739 log Not Found: /.well-known/appspecific/com.chrome.devtools.json
WARNING 2025-12-25 07:12:47,740 basehttp "GET /.well-known/appspecific/com.chrome.devtools.json HTTP/1.1" 404 3869
INFO 2025-12-25 07:24:44,548 basehttp "POST /enregistrer-notes-etudiant/ HTTP/1.1" 200 73
WARNING 2025-12-25 07:24:49,743 log Not Found: /.well-known/appspecific/com.chrome.devtools.json
WARNING 2025-12-25 07:24:49,744 basehttp "GET /.well-known/appspecific/com.chrome.devtools.json HTTP/1.1" 404 3869
INFO 2025-12-25 07:24:59,152 basehttp "GET /edit-page/administrateur/1 HTTP/1.1" 200 58242
INFO 2025-12-25 07:24:59,182 basehttp "GET /static/studentManagerApp/JS/edit-page.js HTTP/1.1" 200 16255
INFO 2025-12-25 07:25:00,209 basehttp "GET /edit-page/administrateur/1 HTTP/1.1" 200 58242
INFO 2025-12-25 07:25:30,371 views Ajout de la note: Dzeuffo Tadong, Programmation structurée, CC (note: 12)
INFO 2025-12-25 07:25:30,392 basehttp "POST /enregistrer-notes-etudiant/ HTTP/1.1" 200 73
WARNING 2025-12-25 07:25:34,854 log Not Found: /.well-known/appspecific/com.chrome.devtools.json
WARNING 2025-12-25 07:25:34,855 basehttp "GET /.well-known/appspecific/com.chrome.devtools.json HTTP/1.1" 404 3869
INFO 2025-12-25 07:25:55,266 views Modification de la note: Dzeuffo Tadong, Anglais, CC (ancienne note: 18.0 => Nouvelle note: 19)
INFO 2025-12-25 07:25:55,302 basehttp "POST /enregistrer-notes-etudiant/ HTTP/1.1" 200 73
WARNING 2025-12-25 07:25:59,736 log Not Found: /.well-known/appspecific/com.chrome.devtools.json
WARNING 2025-12-25 07:25:59,737 basehttp "GET /.well-known/appspecific/com.chrome.devtools.json HTTP/1.1" 404 3869
INFO 2025-12-25 07:26:22,037 basehttp "GET /edit-page/administrateur/1 HTTP/1.1" 200 58242
INFO 2025-12-25 07:26:22,070 basehttp "GET /static/studentManagerApp/JS/edit-page.js HTTP/1.1" 304 0
INFO 2025-12-25 07:26:40,825 views Modification de la note: Tchounkeu Ngia, initiation á  MATLAB, CC (ancienne note: 12.0 => Nouvelle note: 13)
INFO 2025-12-25 07:26:40,845 views Modification de la note: Tchounkeu Ngia, Mécanique Vibratoire, CC (ancienne note: 11.0 => Nouvelle note: 12)
INFO 2025-12-25 07:26:40,853 basehttp "POST /enregistrer-notes-etudiant/ HTTP/1.1" 200 73
WARNING 2025-12-25 07:26:45,103 log Not Found: /.well-known/appspecific/com.chrome.devtools.json
WARNING 2025-12-25 07:26:45,104 basehttp "GET /.well-known/appspecific/com.chrome.devtools.json HTTP/1.1" 404 3869
INFO 2025-12-25 07:28:45,809 basehttp "GET /edit-page/administrateur/1 HTTP/1.1" 200 58242
INFO 2025-12-25 07:28:45,841 basehttp "GET /static/studentManagerApp/JS/edit-page.js HTTP/1.1" 200 16557
INFO 2025-12-25 07:29:00,330 views Modification de la note: Djeufack Kafack, ATM 2, CC (ancienne note: 16.0 => Nouvelle note: 17)
INFO 2025-12-25 07:29:00,373 basehttp "POST /enregistrer-notes/ HTTP/1.1" 200 64
WARNING 2025-12-25 07:29:05,991 log Not Found: /.well-known/appspecific/com.chrome.devtools.json
WARNING 2025-12-25 07:29:05,992 basehttp "GET /.well-known/appspecific/com.chrome.devtools.json HTTP/1.1" 404 3869
INFO 2025-12-25 07:29:28,415 views Ajout de la note: Dzeuffo Tadong, Programmation structurée, SN (note: 12)
INFO 2025-12-25 07:29:28,440 basehttp "POST /enregistrer-notes-etudiant/ HTTP/1.1" 200 73
WARNING 2025-12-25 07:29:33,803 log Not Found: /.well-known/appspecific/com.chrome.devtools.json
WARNING 2025-12-25 07:29:33,804 basehttp "GET /.well-known/appspecific/com.chrome.devtools.json HTTP/1.1" 404 3869
INFO 2025-12-25 07:33:35,667 views Ajout de la note: Dzeuffo Tadong, Projet tuteuré, SN (note: 12)
INFO 2025-12-25 07:33:35,710 basehttp "POST /enregistrer-notes/ HTTP/1.1" 200 78
INFO 2025-12-25 07:33:51,728 views Modification de la note: Dzeuffo Tadong, Projet tuteuré, SN (ancienne note: 12.0 => Nouvelle note: 13)
INFO 2025-12-25 07:33:51,751 basehttp "POST /enregistrer-notes-etudiant/ HTTP/1.1" 200 73
INFO 2025-12-25 08:09:55,660 autoreload Watching for file changes with StatReloader
INFO 2025-12-25 08:10:00,134 basehttp "GET / HTTP/1.1" 302 0
INFO 2025-12-25 08:10:00,187 basehttp "GET /home-page/administrateur/1 HTTP/1.1" 200 696
INFO 2025-12-25 08:10:12,832 basehttp "GET /edit-page/administrateur/1 HTTP/1.1" 200 58242
INFO 2025-12-25 08:10:26,602 views Modification de la note: Djeufack Kafack, Anglais, CC (ancienne note: 18.0 => Nouvelle note: 20)
INFO 2025-12-25 08:10:26,642 basehttp "POST /enregistrer-notes-etudiant/ HTTP/1.1" 200 74
INFO 2025-12-25 08:12:13,911 basehttp "POST /enregistrer-notes-etudiant/ HTTP/1.1" 200 74
INFO 2025-12-25 08:12:44,293 basehttp "GET /edit-page/administrateur/1 HTTP/1.1" 200 58242
INFO 2025-12-25 08:13:23,168 basehttp "GET / HTTP/1.1" 200 955
INFO 2025-12-25 08:13:33,517 views Connexion réussie de l'utilisateur Djeufack Kafack (administrateur).
INFO 2025-12-25 08:13:33,518 basehttp "POST / HTTP/1.1" 302 0
INFO 2025-12-25 08:13:33,532 basehttp "GET /home-page/administrateur/1 HTTP/1.1" 200 696
INFO 2025-12-25 08:13:35,089 basehttp "GET /edit-page/administrateur/1 HTTP/1.1" 200 58242
INFO 2025-12-25 08:13:35,234 basehttp "GET /static/studentManagerApp/JS/edit-page.js HTTP/1.1" 200 16205
INFO 2025-12-25 08:14:14,208 views Modification de la note: Djeufack Kafack, Analyse 4, SN (ancienne note: 17.5 => Nouvelle note: 20)
INFO 2025-12-25 08:14:14,257 basehttp "POST /enregistrer-notes-etudiant/ HTTP/1.1" 200 74
INFO 2025-12-25 08:15:06,463 basehttp "GET /admin/login/?next=/admin/ HTTP/1.1" 200 4173
INFO 2025-12-25 08:15:06,504 basehttp "GET /static/admin/css/base.css HTTP/1.1" 200 22120
INFO 2025-12-25 08:15:06,521 basehttp "GET /static/admin/css/dark_mode.css HTTP/1.1" 200 2808
INFO 2025-12-25 08:15:06,523 basehttp "GET /static/admin/css/nav_sidebar.css HTTP/1.1" 200 2810
INFO 2025-12-25 08:15:06,524 basehttp "GET /static/admin/js/theme.js HTTP/1.1" 200 1653
INFO 2025-12-25 08:15:06,525 basehttp "GET /static/admin/css/login.css HTTP/1.1" 200 951
INFO 2025-12-25 08:15:06,527 basehttp "GET /static/admin/css/responsive.css HTTP/1.1" 200 16565
INFO 2025-12-25 08:15:06,543 basehttp "GET /static/admin/js/nav_sidebar.js HTTP/1.1" 200 3063
INFO 2025-12-25 08:15:23,616 basehttp "POST /admin/login/?next=/admin/ HTTP/1.1" 302 0
INFO 2025-12-25 08:15:23,670 basehttp "GET /admin/ HTTP/1.1" 200 15193
INFO 2025-12-25 08:15:23,712 basehttp "GET /static/admin/css/dashboard.css HTTP/1.1" 200 441
INFO 2025-12-25 08:15:23,721 basehttp "GET /static/admin/img/icon-addlink.svg HTTP/1.1" 200 331
INFO 2025-12-25 08:15:23,723 basehttp "GET /static/admin/img/icon-deletelink.svg HTTP/1.1" 200 392
INFO 2025-12-25 08:15:23,724 basehttp "GET /static/admin/img/icon-changelink.svg HTTP/1.1" 200 380
INFO 2025-12-25 08:15:26,917 basehttp "GET /admin/studentManagerApp/administrateur/ HTTP/1.1" 200 14920
INFO 2025-12-25 08:15:26,955 basehttp "GET /static/admin/css/changelists.css HTTP/1.1" 200 6878
INFO 2025-12-25 08:15:26,976 basehttp "GET /static/admin/js/jquery.init.js HTTP/1.1" 200 347
INFO 2025-12-25 08:15:26,976 basehttp "GET /static/admin/js/admin/RelatedObjectLookups.js HTTP/1.1" 200 9777
INFO 2025-12-25 08:15:26,977 basehttp "GET /static/admin/js/core.js HTTP/1.1" 200 6208
INFO 2025-12-25 08:15:26,987 basehttp "GET /static/admin/js/actions.js HTTP/1.1" 200 8076
INFO 2025-12-25 08:15:26,992 basehttp "GET /static/admin/js/urlify.js HTTP/1.1" 200 7887
INFO 2025-12-25 08:15:26,994 basehttp "GET /static/admin/js/prepopulate.js HTTP/1.1" 200 1531
INFO 2025-12-25 08:15:26,997 basehttp "GET /admin/jsi18n/ HTTP/1.1" 200 3342
INFO 2025-12-25 08:15:27,002 basehttp "GET /static/admin/js/vendor/jquery/jquery.js HTTP/1.1" 200 285314
INFO 2025-12-25 08:15:27,006 basehttp "GET /static/admin/js/vendor/xregexp/xregexp.js HTTP/1.1" 200 325171
INFO 2025-12-25 08:15:27,010 basehttp "GET /static/admin/js/filters.js HTTP/1.1" 200 978
INFO 2025-12-25 08:15:27,047 basehttp "GET /static/admin/img/tooltag-add.svg HTTP/1.1" 200 331
INFO 2025-12-25 08:15:27,049 basehttp "GET /static/admin/img/sorting-icons.svg HTTP/1.1" 200 1097
INFO 2025-12-25 08:15:27,049 basehttp "GET /static/admin/img/icon-viewlink.svg HTTP/1.1" 200 581
INFO 2025-12-25 08:15:29,362 basehttp "GET /admin/studentManagerApp/enseignant/ HTTP/1.1" 200 14953
INFO 2025-12-25 08:15:29,402 basehttp "GET /admin/jsi18n/ HTTP/1.1" 200 3342
INFO 2025-12-25 08:15:30,861 basehttp "GET /admin/studentManagerApp/etudiant/ HTTP/1.1" 302 0
INFO 2025-12-25 08:15:30,877 basehttp "GET /admin/login/?next=/admin/studentManagerApp/etudiant/ HTTP/1.1" 200 4227
INFO 2025-12-25 08:17:12,977 basehttp "POST /admin/login/?next=/admin/studentManagerApp/etudiant/ HTTP/1.1" 302 0
INFO 2025-12-25 08:17:13,018 basehttp "GET /admin/studentManagerApp/etudiant/ HTTP/1.1" 200 17144
INFO 2025-12-25 08:17:13,091 basehttp "GET /admin/jsi18n/ HTTP/1.1" 200 3342
INFO 2025-12-25 08:17:21,247 basehttp "GET /admin/studentManagerApp/evaluation/ HTTP/1.1" 302 0
INFO 2025-12-25 08:17:21,263 basehttp "GET /admin/login/?next=/admin/studentManagerApp/evaluation/ HTTP/1.1" 200 4231
INFO 2025-12-25 08:17:47,706 basehttp "POST /admin/login/?next=/admin/studentManagerApp/evaluation/ HTTP/1.1" 302 0
INFO 2025-12-25 08:17:47,768 basehttp "GET /admin/studentManagerApp/evaluation/ HTTP/1.1" 200 21609
INFO 2025-12-25 08:17:47,830 basehttp "GET /admin/jsi18n/ HTTP/1.1" 200 3342
INFO 2025-12-25 08:17:50,436 basehttp "GET /admin/studentManagerApp/evaluation/4/change/ HTTP/1.1" 200 15904
INFO 2025-12-25 08:17:50,475 basehttp "GET /static/admin/css/forms.css HTTP/1.1" 200 8525
INFO 2025-12-25 08:17:50,493 basehttp "GET /admin/jsi18n/ HTTP/1.1" 200 3342
INFO 2025-12-25 08:17:50,495 basehttp "GET /static/admin/js/calendar.js HTTP/1.1" 200 9141
INFO 2025-12-25 08:17:50,495 basehttp "GET /static/admin/js/admin/DateTimeShortcuts.js HTTP/1.1" 200 19319
INFO 2025-12-25 08:17:50,495 basehttp "GET /static/admin/css/widgets.css HTTP/1.1" 200 11991
INFO 2025-12-25 08:17:50,499 basehttp "GET /static/admin/js/prepopulate_init.js HTTP/1.1" 200 586
INFO 2025-12-25 08:17:50,520 basehttp "GET /static/admin/js/change_form.js HTTP/1.1" 200 606
INFO 2025-12-25 08:17:50,574 basehttp "GET /static/admin/img/icon-calendar.svg HTTP/1.1" 200 1086
INFO 2025-12-25 08:17:53,867 basehttp "GET /admin/studentManagerApp/evaluation/ HTTP/1.1" 200 21609
INFO 2025-12-25 08:17:56,515 basehttp "GET /admin/studentManagerApp/evaluation/6/change/ HTTP/1.1" 302 0
INFO 2025-12-25 08:17:56,533 basehttp "GET /admin/login/?next=/admin/studentManagerApp/evaluation/6/change/ HTTP/1.1" 200 4249
INFO 2025-12-25 08:18:00,992 basehttp "GET /admin/studentManagerApp/evaluation/ HTTP/1.1" 302 0
INFO 2025-12-25 08:18:01,006 basehttp "GET /admin/login/?next=/admin/studentManagerApp/evaluation/ HTTP/1.1" 200 4231
INFO 2025-12-25 08:18:15,134 basehttp "POST /admin/login/?next=/admin/studentManagerApp/evaluation/ HTTP/1.1" 302 0
INFO 2025-12-25 08:18:15,180 basehttp "GET /admin/studentManagerApp/evaluation/ HTTP/1.1" 200 21609
INFO 2025-12-25 08:18:15,251 basehttp "GET /admin/jsi18n/ HTTP/1.1" 200 3342
INFO 2025-12-25 08:18:27,378 basehttp "GET /admin/studentManagerApp/etudiant/ HTTP/1.1" 302 0
INFO 2025-12-25 08:18:27,396 basehttp "GET /admin/login/?next=/admin/studentManagerApp/etudiant/ HTTP/1.1" 200 4227
INFO 2025-12-25 08:18:40,056 basehttp "POST /admin/login/?next=/admin/studentManagerApp/etudiant/ HTTP/1.1" 302 0
INFO 2025-12-25 08:18:40,101 basehttp "GET /admin/studentManagerApp/etudiant/ HTTP/1.1" 200 17144
INFO 2025-12-25 08:18:40,147 basehttp "GET /admin/jsi18n/ HTTP/1.1" 200 3342
INFO 2025-12-25 08:18:47,872 basehttp "GET /admin/studentManagerApp/evaluation/ HTTP/1.1" 302 0
INFO 2025-12-25 08:18:47,887 basehttp "GET /admin/login/?next=/admin/studentManagerApp/evaluation/ HTTP/1.1" 200 4231
INFO 2025-12-25 08:19:45,488 basehttp "GET /admin/login/?next=/admin/ HTTP/1.1" 200 4173
INFO 2025-12-25 08:19:56,460 basehttp "POST /admin/login/?next=/admin/ HTTP/1.1" 302 0
INFO 2025-12-25 08:19:56,488 basehttp "GET /admin/ HTTP/1.1" 200 15193
INFO 2025-12-25 08:20:09,508 basehttp "GET /admin/studentManagerApp/etudiant/ HTTP/1.1" 302 0
INFO 2025-12-25 08:20:09,534 basehttp "GET /admin/login/?next=/admin/studentManagerApp/etudiant/ HTTP/1.1" 200 4227
INFO 2025-12-25 08:27:43,176 autoreload Watching for file changes with StatReloader
INFO 2025-12-25 08:27:48,783 basehttp "GET / HTTP/1.1" 302 0
INFO 2025-12-25 08:27:48,813 basehttp "GET /home-page/administrateur/1 HTTP/1.1" 200 696
INFO 2025-12-25 08:27:54,129 basehttp "GET /admin/login/?next=/admin/studentManagerApp/etudiant/ HTTP/1.1" 200 4227
INFO 2025-12-25 08:28:08,016 basehttp "POST /admin/login/?next=/admin/studentManagerApp/etudiant/ HTTP/1.1" 302 0
INFO 2025-12-25 08:28:08,090 basehttp "GET /admin/studentManagerApp/etudiant/ HTTP/1.1" 200 17144
INFO 2025-12-25 08:28:08,182 basehttp "GET /admin/jsi18n/ HTTP/1.1" 200 3342
INFO 2025-12-25 08:28:11,955 basehttp "GET /admin/studentManagerApp/enseignant/ HTTP/1.1" 200 14953
INFO 2025-12-25 08:28:12,021 basehttp "GET /admin/jsi18n/ HTTP/1.1" 200 3342
INFO 2025-12-25 08:28:13,115 basehttp "GET /admin/studentManagerApp/etudiant/ HTTP/1.1" 200 17144
INFO 2025-12-25 08:28:13,177 basehttp "GET /admin/jsi18n/ HTTP/1.1" 200 3342
INFO 2025-12-25 08:28:15,808 basehttp "GET /admin/studentManagerApp/evaluation/ HTTP/1.1" 200 21609
INFO 2025-12-25 08:28:15,872 basehttp "GET /admin/jsi18n/ HTTP/1.1" 200 3342
INFO 2025-12-25 08:28:16,840 basehttp "GET /admin/studentManagerApp/matiere/ HTTP/1.1" 200 18410
INFO 2025-12-25 08:28:16,909 basehttp "GET /admin/jsi18n/ HTTP/1.1" 200 3342
INFO 2025-12-25 08:28:17,958 basehttp "GET /admin/studentManagerApp/note/ HTTP/1.1" 200 58554
INFO 2025-12-25 08:28:18,031 basehttp "GET /admin/jsi18n/ HTTP/1.1" 200 3342
INFO 2025-12-25 08:28:20,010 basehttp "GET /admin/studentManagerApp/sessionutilisateur/ HTTP/1.1" 200 28887
INFO 2025-12-25 08:28:20,079 basehttp "GET /admin/jsi18n/ HTTP/1.1" 200 3342
INFO 2025-12-25 08:28:22,575 basehttp "GET /admin/studentManagerApp/note/ HTTP/1.1" 200 58554
INFO 2025-12-25 08:28:22,642 basehttp "GET /admin/jsi18n/ HTTP/1.1" 200 3342
INFO 2025-12-25 08:28:24,594 basehttp "GET /admin/studentManagerApp/matiere/ HTTP/1.1" 200 18410
INFO 2025-12-25 08:28:24,664 basehttp "GET /admin/jsi18n/ HTTP/1.1" 200 3342
INFO 2025-12-25 08:28:26,118 basehttp "GET /admin/studentManagerApp/evaluation/ HTTP/1.1" 200 21609
INFO 2025-12-25 08:28:26,186 basehttp "GET /admin/jsi18n/ HTTP/1.1" 200 3342
INFO 2025-12-25 08:29:05,012 basehttp "GET / HTTP/1.1" 200 955
INFO 2025-12-25 08:29:38,186 views Connexion réussie de l'utilisateur Djeufack Kafack (administrateur).
INFO 2025-12-25 08:29:38,188 basehttp "POST / HTTP/1.1" 302 0
INFO 2025-12-25 08:29:38,200 basehttp "GET /home-page/administrateur/1 HTTP/1.1" 200 696
INFO 2025-12-25 08:30:01,559 basehttp "GET /admin/studentManagerApp/administrateur/ HTTP/1.1" 200 14920
INFO 2025-12-25 08:30:01,655 basehttp "GET /admin/jsi18n/ HTTP/1.1" 200 3342
INFO 2025-12-25 08:30:04,816 basehttp "GET /admin/studentManagerApp/sessionutilisateur/ HTTP/1.1" 200 29394
INFO 2025-12-25 08:30:04,898 basehttp "GET /admin/jsi18n/ HTTP/1.1" 200 3342
INFO 2025-12-25 08:30:46,199 basehttp "POST /admin/studentManagerApp/sessionutilisateur/ HTTP/1.1" 200 17061
INFO 2025-12-25 08:30:46,364 basehttp "GET /static/admin/js/cancel.js HTTP/1.1" 200 884
INFO 2025-12-25 08:30:49,473 basehttp "POST /admin/studentManagerApp/sessionutilisateur/ HTTP/1.1" 302 0
INFO 2025-12-25 08:30:49,507 basehttp "GET /admin/studentManagerApp/sessionutilisateur/ HTTP/1.1" 200 12421
INFO 2025-12-25 08:30:49,587 basehttp "GET /admin/jsi18n/ HTTP/1.1" 200 3342
INFO 2025-12-25 08:30:49,632 basehttp "GET /static/admin/img/icon-yes.svg HTTP/1.1" 200 436
INFO 2025-12-25 08:30:59,621 basehttp "GET / HTTP/1.1" 200 955
INFO 2025-12-25 08:31:11,118 views Connexion réussie de l'utilisateur Djeufack Kafack (administrateur).
INFO 2025-12-25 08:31:11,120 basehttp "POST / HTTP/1.1" 302 0
INFO 2025-12-25 08:31:11,140 basehttp "GET /home-page/administrateur/1 HTTP/1.1" 200 696
INFO 2025-12-25 08:31:12,775 basehttp "GET /edit-page/administrateur/1 HTTP/1.1" 200 58242
INFO 2025-12-25 08:31:17,398 basehttp "GET /tableau-notes/administrateur/1 HTTP/1.1" 200 56447
INFO 2025-12-25 08:31:24,418 views Déconnexion réussie de l'utilisateur Djeufack Kafack (administrateur).
INFO 2025-12-25 08:31:24,429 basehttp "GET /log-out HTTP/1.1" 302 0
INFO 2025-12-25 08:31:24,443 basehttp "GET / HTTP/1.1" 200 955
INFO 2025-12-25 08:31:42,433 views Connexion réussie de l'utilisateur Tambou (enseignant).
INFO 2025-12-25 08:31:42,434 basehttp "POST / HTTP/1.1" 302 0
INFO 2025-12-25 08:31:42,453 basehttp "GET /home-page/enseignant/7 HTTP/1.1" 200 671
INFO 2025-12-25 08:31:45,787 basehttp "GET /edit-page/enseignant/7 HTTP/1.1" 200 20052
INFO 2025-12-25 08:32:02,876 views Ajout de la note: Djeufack Kafack, Programmation structurée, CC (note: 20)
INFO 2025-12-25 08:32:02,894 basehttp "POST /enregistrer-notes-etudiant/ HTTP/1.1" 200 74
INFO 2025-12-25 08:32:40,386 basehttp "POST /enregistrer-notes-etudiant/ HTTP/1.1" 200 74
WARNING 2025-12-25 08:32:48,313 log Not Found: /.well-known/appspecific/com.chrome.devtools.json
WARNING 2025-12-25 08:32:48,315 basehttp "GET /.well-known/appspecific/com.chrome.devtools.json HTTP/1.1" 404 3869
INFO 2025-12-25 08:33:17,189 basehttp "GET / HTTP/1.1" 200 955
INFO 2025-12-25 08:33:24,412 basehttp "GET /admin/login/?next=/admin/ HTTP/1.1" 200 4173
INFO 2025-12-25 08:33:24,465 basehttp "GET /static/admin/css/base.css HTTP/1.1" 200 22120
INFO 2025-12-25 08:33:24,479 basehttp "GET /static/admin/css/dark_mode.css HTTP/1.1" 200 2808
INFO 2025-12-25 08:33:24,484 basehttp "GET /static/admin/js/theme.js HTTP/1.1" 200 1653
INFO 2025-12-25 08:33:24,484 basehttp "GET /static/admin/css/login.css HTTP/1.1" 200 951
INFO 2025-12-25 08:33:24,486 basehttp "GET /static/admin/css/responsive.css HTTP/1.1" 200 16565
INFO 2025-12-25 08:33:24,488 basehttp "GET /static/admin/css/nav_sidebar.css HTTP/1.1" 200 2810
INFO 2025-12-25 08:33:24,502 basehttp "GET /static/admin/js/nav_sidebar.js HTTP/1.1" 200 3063
INFO 2025-12-25 08:33:39,282 basehttp "POST /admin/login/?next=/admin/ HTTP/1.1" 302 0
INFO 2025-12-25 08:33:39,309 basehttp "GET /admin/ HTTP/1.1" 200 14861
INFO 2025-12-25 08:33:39,362 basehttp "GET /static/admin/css/dashboard.css HTTP/1.1" 200 441
INFO 2025-12-25 08:33:39,378 basehttp "GET /static/admin/img/icon-changelink.svg HTTP/1.1" 200 380
INFO 2025-12-25 08:33:39,378 basehttp "GET /static/admin/img/icon-addlink.svg HTTP/1.1" 200 331
INFO 2025-12-25 08:33:39,379 basehttp "GET /static/admin/img/icon-deletelink.svg HTTP/1.1" 200 392
INFO 2025-12-25 08:33:42,343 basehttp "GET /admin/studentManagerApp/administrateur/ HTTP/1.1" 200 14920
INFO 2025-12-25 08:33:42,384 basehttp "GET /static/admin/css/changelists.css HTTP/1.1" 200 6878
INFO 2025-12-25 08:33:42,403 basehttp "GET /static/admin/js/core.js HTTP/1.1" 200 6208
INFO 2025-12-25 08:33:42,404 basehttp "GET /static/admin/js/admin/RelatedObjectLookups.js HTTP/1.1" 200 9777
INFO 2025-12-25 08:33:42,405 basehttp "GET /static/admin/js/jquery.init.js HTTP/1.1" 200 347
INFO 2025-12-25 08:33:42,411 basehttp "GET /static/admin/js/actions.js HTTP/1.1" 200 8076
INFO 2025-12-25 08:33:42,419 basehttp "GET /static/admin/js/prepopulate.js HTTP/1.1" 200 1531
INFO 2025-12-25 08:33:42,424 basehttp "GET /static/admin/js/urlify.js HTTP/1.1" 200 7887
INFO 2025-12-25 08:33:42,426 basehttp "GET /admin/jsi18n/ HTTP/1.1" 200 3342
INFO 2025-12-25 08:33:42,431 basehttp "GET /static/admin/js/vendor/jquery/jquery.js HTTP/1.1" 200 285314
INFO 2025-12-25 08:33:42,434 basehttp "GET /static/admin/js/vendor/xregexp/xregexp.js HTTP/1.1" 200 325171
INFO 2025-12-25 08:33:42,444 basehttp "GET /static/admin/js/filters.js HTTP/1.1" 200 978
INFO 2025-12-25 08:33:42,478 basehttp "GET /static/admin/img/tooltag-add.svg HTTP/1.1" 200 331
INFO 2025-12-25 08:33:42,480 basehttp "GET /static/admin/img/sorting-icons.svg HTTP/1.1" 200 1097
INFO 2025-12-25 08:33:42,481 basehttp "GET /static/admin/img/icon-viewlink.svg HTTP/1.1" 200 581
INFO 2025-12-25 08:33:44,932 basehttp "GET /admin/studentManagerApp/enseignant/ HTTP/1.1" 200 14953
INFO 2025-12-25 08:33:44,983 basehttp "GET /admin/jsi18n/ HTTP/1.1" 200 3342
INFO 2025-12-25 08:33:47,779 basehttp "GET /admin/studentManagerApp/matiere/ HTTP/1.1" 200 18410
INFO 2025-12-25 08:33:47,826 basehttp "GET /admin/jsi18n/ HTTP/1.1" 200 3342
INFO 2025-12-25 08:33:52,030 basehttp "GET /admin/studentManagerApp/sessionutilisateur/ HTTP/1.1" 200 15182
INFO 2025-12-25 08:33:52,074 basehttp "GET /admin/jsi18n/ HTTP/1.1" 200 3342
WARNING 2025-12-25 08:34:16,357 log Forbidden (CSRF token from POST incorrect.): /
WARNING 2025-12-25 08:34:16,359 basehttp "POST / HTTP/1.1" 403 2503
WARNING 2025-12-25 08:34:24,804 log Forbidden (CSRF token from POST incorrect.): /
WARNING 2025-12-25 08:34:24,805 basehttp "POST / HTTP/1.1" 403 2503
INFO 2025-12-25 08:34:53,324 basehttp "GET /home-page/administrateur/1 HTTP/1.1" 200 696
INFO 2025-12-25 08:34:54,188 basehttp "GET /home-page/administrateur/1 HTTP/1.1" 200 696
INFO 2025-12-25 08:34:55,443 basehttp "GET /edit-page/administrateur/1 HTTP/1.1" 200 58242
INFO 2025-12-25 08:34:55,482 basehttp "GET /static/studentManagerApp/JS/edit-page.js HTTP/1.1" 200 16205
ERROR 2025-12-25 08:34:56,525 log Internal Server Error: /log-out
Traceback (most recent call last):
  File "C:\Users\arold\OneDrive\Desktop\Projets\projetsDjango\studentManager\.venv\Lib\site-packages\django\core\handlers\exception.py", line 55, in inner
    response = get_response(request)
  File "C:\Users\arold\OneDrive\Desktop\Projets\projetsDjango\studentManager\.venv\Lib\site-packages\django\core\handlers\base.py", line 197, in _get_response
    response = wrapped_callback(request, *callback_args, **callback_kwargs)
  File "C:\Users\arold\OneDrive\Desktop\Projets\projetsDjango\studentManager\studentManager\studentManagerApp\views.py", line 409, in log_out_view
    session_utilisateur = SessionUtilisateur.objects.get(token_session = token)
  File "C:\Users\arold\OneDrive\Desktop\Projets\projetsDjango\studentManager\.venv\Lib\site-packages\django\db\models\manager.py", line 87, in manager_method
    return getattr(self.get_queryset(), name)(*args, **kwargs)
           ~~~~~~~~~~~~~~~~~~~~~~~~~~~~~~~~~~^^^^^^^^^^^^^^^^^
  File "C:\Users\arold\OneDrive\Desktop\Projets\projetsDjango\studentManager\.venv\Lib\site-packages\django\db\models\query.py", line 633, in get
    raise self.model.DoesNotExist(
        "%s matching query does not exist." % self.model._meta.object_name
    )
studentManagerApp.models.SessionUtilisateur.DoesNotExist: SessionUtilisateur matching query does not exist.
ERROR 2025-12-25 08:34:56,536 basehttp "GET /log-out HTTP/1.1" 500 80406
INFO 2025-12-25 08:35:08,385 basehttp "GET / HTTP/1.1" 200 955
INFO 2025-12-25 08:35:19,831 views Connexion réussie de l'utilisateur Tambou (enseignant).
INFO 2025-12-25 08:35:19,832 basehttp "POST / HTTP/1.1" 302 0
INFO 2025-12-25 08:35:19,845 basehttp "GET /home-page/enseignant/7 HTTP/1.1" 200 671
INFO 2025-12-25 08:35:21,460 basehttp "GET /edit-page/enseignant/7 HTTP/1.1" 200 20052
INFO 2025-12-25 08:35:59,651 views Modification de la note: Djeufack Kafack, Programmation structurée, CC (ancienne note: 20.0 => Nouvelle note: 15)
INFO 2025-12-25 08:35:59,671 basehttp "POST /enregistrer-notes-etudiant/ HTTP/1.1" 200 74
INFO 2025-12-25 08:36:20,465 views Modification de la note: Djeufack Kafack, Programmation structurée, CC (ancienne note: 15.0 => Nouvelle note: 14)
INFO 2025-12-25 08:36:20,515 basehttp "POST /enregistrer-notes/ HTTP/1.1" 200 88
INFO 2025-12-25 08:37:35,747 views Déconnexion réussie de l'utilisateur Tambou (enseignant).
INFO 2025-12-25 08:37:35,763 basehttp "GET /log-out HTTP/1.1" 302 0
INFO 2025-12-25 08:37:35,773 basehttp "GET / HTTP/1.1" 200 955
INFO 2025-12-25 08:37:44,011 basehttp "GET /admin/studentManagerApp/sessionutilisateur/ HTTP/1.1" 200 15182
INFO 2025-12-25 08:37:44,086 basehttp "GET /admin/jsi18n/ HTTP/1.1" 200 3342
